[2026-09-28 01:39:57.836] [INF] [default] [c3-exo10_main.cpp:40 in nkmain] -> [window] : (312, 160)
[2026-09-28 01:39:57.836] [INF] [default] [button.h:33 in Button] -> [button] size : NkRectT[pos(1130, 10); size(40, 30)]
[2026-09-28 01:39:57.836] [INF] [default] [button.h:33 in Button] -> [button] size : NkRectT[pos(1060, 10); size(40, 30)]
[2026-09-28 01:39:57.836] [INF] [default] [button.h:33 in Button] -> [button] size : NkRectT[pos(1020, 10); size(40, 30)]
[2026-09-28 01:39:57.837] [INF] [default] [c3-exo10_main.cpp:43 in nkmain] -> [button] : RECT : (1130, 10) (1170, 40)
[2026-09-28 01:40:02.948] [INF] [default] [TitleBar.cpp:145 in Update] -> [follow mouse ok] : (733, 733)
[2026-09-28 01:40:03.242] [INF] [default] [TitleBar.cpp:165 in Update] -> [follow mouse ok] : (2.29964, 0.0407293)
[2026-09-28 01:40:03.246] [INF] [default] [TitleBar.cpp:165 in Update] -> [follow mouse ok] : (2.29959, 0.0436828)
[2026-09-28 01:40:03.248] [INF] [default] [TitleBar.cpp:165 in Update] -> [follow mouse ok] : (2.29959, 0.0436828)
[2026-09-28 01:40:03.255] [INF] [default] [TitleBar.cpp:165 in Update] -> [follow mouse ok] : (2.29958, 0.0437421)
[2026-09-28 01:40:03.263] [INF] [default] [TitleBar.cpp:165 in Update] -> [follow mouse ok] : (2.29959, 0.0436828)
[2026-09-28 01:40:03.265] [INF] [default] [TitleBar.cpp:165 in Update] -> [follow mouse ok] : (2.29958, 0.0438016)
[2026-09-28 01:40:03.269] [INF] [default] [TitleBar.cpp:165 in Update] -> [follow mouse ok] : (2.29958, 0.0437421)
[2026-09-28 01:40:03.276] [INF] [default] [TitleBar.cpp:165 in Update] -> [follow mouse ok] : (2.29958, 0.0438016)
[2026-09-28 01:40:03.280] [INF] [default] [TitleBar.cpp:165 in Update] -> [follow mouse ok] : (2.29958, 0.043921)
[2026-09-28 01:40:03.284] [INF] [default] [TitleBar.cpp:165 in Update] -> [follow mouse ok] : (2.29958, 0.043921)
[2026-09-28 01:40:03.290] [INF] [default] [TitleBar.cpp:165 in Update] -> [follow mouse ok] : (2.29958, 0.043921)
[2026-09-28 01:40:03.296] [INF] [default] [TitleBar.cpp:165 in Update] -> [follow mouse ok] : (2.29958, 0.0440412)
[2026-09-28 01:40:03.299] [INF] [default] [TitleBar.cpp:165 in Update] -> [follow mouse ok] : (2.29958, 0.043981)
[2026-09-28 01:40:03.304] [INF] [default] [TitleBar.cpp:165 in Update] -> [follow mouse ok] : (2.29958, 0.0440412)
[2026-09-28 01:40:03.310] [INF] [default] [TitleBar.cpp:165 in Update] -> [follow mouse ok] : (2.29958, 0.0440412)
[2026-09-28 01:40:03.312] [INF] [default] [TitleBar.cpp:165 in Update] -> [follow mouse ok] : (2.29958, 0.044162)
[2026-09-28 01:40:03.317] [INF] [default] [TitleBar.cpp:165 in Update] -> [follow mouse ok] : (2.29958, 0.0441015)
[2026-09-28 01:40:03.325] [INF] [default] [TitleBar.cpp:165 in Update] -> [follow mouse ok] : (2.29958, 0.0441015)
[2026-09-28 01:40:03.330] [INF] [default] [TitleBar.cpp:165 in Update] -> [follow mouse ok] : (2.29957, 0.0442226)
[2026-09-28 01:40:03.332] [INF] [default] [TitleBar.cpp:165 in Update] -> [follow mouse ok] : (2.29957, 0.0442834)
[2026-09-28 01:40:03.337] [INF] [default] [TitleBar.cpp:165 in Update] -> [follow mouse ok] : (2.29957, 0.0442834)
[2026-09-28 01:40:03.346] [INF] [default] [TitleBar.cpp:165 in Update] -> [follow mouse ok] : (2.29957, 0.0444055)
[2026-09-28 01:40:03.352] [INF] [default] [TitleBar.cpp:165 in Update] -> [follow mouse ok] : (2.29957, 0.0444055)
[2026-09-28 01:40:03.361] [INF] [default] [TitleBar.cpp:165 in Update] -> [follow mouse ok] : (2.29957, 0.0444668)
[2026-09-28 01:40:03.363] [INF] [default] [TitleBar.cpp:165 in Update] -> [follow mouse ok] : (2.29957, 0.04459)
[2026-09-28 01:40:03.373] [INF] [default] [TitleBar.cpp:165 in Update] -> [follow mouse ok] : (2.29957, 0.04459)
[2026-09-28 01:40:03.380] [INF] [default] [TitleBar.cpp:165 in Update] -> [follow mouse ok] : (2.29957, 0.0447138)
[2026-09-28 01:40:03.383] [INF] [default] [TitleBar.cpp:165 in Update] -> [follow mouse ok] : (2.29956, 0.0447759)
[2026-09-28 01:40:03.394] [INF] [default] [TitleBar.cpp:165 in Update] -> [follow mouse ok] : (2.29956, 0.0448383)
[2026-09-28 01:40:03.396] [INF] [default] [TitleBar.cpp:165 in Update] -> [follow mouse ok] : (2.29956, 0.0449635)
[2026-09-28 01:40:03.402] [INF] [default] [TitleBar.cpp:165 in Update] -> [follow mouse ok] : (2.29956, 0.0450263)
[2026-09-28 01:40:03.412] [INF] [default] [TitleBar.cpp:165 in Update] -> [follow mouse ok] : (2.29956, 0.0451526)
[2026-09-28 01:40:03.422] [INF] [default] [TitleBar.cpp:165 in Update] -> [follow mouse ok] : (2.29956, 0.045216)
[2026-09-28 01:40:03.429] [INF] [default] [TitleBar.cpp:165 in Update] -> [follow mouse ok] : (2.29955, 0.0452795)
[2026-09-28 01:40:03.431] [INF] [default] [TitleBar.cpp:165 in Update] -> [follow mouse ok] : (2.29955, 0.0454072)
[2026-09-28 01:40:03.443] [INF] [default] [TitleBar.cpp:165 in Update] -> [follow mouse ok] : (2.29955, 0.0454713)
[2026-09-28 01:40:03.446] [INF] [default] [TitleBar.cpp:165 in Update] -> [follow mouse ok] : (2.29955, 0.0456001)
[2026-09-28 01:40:03.463] [INF] [default] [TitleBar.cpp:165 in Update] -> [follow mouse ok] : (2.29955, 0.0457296)
[2026-09-28 01:40:03.465] [INF] [default] [TitleBar.cpp:165 in Update] -> [follow mouse ok] : (2.29954, 0.0457946)
[2026-09-28 01:40:03.471] [INF] [default] [TitleBar.cpp:165 in Update] -> [follow mouse ok] : (2.29954, 0.0458598)
[2026-09-28 01:40:03.479] [INF] [default] [TitleBar.cpp:165 in Update] -> [follow mouse ok] : (2.29954, 0.0459908)
[2026-09-28 01:40:03.485] [INF] [default] [TitleBar.cpp:165 in Update] -> [follow mouse ok] : (2.29947, 0.0494155)
[2026-09-28 01:40:03.491] [INF] [default] [TitleBar.cpp:165 in Update] -> [follow mouse ok] : (2.29947, 0.0494864)
[2026-09-28 01:40:03.495] [INF] [default] [TitleBar.cpp:165 in Update] -> [follow mouse ok] : (2.29946, 0.0496287)
[2026-09-28 01:40:03.499] [INF] [default] [TitleBar.cpp:165 in Update] -> [follow mouse ok] : (2.29946, 0.0497002)
[2026-09-28 01:40:03.506] [INF] [default] [TitleBar.cpp:165 in Update] -> [follow mouse ok] : (2.29946, 0.0497719)
[2026-09-28 01:40:03.514] [INF] [default] [TitleBar.cpp:165 in Update] -> [follow mouse ok] : (2.29946, 0.0499159)
[2026-09-28 01:40:03.520] [INF] [default] [TitleBar.cpp:165 in Update] -> [follow mouse ok] : (2.29946, 0.0499882)
[2026-09-28 01:40:03.529] [INF] [default] [TitleBar.cpp:165 in Update] -> [follow mouse ok] : (2.29945, 0.0501334)
[2026-09-28 01:40:03.541] [INF] [default] [TitleBar.cpp:165 in Update] -> [follow mouse ok] : (2.29945, 0.0502064)
[2026-09-28 01:40:03.546] [INF] [default] [TitleBar.cpp:165 in Update] -> [follow mouse ok] : (2.29945, 0.0503529)
[2026-09-28 01:40:03.562] [INF] [default] [TitleBar.cpp:165 in Update] -> [follow mouse ok] : (2.29945, 0.0504265)
[2026-09-28 01:40:03.563] [INF] [default] [TitleBar.cpp:165 in Update] -> [follow mouse ok] : (2.29944, 0.0505743)
[2026-09-28 01:40:03.580] [INF] [default] [TitleBar.cpp:165 in Update] -> [follow mouse ok] : (2.29944, 0.050723)
[2026-09-28 01:40:03.590] [INF] [default] [TitleBar.cpp:165 in Update] -> [follow mouse ok] : (2.29944, 0.0507976)
[2026-09-28 01:40:03.597] [INF] [default] [TitleBar.cpp:165 in Update] -> [follow mouse ok] : (2.29944, 0.0509476)
[2026-09-28 01:40:03.610] [INF] [default] [TitleBar.cpp:165 in Update] -> [follow mouse ok] : (2.29943, 0.0510229)
[2026-09-28 01:40:03.613] [INF] [default] [TitleBar.cpp:165 in Update] -> [follow mouse ok] : (2.29943, 0.0511743)
[2026-09-28 01:40:03.630] [INF] [default] [TitleBar.cpp:165 in Update] -> [follow mouse ok] : (2.29943, 0.0513265)
[2026-09-28 01:40:03.646] [INF] [default] [TitleBar.cpp:165 in Update] -> [follow mouse ok] : (2.29942, 0.0514796)
[2026-09-28 01:40:03.662] [INF] [default] [TitleBar.cpp:165 in Update] -> [follow mouse ok] : (2.29942, 0.0516337)
[2026-09-28 01:40:03.680] [INF] [default] [TitleBar.cpp:165 in Update] -> [follow mouse ok] : (2.29942, 0.0517887)
[2026-09-28 01:40:03.687] [INF] [default] [TitleBar.cpp:165 in Update] -> [follow mouse ok] : (2.29933, 0.0554056)
[2026-09-28 01:40:03.696] [INF] [default] [TitleBar.cpp:165 in Update] -> [follow mouse ok] : (2.29933, 0.0555729)
[2026-09-28 01:40:03.712] [INF] [default] [TitleBar.cpp:165 in Update] -> [follow mouse ok] : (2.29932, 0.0557412)
[2026-09-28 01:40:03.729] [INF] [default] [TitleBar.cpp:165 in Update] -> [follow mouse ok] : (2.29932, 0.0559105)
[2026-09-28 01:40:03.743] [INF] [default] [TitleBar.cpp:165 in Update] -> [follow mouse ok] : (2.29923, 0.0595837)
[2026-09-28 01:40:03.746] [INF] [default] [TitleBar.cpp:165 in Update] -> [follow mouse ok] : (2.29922, 0.0597657)
[2026-09-28 01:40:03.750] [INF] [default] [TitleBar.cpp:165 in Update] -> [follow mouse ok] : (2.29922, 0.060041)
[2026-09-28 01:40:03.763] [INF] [default] [TitleBar.cpp:165 in Update] -> [follow mouse ok] : (2.29921, 0.0602259)
[2026-09-28 01:40:03.771] [INF] [default] [TitleBar.cpp:165 in Update] -> [follow mouse ok] : (2.2992, 0.0605054)
[2026-09-28 01:40:03.779] [INF] [default] [TitleBar.cpp:165 in Update] -> [follow mouse ok] : (2.2992, 0.0606931)
[2026-09-28 01:40:03.791] [INF] [default] [TitleBar.cpp:165 in Update] -> [follow mouse ok] : (2.29919, 0.060977)
[2026-09-28 01:40:03.796] [INF] [default] [TitleBar.cpp:165 in Update] -> [follow mouse ok] : (2.29919, 0.0611677)
[2026-09-28 01:40:03.805] [INF] [default] [TitleBar.cpp:165 in Update] -> [follow mouse ok] : (2.29918, 0.061456)
[2026-09-28 01:40:03.813] [INF] [default] [TitleBar.cpp:165 in Update] -> [follow mouse ok] : (2.29917, 0.0617471)
[2026-09-28 01:40:03.819] [INF] [default] [TitleBar.cpp:165 in Update] -> [follow mouse ok] : (2.29916, 0.0620409)
[2026-09-28 01:40:03.825] [INF] [default] [TitleBar.cpp:165 in Update] -> [follow mouse ok] : (2.29916, 0.0623375)
[2026-09-28 01:40:03.829] [INF] [default] [TitleBar.cpp:165 in Update] -> [follow mouse ok] : (2.29915, 0.0625369)
[2026-09-28 01:40:03.840] [INF] [default] [TitleBar.cpp:165 in Update] -> [follow mouse ok] : (2.29914, 0.0628383)
[2026-09-28 01:40:03.847] [INF] [default] [TitleBar.cpp:165 in Update] -> [follow mouse ok] : (2.29914, 0.0630408)
[2026-09-28 01:40:03.848] [INF] [default] [TitleBar.cpp:165 in Update] -> [follow mouse ok] : (2.29912, 0.063553)
[2026-09-28 01:40:03.861] [INF] [default] [TitleBar.cpp:165 in Update] -> [follow mouse ok] : (2.29911, 0.0639687)
[2026-09-28 01:40:03.863] [INF] [default] [TitleBar.cpp:165 in Update] -> [follow mouse ok] : (2.2991, 0.0641786)
[2026-09-28 01:40:03.868] [INF] [default] [TitleBar.cpp:165 in Update] -> [follow mouse ok] : (2.2991, 0.0644961)
[2026-09-28 01:40:03.874] [INF] [default] [TitleBar.cpp:165 in Update] -> [follow mouse ok] : (2.29908, 0.0649243)
[2026-09-28 01:40:03.880] [INF] [default] [TitleBar.cpp:165 in Update] -> [follow mouse ok] : (2.29908, 0.0651405)
[2026-09-28 01:40:03.882] [INF] [default] [TitleBar.cpp:165 in Update] -> [follow mouse ok] : (2.29907, 0.0655774)
[2026-09-28 01:40:03.896] [INF] [default] [TitleBar.cpp:165 in Update] -> [follow mouse ok] : (2.29905, 0.0661317)
[2026-09-28 01:40:03.898] [INF] [default] [TitleBar.cpp:165 in Update] -> [follow mouse ok] : (2.29904, 0.0663561)
[2026-09-28 01:40:03.903] [INF] [default] [TitleBar.cpp:165 in Update] -> [follow mouse ok] : (2.29903, 0.0666955)
[2026-09-28 01:40:03.909] [INF] [default] [TitleBar.cpp:165 in Update] -> [follow mouse ok] : (2.29902, 0.067269)
[2026-09-28 01:40:03.912] [INF] [default] [TitleBar.cpp:165 in Update] -> [follow mouse ok] : (2.29901, 0.0675011)
[2026-09-28 01:40:03.916] [INF] [default] [TitleBar.cpp:165 in Update] -> [follow mouse ok] : (2.299, 0.0679703)
[2026-09-28 01:40:03.924] [INF] [default] [TitleBar.cpp:165 in Update] -> [follow mouse ok] : (2.29898, 0.068446)
[2026-09-28 01:40:03.929] [INF] [default] [TitleBar.cpp:165 in Update] -> [follow mouse ok] : (2.29897, 0.0686864)
[2026-09-28 01:40:03.931] [INF] [default] [TitleBar.cpp:165 in Update] -> [follow mouse ok] : (2.29896, 0.0692948)
[2026-09-28 01:40:03.937] [INF] [default] [TitleBar.cpp:165 in Update] -> [follow mouse ok] : (2.29893, 0.0700392)
[2026-09-28 01:40:03.944] [INF] [default] [TitleBar.cpp:165 in Update] -> [follow mouse ok] : (2.29892, 0.0704174)
[2026-09-28 01:40:03.946] [INF] [default] [TitleBar.cpp:165 in Update] -> [follow mouse ok] : (2.29891, 0.0706719)
[2026-09-28 01:40:03.952] [INF] [default] [TitleBar.cpp:165 in Update] -> [follow mouse ok] : (2.2989, 0.0711863)
[2026-09-28 01:40:03.958] [INF] [default] [TitleBar.cpp:165 in Update] -> [follow mouse ok] : (2.29888, 0.0717082)
[2026-09-28 01:40:03.962] [INF] [default] [TitleBar.cpp:165 in Update] -> [follow mouse ok] : (2.29887, 0.0719721)
[2026-09-28 01:40:03.966] [INF] [default] [TitleBar.cpp:165 in Update] -> [follow mouse ok] : (2.29885, 0.0727755)
[2026-09-28 01:40:03.973] [INF] [default] [TitleBar.cpp:165 in Update] -> [follow mouse ok] : (2.29883, 0.0733211)
[2026-09-28 01:40:03.979] [INF] [default] [TitleBar.cpp:165 in Update] -> [follow mouse ok] : (2.29881, 0.0738749)
[2026-09-28 01:40:03.981] [INF] [default] [TitleBar.cpp:165 in Update] -> [follow mouse ok] : (2.2988, 0.074155)
[2026-09-28 01:40:03.986] [INF] [default] [TitleBar.cpp:165 in Update] -> [follow mouse ok] : (2.29879, 0.0747215)
[2026-09-28 01:40:03.993] [INF] [default] [TitleBar.cpp:165 in Update] -> [follow mouse ok] : (2.29877, 0.0751522)
[2026-09-28 01:40:03.996] [INF] [default] [TitleBar.cpp:165 in Update] -> [follow mouse ok] : (2.29876, 0.075442)
[2026-09-28 01:40:04.001] [INF] [default] [TitleBar.cpp:165 in Update] -> [follow mouse ok] : (2.29875, 0.075881)
[2026-09-28 01:40:04.007] [INF] [default] [TitleBar.cpp:165 in Update] -> [follow mouse ok] : (2.29873, 0.0764743)
[2026-09-28 01:40:04.013] [INF] [default] [TitleBar.cpp:165 in Update] -> [follow mouse ok] : (2.29872, 0.0767745)
[2026-09-28 01:40:04.015] [INF] [default] [TitleBar.cpp:165 in Update] -> [follow mouse ok] : (2.2987, 0.0773819)
[2026-09-28 01:40:04.027] [INF] [default] [TitleBar.cpp:165 in Update] -> [follow mouse ok] : (2.29867, 0.0781548)
[2026-09-28 01:40:04.030] [INF] [default] [TitleBar.cpp:165 in Update] -> [follow mouse ok] : (2.29866, 0.0784684)
[2026-09-28 01:40:04.035] [INF] [default] [TitleBar.cpp:165 in Update] -> [follow mouse ok] : (2.29864, 0.0789433)
[2026-09-28 01:40:04.042] [INF] [default] [TitleBar.cpp:165 in Update] -> [follow mouse ok] : (2.29862, 0.0795857)
[2026-09-28 01:40:04.046] [INF] [default] [TitleBar.cpp:165 in Update] -> [follow mouse ok] : (2.29861, 0.0799108)
[2026-09-28 01:40:04.049] [INF] [default] [TitleBar.cpp:165 in Update] -> [follow mouse ok] : (2.29859, 0.0804035)
[2026-09-28 01:40:04.056] [INF] [default] [TitleBar.cpp:165 in Update] -> [follow mouse ok] : (2.29858, 0.0809023)
[2026-09-28 01:40:04.063] [INF] [default] [TitleBar.cpp:165 in Update] -> [follow mouse ok] : (2.29856, 0.0812383)
[2026-09-28 01:40:04.065] [INF] [default] [TitleBar.cpp:165 in Update] -> [follow mouse ok] : (2.29855, 0.0817475)
[2026-09-28 01:40:04.076] [INF] [default] [TitleBar.cpp:165 in Update] -> [follow mouse ok] : (2.29853, 0.0822631)
[2026-09-28 01:40:04.079] [INF] [default] [TitleBar.cpp:165 in Update] -> [follow mouse ok] : (2.29852, 0.0826105)
[2026-09-28 01:40:04.085] [INF] [default] [TitleBar.cpp:165 in Update] -> [follow mouse ok] : (2.2985, 0.0831371)
[2026-09-28 01:40:04.091] [INF] [default] [TitleBar.cpp:165 in Update] -> [follow mouse ok] : (2.29848, 0.0836705)
[2026-09-28 01:40:04.096] [INF] [default] [TitleBar.cpp:165 in Update] -> [follow mouse ok] : (2.29846, 0.0840299)
[2026-09-28 01:40:04.098] [INF] [default] [TitleBar.cpp:165 in Update] -> [follow mouse ok] : (2.29844, 0.0845748)
[2026-09-28 01:40:04.105] [INF] [default] [TitleBar.cpp:165 in Update] -> [follow mouse ok] : (2.29842, 0.0853124)
[2026-09-28 01:40:04.112] [INF] [default] [TitleBar.cpp:165 in Update] -> [follow mouse ok] : (2.2984, 0.0856861)
[2026-09-28 01:40:04.119] [INF] [default] [TitleBar.cpp:165 in Update] -> [follow mouse ok] : (2.29838, 0.0862527)
[2026-09-28 01:40:04.126] [INF] [default] [TitleBar.cpp:165 in Update] -> [follow mouse ok] : (2.29835, 0.0870201)
[2026-09-28 01:40:04.130] [INF] [default] [TitleBar.cpp:165 in Update] -> [follow mouse ok] : (2.29834, 0.0874088)
[2026-09-28 01:40:04.134] [INF] [default] [TitleBar.cpp:165 in Update] -> [follow mouse ok] : (2.29832, 0.0879986)
[2026-09-28 01:40:04.140] [INF] [default] [TitleBar.cpp:165 in Update] -> [follow mouse ok] : (2.29829, 0.0885963)
[2026-09-28 01:40:04.147] [INF] [default] [TitleBar.cpp:165 in Update] -> [follow mouse ok] : (2.29826, 0.0894061)
[2026-09-28 01:40:04.160] [INF] [default] [TitleBar.cpp:165 in Update] -> [follow mouse ok] : (2.29823, 0.0902307)
[2026-09-28 01:40:04.162] [INF] [default] [TitleBar.cpp:165 in Update] -> [follow mouse ok] : (2.29821, 0.0906488)
[2026-09-28 01:40:04.167] [INF] [default] [TitleBar.cpp:165 in Update] -> [follow mouse ok] : (2.29819, 0.0912832)
[2026-09-28 01:40:04.174] [INF] [default] [TitleBar.cpp:165 in Update] -> [follow mouse ok] : (2.29815, 0.0921429)
[2026-09-28 01:40:04.179] [INF] [default] [TitleBar.cpp:165 in Update] -> [follow mouse ok] : (2.29814, 0.0925789)
[2026-09-28 01:40:04.181] [INF] [default] [TitleBar.cpp:165 in Update] -> [follow mouse ok] : (2.2981, 0.0934634)
[2026-09-28 01:40:04.195] [INF] [default] [TitleBar.cpp:165 in Update] -> [follow mouse ok] : (2.29806, 0.0943649)
[2026-09-28 01:40:04.197] [INF] [default] [TitleBar.cpp:165 in Update] -> [follow mouse ok] : (2.29804, 0.0948222)
[2026-09-28 01:40:04.202] [INF] [default] [TitleBar.cpp:165 in Update] -> [follow mouse ok] : (2.29802, 0.0955165)
[2026-09-28 01:40:04.210] [INF] [default] [TitleBar.cpp:165 in Update] -> [follow mouse ok] : (2.29798, 0.0964583)
[2026-09-28 01:40:04.213] [INF] [default] [TitleBar.cpp:165 in Update] -> [follow mouse ok] : (2.29796, 0.0969361)
[2026-09-28 01:40:04.217] [INF] [default] [TitleBar.cpp:165 in Update] -> [follow mouse ok] : (2.29792, 0.0979062)
[2026-09-28 01:40:04.223] [INF] [default] [TitleBar.cpp:165 in Update] -> [follow mouse ok] : (2.29788, 0.0986465)
[2026-09-28 01:40:04.230] [INF] [default] [TitleBar.cpp:165 in Update] -> [follow mouse ok] : (2.29786, 0.0991463)
[2026-09-28 01:40:04.232] [INF] [default] [TitleBar.cpp:165 in Update] -> [follow mouse ok] : (2.29782, 0.100161)
[2026-09-28 01:40:04.237] [INF] [default] [TitleBar.cpp:165 in Update] -> [follow mouse ok] : (2.29778, 0.100936)
[2026-09-28 01:40:04.244] [INF] [default] [TitleBar.cpp:165 in Update] -> [follow mouse ok] : (2.29774, 0.101988)
[2026-09-28 01:40:04.246] [INF] [default] [TitleBar.cpp:165 in Update] -> [follow mouse ok] : (2.29771, 0.102523)
[2026-09-28 01:40:04.251] [INF] [default] [TitleBar.cpp:165 in Update] -> [follow mouse ok] : (2.29767, 0.103608)
[2026-09-28 01:40:04.258] [INF] [default] [TitleBar.cpp:165 in Update] -> [follow mouse ok] : (2.29763, 0.104438)
[2026-09-28 01:40:04.262] [INF] [default] [TitleBar.cpp:165 in Update] -> [follow mouse ok] : (2.2976, 0.104998)
[2026-09-28 01:40:04.265] [INF] [default] [TitleBar.cpp:165 in Update] -> [follow mouse ok] : (2.29755, 0.106137)
[2026-09-28 01:40:04.272] [INF] [default] [TitleBar.cpp:165 in Update] -> [follow mouse ok] : (2.29751, 0.107007)
[2026-09-28 01:40:04.279] [INF] [default] [TitleBar.cpp:165 in Update] -> [follow mouse ok] : (2.29747, 0.107892)
[2026-09-28 01:40:04.281] [INF] [default] [TitleBar.cpp:165 in Update] -> [follow mouse ok] : (2.29744, 0.10849)
[2026-09-28 01:40:04.285] [INF] [default] [TitleBar.cpp:165 in Update] -> [follow mouse ok] : (2.2974, 0.1094)
[2026-09-28 01:40:04.293] [INF] [default] [TitleBar.cpp:165 in Update] -> [follow mouse ok] : (2.29735, 0.110325)
[2026-09-28 01:40:04.296] [INF] [default] [TitleBar.cpp:165 in Update] -> [follow mouse ok] : (2.29732, 0.11095)
[2026-09-28 01:40:04.300] [INF] [default] [TitleBar.cpp:165 in Update] -> [follow mouse ok] : (2.29728, 0.111902)
[2026-09-28 01:40:04.306] [INF] [default] [TitleBar.cpp:165 in Update] -> [follow mouse ok] : (2.29723, 0.11287)
[2026-09-28 01:40:04.313] [INF] [default] [TitleBar.cpp:165 in Update] -> [follow mouse ok] : (2.2972, 0.113524)
[2026-09-28 01:40:04.315] [INF] [default] [TitleBar.cpp:165 in Update] -> [follow mouse ok] : (2.29715, 0.114521)
[2026-09-28 01:40:04.330] [INF] [default] [TitleBar.cpp:165 in Update] -> [follow mouse ok] : (2.29711, 0.115194)
[2026-09-28 01:40:04.335] [INF] [default] [TitleBar.cpp:165 in Update] -> [follow mouse ok] : (2.29706, 0.11622)
[2026-09-28 01:40:04.342] [INF] [default] [TitleBar.cpp:165 in Update] -> [follow mouse ok] : (2.29701, 0.117265)
[2026-09-28 01:40:04.347] [INF] [default] [TitleBar.cpp:165 in Update] -> [follow mouse ok] : (2.29697, 0.117971)
[2026-09-28 01:40:04.356] [INF] [default] [TitleBar.cpp:165 in Update] -> [follow mouse ok] : (2.29657, 0.125648)
[2026-09-28 01:40:04.363] [INF] [default] [TitleBar.cpp:165 in Update] -> [follow mouse ok] : (2.29652, 0.126414)
[2026-09-28 01:40:04.369] [INF] [default] [TitleBar.cpp:165 in Update] -> [follow mouse ok] : (2.29646, 0.127581)
[2026-09-28 01:40:04.379] [INF] [default] [TitleBar.cpp:165 in Update] -> [follow mouse ok] : (2.29641, 0.128371)
[2026-09-28 01:40:04.384] [INF] [default] [TitleBar.cpp:165 in Update] -> [follow mouse ok] : (2.29635, 0.129574)
[2026-09-28 01:40:04.390] [INF] [default] [TitleBar.cpp:165 in Update] -> [follow mouse ok] : (2.29628, 0.130801)
[2026-09-28 01:40:04.396] [INF] [default] [TitleBar.cpp:165 in Update] -> [follow mouse ok] : (2.29623, 0.131631)
[2026-09-28 01:40:04.404] [INF] [default] [TitleBar.cpp:165 in Update] -> [follow mouse ok] : (2.29616, 0.132897)
[2026-09-28 01:40:04.411] [INF] [default] [TitleBar.cpp:165 in Update] -> [follow mouse ok] : (2.29608, 0.134187)
[2026-09-28 01:40:04.413] [INF] [default] [TitleBar.cpp:165 in Update] -> [follow mouse ok] : (2.29603, 0.135061)
[2026-09-28 01:40:04.426] [INF] [default] [TitleBar.cpp:165 in Update] -> [follow mouse ok] : (2.29595, 0.136393)
[2026-09-28 01:40:04.430] [INF] [default] [TitleBar.cpp:165 in Update] -> [follow mouse ok] : (2.2959, 0.137296)
[2026-09-28 01:40:04.433] [INF] [default] [TitleBar.cpp:165 in Update] -> [follow mouse ok] : (2.29534, 0.146347)
[2026-09-28 01:40:04.439] [INF] [default] [TitleBar.cpp:165 in Update] -> [follow mouse ok] : (2.29524, 0.147829)
[2026-09-28 01:40:04.447] [INF] [default] [TitleBar.cpp:165 in Update] -> [follow mouse ok] : (2.29518, 0.148834)
[2026-09-28 01:40:04.453] [INF] [default] [TitleBar.cpp:165 in Update] -> [follow mouse ok] : (2.29508, 0.150367)
[2026-09-28 01:40:04.459] [INF] [default] [TitleBar.cpp:165 in Update] -> [follow mouse ok] : (2.29498, 0.151932)
[2026-09-28 01:40:04.462] [INF] [default] [TitleBar.cpp:165 in Update] -> [follow mouse ok] : (2.29491, 0.152994)
[2026-09-28 01:40:04.479] [INF] [default] [TitleBar.cpp:165 in Update] -> [follow mouse ok] : (2.29483, 0.15407)
[2026-09-28 01:40:04.481] [INF] [default] [TitleBar.cpp:165 in Update] -> [follow mouse ok] : (2.29469, 0.156269)
[2026-09-28 01:40:04.488] [INF] [default] [TitleBar.cpp:165 in Update] -> [follow mouse ok] : (2.29457, 0.157959)
[2026-09-28 01:40:04.496] [INF] [default] [TitleBar.cpp:165 in Update] -> [follow mouse ok] : (2.29449, 0.159107)
[2026-09-28 01:40:04.503] [INF] [default] [TitleBar.cpp:165 in Update] -> [follow mouse ok] : (2.29376, 0.169281)
[2026-09-28 01:40:04.508] [INF] [default] [TitleBar.cpp:165 in Update] -> [follow mouse ok] : (2.29357, 0.171803)
[2026-09-28 01:40:04.513] [INF] [default] [TitleBar.cpp:165 in Update] -> [follow mouse ok] : (2.29348, 0.173093)
[2026-09-28 01:40:04.517] [INF] [default] [TitleBar.cpp:165 in Update] -> [follow mouse ok] : (2.2927, 0.183068)
[2026-09-28 01:40:04.522] [INF] [default] [TitleBar.cpp:165 in Update] -> [follow mouse ok] : (2.29253, 0.185166)
[2026-09-28 01:40:04.530] [INF] [default] [TitleBar.cpp:165 in Update] -> [follow mouse ok] : (2.29242, 0.186592)
[2026-09-28 01:40:04.531] [INF] [default] [TitleBar.cpp:165 in Update] -> [follow mouse ok] : (2.29224, 0.188773)
[2026-09-28 01:40:04.537] [INF] [default] [TitleBar.cpp:165 in Update] -> [follow mouse ok] : (2.29199, 0.19176)
[2026-09-28 01:40:04.543] [INF] [default] [TitleBar.cpp:165 in Update] -> [follow mouse ok] : (2.2918, 0.194064)
[2026-09-28 01:40:04.546] [INF] [default] [TitleBar.cpp:165 in Update] -> [follow mouse ok] : (2.29167, 0.19563)
[2026-09-28 01:40:04.551] [INF] [default] [TitleBar.cpp:165 in Update] -> [follow mouse ok] : (2.29146, 0.198027)
[2026-09-28 01:40:04.557] [INF] [default] [TitleBar.cpp:165 in Update] -> [follow mouse ok] : (2.29024, 0.211703)
[2026-09-28 01:40:04.563] [INF] [default] [TitleBar.cpp:165 in Update] -> [follow mouse ok] : (2.29007, 0.213481)
[2026-09-28 01:40:04.565] [INF] [default] [TitleBar.cpp:165 in Update] -> [follow mouse ok] : (2.28973, 0.217129)
[2026-09-28 01:40:04.571] [INF] [default] [TitleBar.cpp:165 in Update] -> [follow mouse ok] : (2.28859, 0.228859)
[2026-09-28 01:40:04.579] [INF] [default] [TitleBar.cpp:165 in Update] -> [follow mouse ok] : (2.28818, 0.232868)
[2026-09-28 01:40:04.581] [INF] [default] [TitleBar.cpp:165 in Update] -> [follow mouse ok] : (2.28797, 0.234926)
[2026-09-28 01:40:04.585] [INF] [default] [TitleBar.cpp:165 in Update] -> [follow mouse ok] : (2.28643, 0.249429)
[2026-09-28 01:40:04.592] [INF] [default] [TitleBar.cpp:165 in Update] -> [follow mouse ok] : (2.28606, 0.252836)
[2026-09-28 01:40:04.596] [INF] [default] [TitleBar.cpp:165 in Update] -> [follow mouse ok] : (2.2858, 0.255159)
[2026-09-28 01:40:04.600] [INF] [default] [TitleBar.cpp:165 in Update] -> [follow mouse ok] : (2.2854, 0.258725)
[2026-09-28 01:40:04.606] [INF] [default] [TitleBar.cpp:165 in Update] -> [follow mouse ok] : (2.28498, 0.26239)
[2026-09-28 01:40:04.613] [INF] [default] [TitleBar.cpp:165 in Update] -> [follow mouse ok] : (2.2847, 0.264892)
[2026-09-28 01:40:04.614] [INF] [default] [TitleBar.cpp:165 in Update] -> [follow mouse ok] : (2.28292, 0.27977)
[2026-09-28 01:40:04.621] [INF] [default] [TitleBar.cpp:165 in Update] -> [follow mouse ok] : (2.28241, 0.283882)
[2026-09-28 01:40:04.628] [INF] [default] [TitleBar.cpp:165 in Update] -> [follow mouse ok] : (2.28188, 0.288117)
[2026-09-28 01:40:04.629] [INF] [default] [TitleBar.cpp:165 in Update] -> [follow mouse ok] : (2.28152, 0.29101)
[2026-09-28 01:40:04.642] [INF] [default] [TitleBar.cpp:165 in Update] -> [follow mouse ok] : (2.28094, 0.295459)
[2026-09-28 01:40:04.646] [INF] [default] [TitleBar.cpp:165 in Update] -> [follow mouse ok] : (2.28055, 0.298501)
[2026-09-28 01:40:04.648] [INF] [default] [TitleBar.cpp:165 in Update] -> [follow mouse ok] : (2.27832, 0.315086)
[2026-09-28 01:40:04.663] [INF] [default] [TitleBar.cpp:165 in Update] -> [follow mouse ok] : (2.27785, 0.31841)
[2026-09-28 01:40:04.668] [INF] [default] [TitleBar.cpp:165 in Update] -> [follow mouse ok] : (2.27713, 0.323527)
[2026-09-28 01:40:04.675] [INF] [default] [TitleBar.cpp:165 in Update] -> [follow mouse ok] : (2.27455, 0.341183)
[2026-09-28 01:40:04.679] [INF] [default] [TitleBar.cpp:165 in Update] -> [follow mouse ok] : (2.27399, 0.344931)
[2026-09-28 01:40:04.683] [INF] [default] [TitleBar.cpp:165 in Update] -> [follow mouse ok] : (2.2731, 0.350708)
[2026-09-28 01:40:04.696] [INF] [default] [TitleBar.cpp:165 in Update] -> [follow mouse ok] : (2.27249, 0.354666)
[2026-09-28 01:40:04.713] [INF] [default] [TitleBar.cpp:165 in Update] -> [follow mouse ok] : (2.27185, 0.358714)
[2026-09-28 01:40:04.718] [INF] [default] [TitleBar.cpp:165 in Update] -> [follow mouse ok] : (2.27086, 0.36496)
[2026-09-28 01:40:04.729] [INF] [default] [TitleBar.cpp:165 in Update] -> [follow mouse ok] : (2.27017, 0.369244)
[2026-09-28 01:40:04.739] [INF] [default] [TitleBar.cpp:165 in Update] -> [follow mouse ok] : (2.26908, 0.37586)
[2026-09-28 01:40:04.746] [INF] [default] [TitleBar.cpp:165 in Update] -> [follow mouse ok] : (2.26832, 0.380402)
[2026-09-28 01:40:04.762] [INF] [default] [TitleBar.cpp:165 in Update] -> [follow mouse ok] : (2.26754, 0.385054)
[2026-09-28 01:40:04.781] [INF] [default] [TitleBar.cpp:165 in Update] -> [follow mouse ok] : (2.26672, 0.389819)
[2026-09-28 01:40:04.794] [INF] [default] [TitleBar.cpp:165 in Update] -> [follow mouse ok] : (2.26631, 0.392245)
[2026-09-28 01:40:04.797] [INF] [default] [TitleBar.cpp:165 in Update] -> [follow mouse ok] : (2.26544, 0.397188)
[2026-09-28 01:40:04.813] [INF] [default] [TitleBar.cpp:165 in Update] -> [follow mouse ok] : (2.26455, 0.402256)
[2026-09-28 01:40:04.815] [INF] [default] [TitleBar.cpp:165 in Update] -> [follow mouse ok] : (2.26095, 0.422043)
[2026-09-28 01:40:08.506] [INF] [default] [TitleBar.cpp:145 in Update] -> [follow mouse ok] : (745, 745)
[2026-09-28 01:40:08.757] [INF] [default] [TitleBar.cpp:165 in Update] -> [follow mouse ok] : (2.299, 0.0677989)
[2026-09-28 01:40:08.763] [INF] [default] [TitleBar.cpp:165 in Update] -> [follow mouse ok] : (2.29892, 0.0705942)
[2026-09-28 01:40:08.765] [INF] [default] [TitleBar.cpp:165 in Update] -> [follow mouse ok] : (2.29892, 0.0705002)
[2026-09-28 01:40:08.770] [INF] [default] [TitleBar.cpp:165 in Update] -> [follow mouse ok] : (2.29892, 0.0704064)
[2026-09-28 01:40:08.777] [INF] [default] [TitleBar.cpp:165 in Update] -> [follow mouse ok] : (2.29892, 0.0704064)
[2026-09-28 01:40:08.780] [INF] [default] [TitleBar.cpp:165 in Update] -> [follow mouse ok] : (2.29892, 0.0705942)
[2026-09-28 01:40:08.785] [INF] [default] [TitleBar.cpp:165 in Update] -> [follow mouse ok] : (2.29892, 0.0704064)
[2026-09-28 01:40:08.791] [INF] [default] [TitleBar.cpp:165 in Update] -> [follow mouse ok] : (2.29902, 0.0671692)
[2026-09-28 01:40:08.796] [INF] [default] [TitleBar.cpp:165 in Update] -> [follow mouse ok] : (2.29901, 0.0673479)
[2026-09-28 01:40:08.799] [INF] [default] [TitleBar.cpp:165 in Update] -> [follow mouse ok] : (2.29911, 0.0640335)
[2026-09-28 01:40:08.805] [INF] [default] [TitleBar.cpp:165 in Update] -> [follow mouse ok] : (2.29912, 0.063612)
[2026-09-28 01:40:08.813] [INF] [default] [TitleBar.cpp:165 in Update] -> [follow mouse ok] : (2.2992, 0.0605054)
[2026-09-28 01:40:08.815] [INF] [default] [TitleBar.cpp:165 in Update] -> [follow mouse ok] : (2.2992, 0.0606649)
[2026-09-28 01:40:08.820] [INF] [default] [TitleBar.cpp:165 in Update] -> [follow mouse ok] : (2.29928, 0.0574066)
[2026-09-28 01:40:08.826] [INF] [default] [TitleBar.cpp:165 in Update] -> [follow mouse ok] : (2.29929, 0.0571813)
[2026-09-28 01:40:08.830] [INF] [default] [TitleBar.cpp:165 in Update] -> [follow mouse ok] : (2.29929, 0.0573313)
[2026-09-28 01:40:08.834] [INF] [default] [TitleBar.cpp:165 in Update] -> [follow mouse ok] : (2.29929, 0.0572562)
[2026-09-28 01:40:08.840] [INF] [default] [TitleBar.cpp:165 in Update] -> [follow mouse ok] : (2.29937, 0.0540321)
[2026-09-28 01:40:08.847] [INF] [default] [TitleBar.cpp:165 in Update] -> [follow mouse ok] : (2.29936, 0.0541734)
[2026-09-28 01:40:08.849] [INF] [default] [TitleBar.cpp:165 in Update] -> [follow mouse ok] : (2.29936, 0.0541027)
[2026-09-28 01:40:08.855] [INF] [default] [TitleBar.cpp:165 in Update] -> [follow mouse ok] : (2.29937, 0.0540321)
[2026-09-28 01:40:08.861] [INF] [default] [TitleBar.cpp:165 in Update] -> [follow mouse ok] : (2.29937, 0.0538915)
[2026-09-28 01:40:08.863] [INF] [default] [TitleBar.cpp:165 in Update] -> [follow mouse ok] : (2.29937, 0.0540321)
[2026-09-28 01:40:08.869] [INF] [default] [TitleBar.cpp:165 in Update] -> [follow mouse ok] : (2.29944, 0.0509653)
[2026-09-28 01:40:08.875] [INF] [default] [TitleBar.cpp:165 in Update] -> [follow mouse ok] : (2.29944, 0.0509653)
[2026-09-28 01:40:08.880] [INF] [default] [TitleBar.cpp:165 in Update] -> [follow mouse ok] : (2.29943, 0.0510985)
[2026-09-28 01:40:08.883] [INF] [default] [TitleBar.cpp:165 in Update] -> [follow mouse ok] : (2.2995, 0.048157)
[2026-09-28 01:40:08.890] [INF] [default] [TitleBar.cpp:165 in Update] -> [follow mouse ok] : (2.2995, 0.0480313)
[2026-09-28 01:40:08.897] [INF] [default] [TitleBar.cpp:165 in Update] -> [follow mouse ok] : (2.2995, 0.0480313)
[2026-09-28 01:40:08.899] [INF] [default] [TitleBar.cpp:165 in Update] -> [follow mouse ok] : (2.2995, 0.048157)
[2026-09-28 01:40:08.904] [INF] [default] [TitleBar.cpp:165 in Update] -> [follow mouse ok] : (2.29949, 0.0482201)
[2026-09-28 01:40:08.909] [INF] [default] [TitleBar.cpp:165 in Update] -> [follow mouse ok] : (2.29949, 0.0482201)
[2026-09-28 01:40:08.914] [INF] [default] [TitleBar.cpp:165 in Update] -> [follow mouse ok] : (2.29949, 0.0483467)
[2026-09-28 01:40:08.924] [INF] [default] [TitleBar.cpp:165 in Update] -> [follow mouse ok] : (2.29955, 0.0453263)
[2026-09-28 01:40:08.930] [INF] [default] [TitleBar.cpp:165 in Update] -> [follow mouse ok] : (2.29955, 0.0454457)
[2026-09-28 01:40:08.932] [INF] [default] [TitleBar.cpp:165 in Update] -> [follow mouse ok] : (2.29955, 0.0455056)
[2026-09-28 01:40:08.944] [INF] [default] [TitleBar.cpp:165 in Update] -> [follow mouse ok] : (2.29955, 0.0455056)
[2026-09-28 01:40:08.946] [INF] [default] [TitleBar.cpp:165 in Update] -> [follow mouse ok] : (2.29955, 0.0456259)
[2026-09-28 01:40:08.952] [INF] [default] [TitleBar.cpp:165 in Update] -> [follow mouse ok] : (2.29955, 0.0456259)
[2026-09-28 01:40:08.963] [INF] [default] [TitleBar.cpp:165 in Update] -> [follow mouse ok] : (2.29955, 0.0457469)
[2026-09-28 01:40:08.973] [INF] [default] [TitleBar.cpp:165 in Update] -> [follow mouse ok] : (2.29955, 0.0457469)
[2026-09-28 01:40:08.980] [INF] [default] [TitleBar.cpp:165 in Update] -> [follow mouse ok] : (2.29954, 0.0458685)
[2026-09-28 01:40:08.982] [INF] [default] [TitleBar.cpp:165 in Update] -> [follow mouse ok] : (2.29954, 0.0459296)
[2026-09-28 01:40:08.993] [INF] [default] [TitleBar.cpp:165 in Update] -> [follow mouse ok] : (2.29954, 0.0459908)
[2026-09-28 01:40:08.996] [INF] [default] [TitleBar.cpp:165 in Update] -> [follow mouse ok] : (2.29954, 0.0461137)
[2026-09-28 01:40:09.001] [INF] [default] [TitleBar.cpp:165 in Update] -> [follow mouse ok] : (2.29954, 0.0461137)
[2026-09-28 01:40:09.013] [INF] [default] [TitleBar.cpp:165 in Update] -> [follow mouse ok] : (2.29954, 0.0462373)
[2026-09-28 01:40:09.015] [INF] [default] [TitleBar.cpp:165 in Update] -> [follow mouse ok] : (2.29953, 0.0462993)
[2026-09-28 01:40:09.021] [INF] [default] [TitleBar.cpp:165 in Update] -> [follow mouse ok] : (2.29953, 0.0463615)
[2026-09-28 01:40:09.030] [INF] [default] [TitleBar.cpp:165 in Update] -> [follow mouse ok] : (2.29953, 0.0464865)
[2026-09-28 01:40:09.036] [INF] [default] [TitleBar.cpp:165 in Update] -> [follow mouse ok] : (2.29959, 0.043447)
[2026-09-28 01:40:09.042] [INF] [default] [TitleBar.cpp:165 in Update] -> [follow mouse ok] : (2.29959, 0.0435057)
[2026-09-28 01:40:09.047] [INF] [default] [TitleBar.cpp:165 in Update] -> [follow mouse ok] : (2.29959, 0.0436236)
[2026-09-28 01:40:09.050] [INF] [default] [TitleBar.cpp:165 in Update] -> [follow mouse ok] : (2.29959, 0.0436828)
[2026-09-28 01:40:09.064] [INF] [default] [TitleBar.cpp:165 in Update] -> [follow mouse ok] : (2.29958, 0.0438016)
[2026-09-28 01:40:09.065] [INF] [default] [TitleBar.cpp:165 in Update] -> [follow mouse ok] : (2.29958, 0.0438612)
[2026-09-28 01:40:09.070] [INF] [default] [TitleBar.cpp:165 in Update] -> [follow mouse ok] : (2.29958, 0.043921)
[2026-09-28 01:40:09.080] [INF] [default] [TitleBar.cpp:165 in Update] -> [follow mouse ok] : (2.29958, 0.0440412)
[2026-09-28 01:40:09.091] [INF] [default] [TitleBar.cpp:165 in Update] -> [follow mouse ok] : (2.29958, 0.0441015)
[2026-09-28 01:40:09.097] [INF] [default] [TitleBar.cpp:165 in Update] -> [follow mouse ok] : (2.29957, 0.0442226)
[2026-09-28 01:40:09.105] [INF] [default] [TitleBar.cpp:165 in Update] -> [follow mouse ok] : (2.29957, 0.0442834)
[2026-09-28 01:40:09.113] [INF] [default] [TitleBar.cpp:165 in Update] -> [follow mouse ok] : (2.29957, 0.0444055)
[2026-09-28 01:40:09.118] [INF] [default] [TitleBar.cpp:165 in Update] -> [follow mouse ok] : (2.29957, 0.0444668)
[2026-09-28 01:40:09.130] [INF] [default] [TitleBar.cpp:165 in Update] -> [follow mouse ok] : (2.29957, 0.04459)
[2026-09-28 01:40:09.146] [INF] [default] [TitleBar.cpp:165 in Update] -> [follow mouse ok] : (2.29957, 0.0447138)
[2026-09-28 01:40:09.154] [INF] [default] [TitleBar.cpp:165 in Update] -> [follow mouse ok] : (2.29956, 0.0447759)
[2026-09-28 01:40:09.164] [INF] [default] [TitleBar.cpp:165 in Update] -> [follow mouse ok] : (2.29956, 0.0449008)
[2026-09-28 01:40:09.180] [INF] [default] [TitleBar.cpp:165 in Update] -> [follow mouse ok] : (2.29956, 0.0450263)
[2026-09-28 01:40:09.197] [INF] [default] [TitleBar.cpp:165 in Update] -> [follow mouse ok] : (2.29956, 0.0451526)
[2026-09-28 01:40:09.213] [INF] [default] [TitleBar.cpp:165 in Update] -> [follow mouse ok] : (2.29955, 0.0452795)
[2026-09-28 01:40:09.230] [INF] [default] [TitleBar.cpp:165 in Update] -> [follow mouse ok] : (2.29955, 0.0454072)
[2026-09-28 01:40:09.237] [INF] [default] [TitleBar.cpp:165 in Update] -> [follow mouse ok] : (2.29955, 0.0456001)
[2026-09-28 01:40:09.244] [INF] [default] [TitleBar.cpp:165 in Update] -> [follow mouse ok] : (2.29954, 0.0457946)
[2026-09-28 01:40:09.247] [INF] [default] [TitleBar.cpp:165 in Update] -> [follow mouse ok] : (2.29954, 0.0459252)
[2026-09-28 01:40:09.251] [INF] [default] [TitleBar.cpp:165 in Update] -> [follow mouse ok] : (2.29954, 0.0461225)
[2026-09-28 01:40:09.264] [INF] [default] [TitleBar.cpp:165 in Update] -> [follow mouse ok] : (2.29953, 0.046255)
[2026-09-28 01:40:09.265] [INF] [default] [TitleBar.cpp:165 in Update] -> [follow mouse ok] : (2.29953, 0.0465223)
[2026-09-28 01:40:09.271] [INF] [default] [TitleBar.cpp:165 in Update] -> [follow mouse ok] : (2.29945, 0.0502064)
[2026-09-28 01:40:09.280] [INF] [default] [TitleBar.cpp:165 in Update] -> [follow mouse ok] : (2.29945, 0.0504265)
[2026-09-28 01:40:09.282] [INF] [default] [TitleBar.cpp:165 in Update] -> [follow mouse ok] : (2.29944, 0.0505743)
[2026-09-28 01:40:09.287] [INF] [default] [TitleBar.cpp:165 in Update] -> [follow mouse ok] : (2.29943, 0.0510229)
[2026-09-28 01:40:09.293] [INF] [default] [TitleBar.cpp:165 in Update] -> [follow mouse ok] : (2.29935, 0.0548279)
[2026-09-28 01:40:09.297] [INF] [default] [TitleBar.cpp:165 in Update] -> [follow mouse ok] : (2.29934, 0.0549917)
[2026-09-28 01:40:09.300] [INF] [default] [TitleBar.cpp:165 in Update] -> [follow mouse ok] : (2.29933, 0.0555729)
[2026-09-28 01:40:09.306] [INF] [default] [TitleBar.cpp:165 in Update] -> [follow mouse ok] : (2.29923, 0.0596746)
[2026-09-28 01:40:09.313] [INF] [default] [TitleBar.cpp:165 in Update] -> [follow mouse ok] : (2.29922, 0.0598572)
[2026-09-28 01:40:09.315] [INF] [default] [TitleBar.cpp:165 in Update] -> [follow mouse ok] : (2.2992, 0.0606931)
[2026-09-28 01:40:09.320] [INF] [default] [TitleBar.cpp:165 in Update] -> [follow mouse ok] : (2.29918, 0.0612635)
[2026-09-28 01:40:09.327] [INF] [default] [TitleBar.cpp:165 in Update] -> [follow mouse ok] : (2.29917, 0.0617471)
[2026-09-28 01:40:09.330] [INF] [default] [TitleBar.cpp:165 in Update] -> [follow mouse ok] : (2.29917, 0.0619427)
[2026-09-28 01:40:09.335] [INF] [default] [TitleBar.cpp:165 in Update] -> [follow mouse ok] : (2.29915, 0.0625369)
[2026-09-28 01:40:09.341] [INF] [default] [TitleBar.cpp:165 in Update] -> [follow mouse ok] : (2.29912, 0.0636564)
[2026-09-28 01:40:09.346] [INF] [default] [TitleBar.cpp:165 in Update] -> [follow mouse ok] : (2.29911, 0.0638643)
[2026-09-28 01:40:09.348] [INF] [default] [TitleBar.cpp:165 in Update] -> [follow mouse ok] : (2.2991, 0.0644961)
[2026-09-28 01:40:09.356] [INF] [default] [TitleBar.cpp:165 in Update] -> [follow mouse ok] : (2.29908, 0.0650322)
[2026-09-28 01:40:09.363] [INF] [default] [TitleBar.cpp:165 in Update] -> [follow mouse ok] : (2.29907, 0.0654676)
[2026-09-28 01:40:09.365] [INF] [default] [TitleBar.cpp:165 in Update] -> [follow mouse ok] : (2.29906, 0.0656875)
[2026-09-28 01:40:09.370] [INF] [default] [TitleBar.cpp:165 in Update] -> [follow mouse ok] : (2.29905, 0.0662437)
[2026-09-28 01:40:09.377] [INF] [default] [TitleBar.cpp:165 in Update] -> [follow mouse ok] : (2.29902, 0.0670384)
[2026-09-28 01:40:09.380] [INF] [default] [TitleBar.cpp:165 in Update] -> [follow mouse ok] : (2.29902, 0.067269)
[2026-09-28 01:40:09.383] [INF] [default] [TitleBar.cpp:165 in Update] -> [follow mouse ok] : (2.299, 0.0679703)
[2026-09-28 01:40:09.390] [INF] [default] [TitleBar.cpp:165 in Update] -> [follow mouse ok] : (2.29898, 0.068446)
[2026-09-28 01:40:09.397] [INF] [default] [TitleBar.cpp:165 in Update] -> [follow mouse ok] : (2.29897, 0.0686864)
[2026-09-28 01:40:09.399] [INF] [default] [TitleBar.cpp:165 in Update] -> [follow mouse ok] : (2.29883, 0.0733669)
[2026-09-28 01:40:09.405] [INF] [default] [TitleBar.cpp:165 in Update] -> [follow mouse ok] : (2.2988, 0.074155)
[2026-09-28 01:40:09.411] [INF] [default] [TitleBar.cpp:165 in Update] -> [follow mouse ok] : (2.29878, 0.0748248)
[2026-09-28 01:40:09.412] [INF] [default] [TitleBar.cpp:165 in Update] -> [follow mouse ok] : (2.29877, 0.0750961)
[2026-09-28 01:40:09.418] [INF] [default] [TitleBar.cpp:165 in Update] -> [follow mouse ok] : (2.29875, 0.0759219)
[2026-09-28 01:40:09.425] [INF] [default] [TitleBar.cpp:165 in Update] -> [follow mouse ok] : (2.29872, 0.0766241)
[2026-09-28 01:40:09.430] [INF] [default] [TitleBar.cpp:165 in Update] -> [follow mouse ok] : (2.29871, 0.0769086)
[2026-09-28 01:40:09.432] [INF] [default] [TitleBar.cpp:165 in Update] -> [follow mouse ok] : (2.29869, 0.0776293)
[2026-09-28 01:40:09.439] [INF] [default] [TitleBar.cpp:165 in Update] -> [follow mouse ok] : (2.29866, 0.0783636)
[2026-09-28 01:40:09.447] [INF] [default] [TitleBar.cpp:165 in Update] -> [follow mouse ok] : (2.29848, 0.0835013)
[2026-09-28 01:40:09.453] [INF] [default] [TitleBar.cpp:165 in Update] -> [follow mouse ok] : (2.29845, 0.0843062)
[2026-09-28 01:40:09.460] [INF] [default] [TitleBar.cpp:165 in Update] -> [follow mouse ok] : (2.29826, 0.0894265)
[2026-09-28 01:40:09.463] [INF] [default] [TitleBar.cpp:165 in Update] -> [follow mouse ok] : (2.29825, 0.0897753)
[2026-09-28 01:40:09.468] [INF] [default] [TitleBar.cpp:165 in Update] -> [follow mouse ok] : (2.29821, 0.0906593)
[2026-09-28 01:40:09.473] [INF] [default] [TitleBar.cpp:165 in Update] -> [follow mouse ok] : (2.29818, 0.0915608)
[2026-09-28 01:40:09.480] [INF] [default] [TitleBar.cpp:165 in Update] -> [follow mouse ok] : (2.29816, 0.0919265)
[2026-09-28 01:40:09.482] [INF] [default] [TitleBar.cpp:165 in Update] -> [follow mouse ok] : (2.29813, 0.0926666)
[2026-09-28 01:40:09.488] [INF] [default] [TitleBar.cpp:165 in Update] -> [follow mouse ok] : (2.2979, 0.0982808)
[2026-09-28 01:40:09.494] [INF] [default] [TitleBar.cpp:165 in Update] -> [follow mouse ok] : (2.29786, 0.0992901)
[2026-09-28 01:40:09.497] [INF] [default] [TitleBar.cpp:165 in Update] -> [follow mouse ok] : (2.29784, 0.0996996)
[2026-09-28 01:40:09.502] [INF] [default] [TitleBar.cpp:165 in Update] -> [follow mouse ok] : (2.29758, 0.105526)
[2026-09-28 01:40:09.509] [INF] [default] [TitleBar.cpp:165 in Update] -> [follow mouse ok] : (2.29755, 0.106189)
[2026-09-28 01:40:09.513] [INF] [default] [TitleBar.cpp:165 in Update] -> [follow mouse ok] : (2.29753, 0.106636)
[2026-09-28 01:40:09.516] [INF] [default] [TitleBar.cpp:165 in Update] -> [follow mouse ok] : (2.29747, 0.107771)
[2026-09-28 01:40:09.523] [INF] [default] [TitleBar.cpp:165 in Update] -> [follow mouse ok] : (2.29719, 0.113625)
[2026-09-28 01:40:09.530] [INF] [default] [TitleBar.cpp:165 in Update] -> [follow mouse ok] : (2.29717, 0.114114)
[2026-09-28 01:40:09.532] [INF] [default] [TitleBar.cpp:165 in Update] -> [follow mouse ok] : (2.29713, 0.114857)
[2026-09-28 01:40:09.536] [INF] [default] [TitleBar.cpp:165 in Update] -> [follow mouse ok] : (2.29708, 0.115861)
[2026-09-28 01:40:09.544] [INF] [default] [TitleBar.cpp:165 in Update] -> [follow mouse ok] : (2.29703, 0.116884)
[2026-09-28 01:40:09.547] [INF] [default] [TitleBar.cpp:165 in Update] -> [follow mouse ok] : (2.297, 0.117402)
[2026-09-28 01:40:09.550] [INF] [default] [TitleBar.cpp:165 in Update] -> [follow mouse ok] : (2.29693, 0.118718)
[2026-09-28 01:40:09.557] [INF] [default] [TitleBar.cpp:165 in Update] -> [follow mouse ok] : (2.29688, 0.119792)
[2026-09-28 01:40:09.564] [INF] [default] [TitleBar.cpp:165 in Update] -> [follow mouse ok] : (2.29685, 0.120336)
[2026-09-28 01:40:09.566] [INF] [default] [TitleBar.cpp:165 in Update] -> [follow mouse ok] : (2.29681, 0.121162)
[2026-09-28 01:40:09.571] [INF] [default] [TitleBar.cpp:165 in Update] -> [follow mouse ok] : (2.29673, 0.122563)
[2026-09-28 01:40:09.578] [INF] [default] [TitleBar.cpp:165 in Update] -> [follow mouse ok] : (2.29665, 0.123998)
[2026-09-28 01:40:09.581] [INF] [default] [TitleBar.cpp:165 in Update] -> [follow mouse ok] : (2.29662, 0.124581)
[2026-09-28 01:40:09.586] [INF] [default] [TitleBar.cpp:165 in Update] -> [follow mouse ok] : (2.29658, 0.125466)
[2026-09-28 01:40:09.592] [INF] [default] [TitleBar.cpp:165 in Update] -> [follow mouse ok] : (2.29649, 0.12697)
[2026-09-28 01:40:09.597] [INF] [default] [TitleBar.cpp:165 in Update] -> [follow mouse ok] : (2.29646, 0.127581)
[2026-09-28 01:40:09.601] [INF] [default] [TitleBar.cpp:165 in Update] -> [follow mouse ok] : (2.29637, 0.129136)
[2026-09-28 01:40:09.606] [INF] [default] [TitleBar.cpp:165 in Update] -> [follow mouse ok] : (2.2963, 0.130407)
[2026-09-28 01:40:09.614] [INF] [default] [TitleBar.cpp:165 in Update] -> [follow mouse ok] : (2.29626, 0.131052)
[2026-09-28 01:40:09.615] [INF] [default] [TitleBar.cpp:165 in Update] -> [follow mouse ok] : (2.29619, 0.132362)
[2026-09-28 01:40:09.620] [INF] [default] [TitleBar.cpp:165 in Update] -> [follow mouse ok] : (2.29609, 0.134036)
[2026-09-28 01:40:09.627] [INF] [default] [TitleBar.cpp:165 in Update] -> [follow mouse ok] : (2.29601, 0.135406)
[2026-09-28 01:40:09.630] [INF] [default] [TitleBar.cpp:165 in Update] -> [follow mouse ok] : (2.29597, 0.136101)
[2026-09-28 01:40:09.634] [INF] [default] [TitleBar.cpp:165 in Update] -> [follow mouse ok] : (2.29589, 0.137514)
[2026-09-28 01:40:09.642] [INF] [default] [TitleBar.cpp:165 in Update] -> [follow mouse ok] : (2.29582, 0.138593)
[2026-09-28 01:40:09.647] [INF] [default] [TitleBar.cpp:165 in Update] -> [follow mouse ok] : (2.29578, 0.139322)
[2026-09-28 01:40:09.649] [INF] [default] [TitleBar.cpp:165 in Update] -> [follow mouse ok] : (2.29569, 0.140802)
[2026-09-28 01:40:09.655] [INF] [default] [TitleBar.cpp:165 in Update] -> [follow mouse ok] : (2.29557, 0.142698)
[2026-09-28 01:40:09.663] [INF] [default] [TitleBar.cpp:165 in Update] -> [follow mouse ok] : (2.2955, 0.143859)
[2026-09-28 01:40:09.665] [INF] [default] [TitleBar.cpp:165 in Update] -> [follow mouse ok] : (2.29545, 0.144645)
[2026-09-28 01:40:09.669] [INF] [default] [TitleBar.cpp:165 in Update] -> [follow mouse ok] : (2.29537, 0.145839)
[2026-09-28 01:40:09.676] [INF] [default] [TitleBar.cpp:165 in Update] -> [follow mouse ok] : (2.29527, 0.147461)
[2026-09-28 01:40:09.679] [INF] [default] [TitleBar.cpp:165 in Update] -> [follow mouse ok] : (2.29521, 0.148286)
[2026-09-28 01:40:09.682] [INF] [default] [TitleBar.cpp:165 in Update] -> [follow mouse ok] : (2.29511, 0.149964)
[2026-09-28 01:40:09.690] [INF] [default] [TitleBar.cpp:165 in Update] -> [follow mouse ok] : (2.29499, 0.151681)
[2026-09-28 01:40:09.697] [INF] [default] [TitleBar.cpp:165 in Update] -> [follow mouse ok] : (2.29494, 0.152553)
[2026-09-28 01:40:09.698] [INF] [default] [TitleBar.cpp:165 in Update] -> [follow mouse ok] : (2.29485, 0.153882)
[2026-09-28 01:40:09.704] [INF] [default] [TitleBar.cpp:165 in Update] -> [follow mouse ok] : (2.29469, 0.156148)
[2026-09-28 01:40:09.711] [INF] [default] [TitleBar.cpp:165 in Update] -> [follow mouse ok] : (2.2946, 0.15754)
[2026-09-28 01:40:09.713] [INF] [default] [TitleBar.cpp:165 in Update] -> [follow mouse ok] : (2.29453, 0.158481)
[2026-09-28 01:40:09.718] [INF] [default] [TitleBar.cpp:165 in Update] -> [follow mouse ok] : (2.2944, 0.160399)
[2026-09-28 01:40:09.725] [INF] [default] [TitleBar.cpp:165 in Update] -> [follow mouse ok] : (2.29423, 0.162862)
[2026-09-28 01:40:09.730] [INF] [default] [TitleBar.cpp:165 in Update] -> [follow mouse ok] : (2.29415, 0.163868)
[2026-09-28 01:40:09.732] [INF] [default] [TitleBar.cpp:165 in Update] -> [follow mouse ok] : (2.29348, 0.173093)
[2026-09-28 01:40:09.739] [INF] [default] [TitleBar.cpp:165 in Update] -> [follow mouse ok] : (2.29331, 0.175285)
[2026-09-28 01:40:09.748] [INF] [default] [TitleBar.cpp:165 in Update] -> [follow mouse ok] : (2.29314, 0.177533)
[2026-09-28 01:40:09.749] [INF] [default] [TitleBar.cpp:165 in Update] -> [follow mouse ok] : (2.29305, 0.178679)
[2026-09-28 01:40:09.752] [INF] [default] [TitleBar.cpp:165 in Update] -> [follow mouse ok] : (2.29287, 0.181016)
[2026-09-28 01:40:09.760] [INF] [default] [TitleBar.cpp:165 in Update] -> [follow mouse ok] : (2.29268, 0.183414)
[2026-09-28 01:40:09.763] [INF] [default] [TitleBar.cpp:165 in Update] -> [follow mouse ok] : (2.29258, 0.184637)
[2026-09-28 01:40:09.767] [INF] [default] [TitleBar.cpp:165 in Update] -> [follow mouse ok] : (2.29237, 0.187133)
[2026-09-28 01:40:09.774] [INF] [default] [TitleBar.cpp:165 in Update] -> [follow mouse ok] : (2.29222, 0.189049)
[2026-09-28 01:40:09.780] [INF] [default] [TitleBar.cpp:165 in Update] -> [follow mouse ok] : (2.29211, 0.190348)
[2026-09-28 01:40:09.782] [INF] [default] [TitleBar.cpp:165 in Update] -> [follow mouse ok] : (2.29194, 0.192331)
[2026-09-28 01:40:09.788] [INF] [default] [TitleBar.cpp:165 in Update] -> [follow mouse ok] : (2.29177, 0.194355)
[2026-09-28 01:40:09.794] [INF] [default] [TitleBar.cpp:165 in Update] -> [follow mouse ok] : (2.2916, 0.196423)
[2026-09-28 01:40:09.797] [INF] [default] [TitleBar.cpp:165 in Update] -> [follow mouse ok] : (2.29148, 0.197825)
[2026-09-28 01:40:09.808] [INF] [default] [TitleBar.cpp:165 in Update] -> [follow mouse ok] : (2.29129, 0.199967)
[2026-09-28 01:40:09.813] [INF] [default] [TitleBar.cpp:165 in Update] -> [follow mouse ok] : (2.29116, 0.201421)
[2026-09-28 01:40:09.815] [INF] [default] [TitleBar.cpp:165 in Update] -> [follow mouse ok] : (2.29097, 0.203642)
[2026-09-28 01:40:09.830] [INF] [default] [TitleBar.cpp:165 in Update] -> [follow mouse ok] : (2.29083, 0.205149)
[2026-09-28 01:40:09.837] [INF] [default] [TitleBar.cpp:165 in Update] -> [follow mouse ok] : (2.29063, 0.207453)
[2026-09-28 01:40:09.846] [INF] [default] [TitleBar.cpp:165 in Update] -> [follow mouse ok] : (2.29048, 0.209017)
[2026-09-28 01:40:09.863] [INF] [default] [TitleBar.cpp:165 in Update] -> [follow mouse ok] : (2.29034, 0.210606)
[2026-09-28 01:40:09.880] [INF] [default] [TitleBar.cpp:165 in Update] -> [follow mouse ok] : (2.29019, 0.212218)
[2026-09-28 01:40:09.896] [INF] [default] [TitleBar.cpp:165 in Update] -> [follow mouse ok] : (2.29004, 0.213856)
[2026-09-28 01:40:09.913] [INF] [default] [TitleBar.cpp:165 in Update] -> [follow mouse ok] : (2.28988, 0.215518)
[2026-09-28 01:40:09.929] [INF] [default] [TitleBar.cpp:165 in Update] -> [follow mouse ok] : (2.28972, 0.217207)
[2026-09-28 01:40:09.947] [INF] [default] [TitleBar.cpp:165 in Update] -> [follow mouse ok] : (2.28956, 0.218922)
[2026-09-28 01:40:09.963] [INF] [default] [TitleBar.cpp:165 in Update] -> [follow mouse ok] : (2.28939, 0.220664)
[2026-09-28 01:40:09.980] [INF] [default] [TitleBar.cpp:165 in Update] -> [follow mouse ok] : (2.28922, 0.222434)
[2026-09-28 01:40:09.996] [INF] [default] [TitleBar.cpp:165 in Update] -> [follow mouse ok] : (2.28904, 0.224233)
[2026-09-28 01:40:10.013] [INF] [default] [TitleBar.cpp:165 in Update] -> [follow mouse ok] : (2.28886, 0.226061)
[2026-09-28 01:40:10.029] [INF] [default] [TitleBar.cpp:165 in Update] -> [follow mouse ok] : (2.28868, 0.227918)
[2026-09-28 01:40:10.046] [INF] [default] [TitleBar.cpp:165 in Update] -> [follow mouse ok] : (2.28839, 0.230762)
[2026-09-28 01:40:10.047] [INF] [default] [TitleBar.cpp:165 in Update] -> [follow mouse ok] : (2.2882, 0.232698)
[2026-09-28 01:40:10.059] [INF] [default] [TitleBar.cpp:165 in Update] -> [follow mouse ok] : (2.28789, 0.235663)
[2026-09-28 01:40:10.063] [INF] [default] [TitleBar.cpp:165 in Update] -> [follow mouse ok] : (2.28769, 0.237682)
[2026-09-28 01:40:10.067] [INF] [default] [TitleBar.cpp:165 in Update] -> [follow mouse ok] : (2.28725, 0.241824)
[2026-09-28 01:40:10.073] [INF] [default] [TitleBar.cpp:165 in Update] -> [follow mouse ok] : (2.28691, 0.245026)
[2026-09-28 01:40:10.081] [INF] [default] [TitleBar.cpp:165 in Update] -> [follow mouse ok] : (2.28668, 0.247208)
[2026-09-28 01:40:10.082] [INF] [default] [TitleBar.cpp:165 in Update] -> [follow mouse ok] : (2.28606, 0.252836)
[2026-09-28 01:40:10.087] [INF] [default] [TitleBar.cpp:165 in Update] -> [follow mouse ok] : (2.2854, 0.258725)
[2026-09-28 01:40:10.093] [INF] [default] [TitleBar.cpp:165 in Update] -> [follow mouse ok] : (2.28484, 0.263635)
[2026-09-28 01:40:10.097] [INF] [default] [TitleBar.cpp:165 in Update] -> [follow mouse ok] : (2.28455, 0.266161)
[2026-09-28 01:40:10.101] [INF] [default] [TitleBar.cpp:165 in Update] -> [follow mouse ok] : (2.28378, 0.27269)
[2026-09-28 01:40:10.107] [INF] [default] [TitleBar.cpp:165 in Update] -> [follow mouse ok] : (2.28295, 0.279545)
[2026-09-28 01:40:10.113] [INF] [default] [TitleBar.cpp:165 in Update] -> [follow mouse ok] : (2.2826, 0.282383)
[2026-09-28 01:40:10.115] [INF] [default] [TitleBar.cpp:165 in Update] -> [follow mouse ok] : (2.28205, 0.28675)
[2026-09-28 01:40:10.121] [INF] [default] [TitleBar.cpp:165 in Update] -> [follow mouse ok] : (2.28068, 0.29748)
[2026-09-28 01:40:10.129] [INF] [default] [TitleBar.cpp:165 in Update] -> [follow mouse ok] : (2.27937, 0.307331)
[2026-09-28 01:40:10.131] [INF] [default] [TitleBar.cpp:165 in Update] -> [follow mouse ok] : (2.27891, 0.31076)
[2026-09-28 01:40:10.136] [INF] [default] [TitleBar.cpp:165 in Update] -> [follow mouse ok] : (2.27742, 0.321518)
[2026-09-28 01:40:10.143] [INF] [default] [TitleBar.cpp:165 in Update] -> [follow mouse ok] : (2.27547, 0.335038)
[2026-09-28 01:40:10.147] [INF] [default] [TitleBar.cpp:165 in Update] -> [follow mouse ok] : (2.27486, 0.33911)
[2026-09-28 01:40:10.150] [INF] [default] [TitleBar.cpp:165 in Update] -> [follow mouse ok] : (2.27477, 0.339738)
[2026-09-28 01:40:10.157] [INF] [default] [TitleBar.cpp:165 in Update] -> [follow mouse ok] : (2.27272, 0.353193)
[2026-09-28 01:40:10.164] [INF] [default] [TitleBar.cpp:165 in Update] -> [follow mouse ok] : (2.27198, 0.357915)
[2026-09-28 01:40:10.165] [INF] [default] [TitleBar.cpp:165 in Update] -> [follow mouse ok] : (2.27, 0.370283)
[2026-09-28 01:40:10.170] [INF] [default] [TitleBar.cpp:165 in Update] -> [follow mouse ok] : (2.26826, 0.380802)
[2026-09-28 01:40:10.177] [INF] [default] [TitleBar.cpp:165 in Update] -> [follow mouse ok] : (2.26586, 0.394809)
[2026-09-28 01:40:10.180] [INF] [default] [TitleBar.cpp:165 in Update] -> [follow mouse ok] : (2.26483, 0.4007)
[2026-09-28 01:40:10.185] [INF] [default] [TitleBar.cpp:165 in Update] -> [follow mouse ok] : (2.26203, 0.416213)
[2026-09-28 01:40:10.192] [INF] [default] [TitleBar.cpp:165 in Update] -> [follow mouse ok] : (2.26019, 0.426101)
[2026-09-28 01:40:10.197] [INF] [default] [TitleBar.cpp:165 in Update] -> [follow mouse ok] : (2.25888, 0.432953)
[2026-09-28 01:40:10.199] [INF] [default] [TitleBar.cpp:165 in Update] -> [follow mouse ok] : (2.25681, 0.443646)
[2026-09-28 01:40:10.205] [INF] [default] [TitleBar.cpp:165 in Update] -> [follow mouse ok] : (2.25457, 0.45487)
[2026-09-28 01:40:10.213] [INF] [default] [TitleBar.cpp:165 in Update] -> [follow mouse ok] : (2.25298, 0.462666)
[2026-09-28 01:40:10.219] [INF] [default] [TitleBar.cpp:165 in Update] -> [follow mouse ok] : (2.25045, 0.474865)
[2026-09-28 01:40:10.230] [INF] [default] [TitleBar.cpp:165 in Update] -> [follow mouse ok] : (2.24864, 0.483352)
[2026-09-28 01:40:10.233] [INF] [default] [TitleBar.cpp:165 in Update] -> [follow mouse ok] : (2.24574, 0.496653)
[2026-09-28 01:40:10.246] [INF] [default] [TitleBar.cpp:165 in Update] -> [follow mouse ok] : (2.24367, 0.505925)
[2026-09-28 01:40:10.254] [INF] [default] [TitleBar.cpp:165 in Update] -> [follow mouse ok] : (2.24033, 0.520482)
[2026-09-28 01:40:10.264] [INF] [default] [TitleBar.cpp:165 in Update] -> [follow mouse ok] : (2.23795, 0.530648)
[2026-09-28 01:40:10.275] [INF] [default] [TitleBar.cpp:165 in Update] -> [follow mouse ok] : (2.2341, 0.54664)
[2026-09-28 01:40:10.280] [INF] [default] [TitleBar.cpp:165 in Update] -> [follow mouse ok] : (2.23133, 0.557832)
[2026-09-28 01:40:10.289] [INF] [default] [TitleBar.cpp:165 in Update] -> [follow mouse ok] : (2.22684, 0.575476)
[2026-09-28 01:40:10.296] [INF] [default] [TitleBar.cpp:165 in Update] -> [follow mouse ok] : (2.22361, 0.58785)
[2026-09-28 01:40:10.314] [INF] [default] [TitleBar.cpp:165 in Update] -> [follow mouse ok] : (2.22016, 0.600749)
[2026-09-28 01:40:10.330] [INF] [default] [TitleBar.cpp:165 in Update] -> [follow mouse ok] : (2.21647, 0.614203)
[2026-09-28 01:40:10.347] [INF] [default] [TitleBar.cpp:165 in Update] -> [follow mouse ok] : (2.21253, 0.62825)
[2026-09-28 01:40:10.363] [INF] [default] [TitleBar.cpp:165 in Update] -> [follow mouse ok] : (2.20831, 0.642927)
[2026-09-28 01:40:10.380] [INF] [default] [TitleBar.cpp:165 in Update] -> [follow mouse ok] : (2.20379, 0.658274)
[2026-09-28 01:40:10.396] [INF] [default] [TitleBar.cpp:165 in Update] -> [follow mouse ok] : (2.19892, 0.674337)
[2026-09-28 01:40:10.413] [INF] [default] [TitleBar.cpp:165 in Update] -> [follow mouse ok] : (2.19369, 0.691164)
[2026-09-28 01:40:10.430] [INF] [default] [TitleBar.cpp:165 in Update] -> [follow mouse ok] : (2.18806, 0.708807)
[2026-09-28 01:40:10.447] [INF] [default] [TitleBar.cpp:165 in Update] -> [follow mouse ok] : (2.18197, 0.727324)
[2026-09-28 01:40:10.464] [INF] [default] [TitleBar.cpp:165 in Update] -> [follow mouse ok] : (2.17539, 0.746776)
[2026-09-28 01:40:10.480] [INF] [default] [TitleBar.cpp:165 in Update] -> [follow mouse ok] : (2.16826, 0.767231)
[2026-09-28 01:40:10.496] [INF] [default] [TitleBar.cpp:165 in Update] -> [follow mouse ok] : (2.16052, 0.788762)
[2026-09-28 01:40:10.513] [INF] [default] [TitleBar.cpp:165 in Update] -> [follow mouse ok] : (2.1521, 0.811449)
[2026-09-28 01:40:10.530] [INF] [default] [TitleBar.cpp:165 in Update] -> [follow mouse ok] : (2.14293, 0.835379)
[2026-09-28 01:40:10.547] [INF] [default] [TitleBar.cpp:165 in Update] -> [follow mouse ok] : (2.13291, 0.860646)
[2026-09-28 01:40:10.563] [INF] [default] [TitleBar.cpp:165 in Update] -> [follow mouse ok] : (2.12193, 0.887354)
[2026-09-28 01:40:10.580] [INF] [default] [TitleBar.cpp:165 in Update] -> [follow mouse ok] : (2.10989, 0.915614)
[2026-09-28 01:40:10.597] [INF] [default] [TitleBar.cpp:165 in Update] -> [follow mouse ok] : (2.09665, 0.945548)
[2026-09-28 01:40:10.613] [INF] [default] [TitleBar.cpp:165 in Update] -> [follow mouse ok] : (2.08205, 0.977286)
[2026-09-28 01:40:10.630] [INF] [default] [TitleBar.cpp:165 in Update] -> [follow mouse ok] : (2.0659, 1.01097)
[2026-09-28 01:40:10.647] [INF] [default] [TitleBar.cpp:165 in Update] -> [follow mouse ok] : (2.06628, 1.01018)
[2026-09-28 01:40:10.664] [INF] [default] [TitleBar.cpp:165 in Update] -> [follow mouse ok] : (2.06671, 1.00932)
[2026-09-28 01:40:10.680] [INF] [default] [TitleBar.cpp:165 in Update] -> [follow mouse ok] : (2.06717, 1.00837)
[2026-09-28 01:40:10.697] [INF] [default] [TitleBar.cpp:165 in Update] -> [follow mouse ok] : (2.06768, 1.00733)
[2026-09-28 01:40:10.713] [INF] [default] [TitleBar.cpp:165 in Update] -> [follow mouse ok] : (2.06824, 1.00617)
[2026-09-28 01:40:10.730] [INF] [default] [TitleBar.cpp:165 in Update] -> [follow mouse ok] : (2.06887, 1.00488)
[2026-09-28 01:40:10.746] [INF] [default] [TitleBar.cpp:165 in Update] -> [follow mouse ok] : (2.06957, 1.00343)
[2026-09-28 01:40:10.763] [INF] [default] [TitleBar.cpp:165 in Update] -> [follow mouse ok] : (2.07037, 1.00179)
[2026-09-28 01:40:10.781] [INF] [default] [TitleBar.cpp:165 in Update] -> [follow mouse ok] : (2.07127, 0.999923)
[2026-09-28 01:40:10.797] [INF] [default] [TitleBar.cpp:165 in Update] -> [follow mouse ok] : (2.04184, 1.05873)
[2026-09-28 01:40:10.813] [INF] [default] [TitleBar.cpp:165 in Update] -> [follow mouse ok] : (2.0406, 1.06111)
[2026-09-28 01:40:10.831] [INF] [default] [TitleBar.cpp:165 in Update] -> [follow mouse ok] : (2.03914, 1.0639)
[2026-09-28 01:40:10.847] [INF] [default] [TitleBar.cpp:165 in Update] -> [follow mouse ok] : (2.03741, 1.06722)
[2026-09-28 01:40:10.863] [INF] [default] [TitleBar.cpp:165 in Update] -> [follow mouse ok] : (2.03531, 1.07122)
[2026-09-28 01:40:10.880] [INF] [default] [TitleBar.cpp:165 in Update] -> [follow mouse ok] : (2.03271, 1.07614)
[2026-09-28 01:40:10.897] [INF] [default] [TitleBar.cpp:165 in Update] -> [follow mouse ok] : (2.02941, 1.08235)
[2026-09-28 01:40:10.914] [INF] [default] [TitleBar.cpp:165 in Update] -> [follow mouse ok] : (2.02508, 1.09043)
[2026-09-28 01:40:10.931] [INF] [default] [TitleBar.cpp:165 in Update] -> [follow mouse ok] : (2.01916, 1.10136)
[2026-09-28 01:40:10.946] [INF] [default] [TitleBar.cpp:165 in Update] -> [follow mouse ok] : (2.01056, 1.11698)
[2026-09-28 01:40:10.963] [INF] [default] [TitleBar.cpp:165 in Update] -> [follow mouse ok] : (1.99696, 1.14112)
[2026-09-28 01:40:10.980] [INF] [default] [TitleBar.cpp:165 in Update] -> [follow mouse ok] : (2.05718, 1.02859)
[2026-09-28 01:40:10.996] [INF] [default] [TitleBar.cpp:165 in Update] -> [follow mouse ok] : (2.05718, 1.02859)
[2026-09-28 01:40:11.013] [INF] [default] [TitleBar.cpp:165 in Update] -> [follow mouse ok] : (2.05718, 1.02859)
[2026-09-28 01:40:11.030] [INF] [default] [TitleBar.cpp:165 in Update] -> [follow mouse ok] : (1.97223, 1.18334)
[2026-09-28 01:40:11.047] [INF] [default] [TitleBar.cpp:165 in Update] -> [follow mouse ok] : (2.05718, 1.02859)
[2026-09-28 01:40:11.064] [INF] [default] [TitleBar.cpp:165 in Update] -> [follow mouse ok] : (2.05718, 1.02859)
[2026-09-28 01:40:11.080] [INF] [default] [TitleBar.cpp:165 in Update] -> [follow mouse ok] : (1.97223, 1.18334)
[2026-09-28 01:40:11.097] [INF] [default] [TitleBar.cpp:165 in Update] -> [follow mouse ok] : (2.05718, 1.02859)
[2026-09-28 01:40:11.113] [INF] [default] [TitleBar.cpp:165 in Update] -> [follow mouse ok] : (2.05718, 1.02859)
[2026-09-28 01:40:11.130] [INF] [default] [TitleBar.cpp:165 in Update] -> [follow mouse ok] : (1.97223, 1.18334)
[2026-09-28 01:40:11.147] [INF] [default] [TitleBar.cpp:165 in Update] -> [follow mouse ok] : (2.05718, 1.02859)
[2026-09-28 01:40:11.164] [INF] [default] [TitleBar.cpp:165 in Update] -> [follow mouse ok] : (2.05718, 1.02859)
[2026-09-28 01:40:11.180] [INF] [default] [TitleBar.cpp:165 in Update] -> [follow mouse ok] : (1.97223, 1.18334)
[2026-09-28 01:40:11.197] [INF] [default] [TitleBar.cpp:165 in Update] -> [follow mouse ok] : (2.05718, 1.02859)
[2026-09-28 01:40:11.213] [INF] [default] [TitleBar.cpp:165 in Update] -> [follow mouse ok] : (2.05718, 1.02859)
[2026-09-28 01:40:11.230] [INF] [default] [TitleBar.cpp:165 in Update] -> [follow mouse ok] : (1.97223, 1.18334)
[2026-09-28 01:40:11.247] [INF] [default] [TitleBar.cpp:165 in Update] -> [follow mouse ok] : (2.05718, 1.02859)
[2026-09-28 01:40:11.264] [INF] [default] [TitleBar.cpp:165 in Update] -> [follow mouse ok] : (2.05718, 1.02859)
[2026-09-28 01:40:11.280] [INF] [default] [TitleBar.cpp:165 in Update] -> [follow mouse ok] : (1.97223, 1.18334)
[2026-09-28 01:40:11.297] [INF] [default] [TitleBar.cpp:165 in Update] -> [follow mouse ok] : (2.05718, 1.02859)
[2026-09-28 01:40:11.313] [INF] [default] [TitleBar.cpp:165 in Update] -> [follow mouse ok] : (2.05718, 1.02859)
[2026-09-28 01:40:11.330] [INF] [default] [TitleBar.cpp:165 in Update] -> [follow mouse ok] : (1.97223, 1.18334)
[2026-09-28 01:40:11.347] [INF] [default] [TitleBar.cpp:165 in Update] -> [follow mouse ok] : (2.05718, 1.02859)
[2026-09-28 01:40:11.364] [INF] [default] [TitleBar.cpp:165 in Update] -> [follow mouse ok] : (2.05718, 1.02859)
[2026-09-28 01:40:11.379] [INF] [default] [TitleBar.cpp:165 in Update] -> [follow mouse ok] : (1.97223, 1.18334)
[2026-09-28 01:40:11.397] [INF] [default] [TitleBar.cpp:165 in Update] -> [follow mouse ok] : (2.05718, 1.02859)
[2026-09-28 01:40:11.414] [INF] [default] [TitleBar.cpp:165 in Update] -> [follow mouse ok] : (2.05718, 1.02859)
[2026-09-28 01:40:11.430] [INF] [default] [TitleBar.cpp:165 in Update] -> [follow mouse ok] : (1.97223, 1.18334)
[2026-09-28 01:40:11.446] [INF] [default] [TitleBar.cpp:165 in Update] -> [follow mouse ok] : (2.05718, 1.02859)
[2026-09-28 01:40:11.463] [INF] [default] [TitleBar.cpp:165 in Update] -> [follow mouse ok] : (2.05718, 1.02859)
[2026-09-28 01:40:11.481] [INF] [default] [TitleBar.cpp:165 in Update] -> [follow mouse ok] : (1.97223, 1.18334)
[2026-09-28 01:40:11.497] [INF] [default] [TitleBar.cpp:165 in Update] -> [follow mouse ok] : (2.05718, 1.02859)
[2026-09-28 01:40:11.513] [INF] [default] [TitleBar.cpp:165 in Update] -> [follow mouse ok] : (2.05718, 1.02859)
[2026-09-28 01:40:11.530] [INF] [default] [TitleBar.cpp:165 in Update] -> [follow mouse ok] : (1.97223, 1.18334)
[2026-09-28 01:40:11.547] [INF] [default] [TitleBar.cpp:165 in Update] -> [follow mouse ok] : (2.05718, 1.02859)
[2026-09-28 01:40:11.564] [INF] [default] [TitleBar.cpp:165 in Update] -> [follow mouse ok] : (2.05718, 1.02859)
[2026-09-28 01:40:11.580] [INF] [default] [TitleBar.cpp:165 in Update] -> [follow mouse ok] : (1.97223, 1.18334)
[2026-09-28 01:40:11.597] [INF] [default] [TitleBar.cpp:165 in Update] -> [follow mouse ok] : (2.05718, 1.02859)
[2026-09-28 01:40:11.613] [INF] [default] [TitleBar.cpp:165 in Update] -> [follow mouse ok] : (2.05718, 1.02859)
[2026-09-28 01:40:11.629] [INF] [default] [TitleBar.cpp:165 in Update] -> [follow mouse ok] : (1.97223, 1.18334)
[2026-09-28 01:40:11.647] [INF] [default] [TitleBar.cpp:165 in Update] -> [follow mouse ok] : (2.05718, 1.02859)
[2026-09-28 01:40:11.664] [INF] [default] [TitleBar.cpp:165 in Update] -> [follow mouse ok] : (2.05718, 1.02859)
[2026-09-28 01:40:11.680] [INF] [default] [TitleBar.cpp:165 in Update] -> [follow mouse ok] : (1.97223, 1.18334)
[2026-09-28 01:40:11.696] [INF] [default] [TitleBar.cpp:165 in Update] -> [follow mouse ok] : (2.05718, 1.02859)
[2026-09-28 01:40:11.713] [INF] [default] [TitleBar.cpp:165 in Update] -> [follow mouse ok] : (2.05718, 1.02859)
[2026-09-28 01:40:11.730] [INF] [default] [TitleBar.cpp:165 in Update] -> [follow mouse ok] : (1.97223, 1.18334)
[2026-09-28 01:40:11.747] [INF] [default] [TitleBar.cpp:165 in Update] -> [follow mouse ok] : (2.05718, 1.02859)
[2026-09-28 01:40:11.763] [INF] [default] [TitleBar.cpp:165 in Update] -> [follow mouse ok] : (2.05718, 1.02859)
[2026-09-28 01:40:11.780] [INF] [default] [TitleBar.cpp:165 in Update] -> [follow mouse ok] : (1.97223, 1.18334)
[2026-09-28 01:40:11.796] [INF] [default] [TitleBar.cpp:165 in Update] -> [follow mouse ok] : (2.05718, 1.02859)
[2026-09-28 01:40:11.801] [INF] [default] [TitleBar.cpp:165 in Update] -> [follow mouse ok] : (1.62635, 1.62635)
[2026-09-28 01:40:11.807] [INF] [default] [TitleBar.cpp:165 in Update] -> [follow mouse ok] : (1.27581, 1.91372)
[2026-09-28 01:40:11.814] [INF] [default] [TitleBar.cpp:165 in Update] -> [follow mouse ok] : (1.02859, 2.05718)
[2026-09-28 01:40:11.816] [INF] [default] [TitleBar.cpp:165 in Update] -> [follow mouse ok] : (0.854199, 2.1355)
[2026-09-28 01:40:11.822] [INF] [default] [TitleBar.cpp:165 in Update] -> [follow mouse ok] : (1.02859, 2.05718)
[2026-09-28 01:40:11.829] [INF] [default] [TitleBar.cpp:165 in Update] -> [follow mouse ok] : (0.854199, 2.1355)
[2026-09-28 01:40:11.831] [INF] [default] [TitleBar.cpp:165 in Update] -> [follow mouse ok] : (1.27581, 1.91372)
[2026-09-28 01:40:12.901] [INF] [default] [TitleBar.cpp:165 in Update] -> [follow mouse ok] : (0.0499882, 2.29946)
[2026-09-28 01:40:12.907] [INF] [default] [TitleBar.cpp:165 in Update] -> [follow mouse ok] : (0.203642, 2.29097)
[2026-09-28 01:40:12.912] [INF] [default] [TitleBar.cpp:165 in Update] -> [follow mouse ok] : (0.213034, 2.29011)
[2026-09-28 01:40:12.914] [INF] [default] [TitleBar.cpp:165 in Update] -> [follow mouse ok] : (0.325269, 2.27688)
[2026-09-28 01:40:12.921] [INF] [default] [TitleBar.cpp:165 in Update] -> [follow mouse ok] : (0.396475, 2.26557)
[2026-09-28 01:40:12.929] [INF] [default] [TitleBar.cpp:165 in Update] -> [follow mouse ok] : (0.517177, 2.2411)
[2026-09-28 01:40:12.936] [INF] [default] [TitleBar.cpp:165 in Update] -> [follow mouse ok] : (0.585335, 2.22427)
[2026-09-28 01:40:12.942] [INF] [default] [TitleBar.cpp:165 in Update] -> [follow mouse ok] : (0.709561, 2.18781)
[2026-09-28 01:40:12.944] [INF] [default] [TitleBar.cpp:165 in Update] -> [follow mouse ok] : (0.745946, 2.17568)
[2026-09-28 01:40:12.949] [INF] [default] [TitleBar.cpp:165 in Update] -> [follow mouse ok] : (0.843006, 2.13994)
[2026-09-28 01:40:12.956] [INF] [default] [TitleBar.cpp:165 in Update] -> [follow mouse ok] : (0.976198, 2.08256)
[2026-09-28 01:40:12.962] [INF] [default] [TitleBar.cpp:165 in Update] -> [follow mouse ok] : (1.02859, 2.05718)
[2026-09-28 01:40:12.970] [INF] [default] [TitleBar.cpp:165 in Update] -> [follow mouse ok] : (1.14112, 1.99696)
[2026-09-28 01:40:12.977] [INF] [default] [TitleBar.cpp:165 in Update] -> [follow mouse ok] : (1.17255, 1.97867)
[2026-09-28 01:40:12.978] [INF] [default] [TitleBar.cpp:165 in Update] -> [follow mouse ok] : (1.14936, 1.99223)
[2026-09-28 01:40:12.985] [INF] [default] [TitleBar.cpp:165 in Update] -> [follow mouse ok] : (1.18334, 1.97223)
[2026-09-28 01:40:12.991] [INF] [default] [TitleBar.cpp:165 in Update] -> [follow mouse ok] : (1.18334, 1.97223)
[2026-09-28 01:40:12.995] [INF] [default] [TitleBar.cpp:165 in Update] -> [follow mouse ok] : (1.1589, 1.98669)
[2026-09-28 01:40:13.005] [INF] [default] [TitleBar.cpp:165 in Update] -> [follow mouse ok] : (1.25642, 1.9265)
[2026-09-28 01:40:13.012] [INF] [default] [TitleBar.cpp:165 in Update] -> [follow mouse ok] : (1.23481, 1.94042)
[2026-09-28 01:40:13.018] [INF] [default] [TitleBar.cpp:165 in Update] -> [follow mouse ok] : (1.33685, 1.87159)
[2026-09-28 01:40:13.028] [INF] [default] [TitleBar.cpp:165 in Update] -> [follow mouse ok] : (1.31896, 1.88423)
[2026-09-28 01:40:13.039] [INF] [default] [TitleBar.cpp:165 in Update] -> [follow mouse ok] : (1.36436, 1.85163)
[2026-09-28 01:40:13.044] [INF] [default] [TitleBar.cpp:165 in Update] -> [follow mouse ok] : (1.34663, 1.86456)
[2026-09-28 01:40:13.047] [INF] [default] [TitleBar.cpp:165 in Update] -> [follow mouse ok] : (1.46213, 1.77544)
[2026-09-28 01:40:13.062] [INF] [default] [TitleBar.cpp:165 in Update] -> [follow mouse ok] : (1.45036, 1.78506)
[2026-09-28 01:40:13.068] [INF] [default] [TitleBar.cpp:165 in Update] -> [follow mouse ok] : (1.56933, 1.68143)
[2026-09-28 01:40:13.079] [INF] [default] [TitleBar.cpp:165 in Update] -> [follow mouse ok] : (1.56504, 1.68543)
[2026-09-28 01:40:13.082] [INF] [default] [TitleBar.cpp:165 in Update] -> [follow mouse ok] : (1.62635, 1.62635)
[2026-09-28 01:40:13.087] [INF] [default] [TitleBar.cpp:165 in Update] -> [follow mouse ok] : (1.69005, 1.56004)
[2026-09-28 01:40:13.095] [INF] [default] [TitleBar.cpp:165 in Update] -> [follow mouse ok] : (1.69545, 1.55417)
[2026-09-28 01:40:13.097] [INF] [default] [TitleBar.cpp:165 in Update] -> [follow mouse ok] : (1.82304, 1.40233)
[2026-09-28 01:40:13.102] [INF] [default] [TitleBar.cpp:165 in Update] -> [follow mouse ok] : (1.89104, 1.30918)
[2026-09-28 01:40:13.110] [INF] [default] [TitleBar.cpp:165 in Update] -> [follow mouse ok] : (1.95881, 1.20542)
[2026-09-28 01:40:13.112] [INF] [default] [TitleBar.cpp:165 in Update] -> [follow mouse ok] : (1.98669, 1.1589)
[2026-09-28 01:40:13.117] [INF] [default] [TitleBar.cpp:165 in Update] -> [follow mouse ok] : (2.08831, 0.963834)
[2026-09-28 01:40:13.128] [INF] [default] [TitleBar.cpp:165 in Update] -> [follow mouse ok] : (2.01916, 1.10136)
[2026-09-28 01:40:13.131] [INF] [default] [TitleBar.cpp:165 in Update] -> [follow mouse ok] : (2.09384, 0.951747)
[2026-09-28 01:40:13.137] [INF] [default] [TitleBar.cpp:165 in Update] -> [follow mouse ok] : (2.10177, 0.934118)
[2026-09-28 01:40:13.145] [INF] [default] [TitleBar.cpp:165 in Update] -> [follow mouse ok] : (2.05718, 1.02859)
[2026-09-28 01:40:13.151] [INF] [default] [TitleBar.cpp:165 in Update] -> [follow mouse ok] : (2.11403, 0.906014)
[2026-09-28 01:40:13.158] [INF] [default] [TitleBar.cpp:165 in Update] -> [follow mouse ok] : (2.05718, 1.02859)
[2026-09-28 01:40:13.161] [INF] [default] [TitleBar.cpp:165 in Update] -> [follow mouse ok] : (2.05718, 1.02859)
[2026-09-28 01:40:13.165] [INF] [default] [TitleBar.cpp:165 in Update] -> [follow mouse ok] : (2.3, 0)
[2026-09-28 01:40:13.172] [INF] [default] [TitleBar.cpp:165 in Update] -> [follow mouse ok] : (2.3, 0)
[2026-09-28 01:40:13.178] [INF] [default] [TitleBar.cpp:165 in Update] -> [follow mouse ok] : (2.3, 0)
[2026-09-28 01:40:13.185] [INF] [default] [TitleBar.cpp:165 in Update] -> [follow mouse ok] : (2.3, 0)
[2026-09-28 01:40:13.195] [INF] [default] [TitleBar.cpp:165 in Update] -> [follow mouse ok] : (2.3, 0)
[2026-09-28 01:40:14.091] [INF] [default] [TitleBar.cpp:165 in Update] -> [follow mouse ok] : (0, 2.3)
[2026-09-28 01:40:14.094] [INF] [default] [TitleBar.cpp:165 in Update] -> [follow mouse ok] : (0, 2.3)
[2026-09-28 01:40:14.099] [INF] [default] [TitleBar.cpp:165 in Update] -> [follow mouse ok] : (1.02859, 2.05718)
[2026-09-28 01:40:14.105] [INF] [default] [TitleBar.cpp:165 in Update] -> [follow mouse ok] : (1.4368, 1.796)
[2026-09-28 01:40:14.111] [INF] [default] [TitleBar.cpp:165 in Update] -> [follow mouse ok] : (1.38, 1.84)
[2026-09-28 01:40:14.113] [INF] [default] [TitleBar.cpp:165 in Update] -> [follow mouse ok] : (1.62635, 1.62635)
[2026-09-28 01:40:14.119] [INF] [default] [TitleBar.cpp:165 in Update] -> [follow mouse ok] : (1.91372, 1.27581)
[2026-09-28 01:40:14.126] [INF] [default] [TitleBar.cpp:165 in Update] -> [follow mouse ok] : (2.18197, 0.727324)
[2026-09-28 01:40:14.128] [INF] [default] [TitleBar.cpp:165 in Update] -> [follow mouse ok] : (1.62635, 1.62635)
[2026-09-28 01:40:14.133] [INF] [default] [TitleBar.cpp:165 in Update] -> [follow mouse ok] : (1.84, 1.38)
[2026-09-28 01:40:14.141] [INF] [default] [TitleBar.cpp:165 in Update] -> [follow mouse ok] : (1.97223, 1.18334)
[2026-09-28 01:40:14.145] [INF] [default] [TitleBar.cpp:165 in Update] -> [follow mouse ok] : (2.05718, 1.02859)
[2026-09-28 01:40:14.154] [INF] [default] [TitleBar.cpp:165 in Update] -> [follow mouse ok] : (2.18197, 0.727324)
[2026-09-28 01:40:14.162] [INF] [default] [TitleBar.cpp:165 in Update] -> [follow mouse ok] : (2.05718, 1.02859)
[2026-09-28 01:40:14.175] [INF] [default] [TitleBar.cpp:165 in Update] -> [follow mouse ok] : (2.05718, 1.02859)
[2026-09-28 01:40:14.178] [INF] [default] [TitleBar.cpp:165 in Update] -> [follow mouse ok] : (2.05718, 1.02859)
[2026-09-28 01:40:14.182] [INF] [default] [TitleBar.cpp:165 in Update] -> [follow mouse ok] : (2.23133, 0.557832)
[2026-09-28 01:40:14.195] [INF] [default] [TitleBar.cpp:165 in Update] -> [follow mouse ok] : (2.05718, 1.02859)
[2026-09-28 01:40:14.202] [INF] [default] [TitleBar.cpp:165 in Update] -> [follow mouse ok] : (1.91372, 1.27581)
[2026-09-28 01:40:14.210] [INF] [default] [TitleBar.cpp:165 in Update] -> [follow mouse ok] : (2.05718, 1.02859)
[2026-09-28 01:40:14.211] [INF] [default] [TitleBar.cpp:165 in Update] -> [follow mouse ok] : (2.05718, 1.02859)
[2026-09-28 01:40:14.217] [INF] [default] [TitleBar.cpp:165 in Update] -> [follow mouse ok] : (2.18197, 0.727324)
[2026-09-28 01:40:14.228] [INF] [default] [TitleBar.cpp:165 in Update] -> [follow mouse ok] : (1.62635, 1.62635)
[2026-09-28 01:40:14.231] [INF] [default] [TitleBar.cpp:165 in Update] -> [follow mouse ok] : (1.38, 1.84)
[2026-09-28 01:40:14.238] [INF] [default] [TitleBar.cpp:165 in Update] -> [follow mouse ok] : (1.62635, 1.62635)
[2026-09-28 01:40:14.245] [INF] [default] [TitleBar.cpp:165 in Update] -> [follow mouse ok] : (1.62635, 1.62635)
[2026-09-28 01:40:14.252] [INF] [default] [TitleBar.cpp:165 in Update] -> [follow mouse ok] : (2.05718, 1.02859)
[2026-09-28 01:40:14.261] [INF] [default] [TitleBar.cpp:165 in Update] -> [follow mouse ok] : (1.97223, 1.18334)
[2026-09-28 01:40:14.272] [INF] [default] [TitleBar.cpp:165 in Update] -> [follow mouse ok] : (2.1355, 0.854199)
[2026-09-28 01:40:14.277] [INF] [default] [TitleBar.cpp:165 in Update] -> [follow mouse ok] : (1.91372, 1.27581)
[2026-09-28 01:40:14.280] [INF] [default] [TitleBar.cpp:165 in Update] -> [follow mouse ok] : (2.18197, 0.727324)
[2026-09-28 01:40:14.294] [INF] [default] [TitleBar.cpp:165 in Update] -> [follow mouse ok] : (1.62635, 1.62635)
[2026-09-28 01:40:14.312] [INF] [default] [TitleBar.cpp:165 in Update] -> [follow mouse ok] : (1.62635, 1.62635)
[2026-09-28 01:40:14.321] [INF] [default] [TitleBar.cpp:165 in Update] -> [follow mouse ok] : (1.91372, 1.27581)
[2026-09-28 01:40:14.328] [INF] [default] [TitleBar.cpp:165 in Update] -> [follow mouse ok] : (2.05718, 1.02859)
[2026-09-28 01:40:14.342] [INF] [default] [TitleBar.cpp:165 in Update] -> [follow mouse ok] : (2.05718, 1.02859)
[2026-09-28 01:40:14.345] [INF] [default] [TitleBar.cpp:165 in Update] -> [follow mouse ok] : (2.05718, 1.02859)
[2026-09-28 01:40:14.349] [INF] [default] [TitleBar.cpp:165 in Update] -> [follow mouse ok] : (1.62635, 1.62635)
[2026-09-28 01:40:14.356] [INF] [default] [TitleBar.cpp:165 in Update] -> [follow mouse ok] : (2.05718, 1.02859)
[2026-09-28 01:40:14.361] [INF] [default] [TitleBar.cpp:165 in Update] -> [follow mouse ok] : (1.97223, 1.18334)
[2026-09-28 01:40:14.370] [INF] [default] [TitleBar.cpp:165 in Update] -> [follow mouse ok] : (1.84, 1.38)
[2026-09-28 01:40:14.379] [INF] [default] [TitleBar.cpp:165 in Update] -> [follow mouse ok] : (1.91372, 1.27581)
[2026-09-28 01:40:14.395] [INF] [default] [TitleBar.cpp:165 in Update] -> [follow mouse ok] : (2.05718, 1.02859)
[2026-09-28 01:40:14.411] [INF] [default] [TitleBar.cpp:165 in Update] -> [follow mouse ok] : (1.97223, 1.18334)
[2026-09-28 01:40:14.428] [INF] [default] [TitleBar.cpp:165 in Update] -> [follow mouse ok] : (2.05718, 1.02859)
[2026-09-28 01:40:14.445] [INF] [default] [TitleBar.cpp:165 in Update] -> [follow mouse ok] : (2.05718, 1.02859)
[2026-09-28 01:40:14.461] [INF] [default] [TitleBar.cpp:165 in Update] -> [follow mouse ok] : (1.97223, 1.18334)
[2026-09-28 01:40:14.477] [INF] [default] [TitleBar.cpp:165 in Update] -> [follow mouse ok] : (2.05718, 1.02859)
[2026-09-28 01:40:14.496] [INF] [default] [TitleBar.cpp:165 in Update] -> [follow mouse ok] : (2.05718, 1.02859)
[2026-09-28 01:40:14.511] [INF] [default] [TitleBar.cpp:165 in Update] -> [follow mouse ok] : (1.97223, 1.18334)
[2026-09-28 01:40:14.528] [INF] [default] [TitleBar.cpp:165 in Update] -> [follow mouse ok] : (2.05718, 1.02859)
[2026-09-28 01:40:14.545] [INF] [default] [TitleBar.cpp:165 in Update] -> [follow mouse ok] : (2.05718, 1.02859)
[2026-09-28 01:40:14.558] [INF] [default] [TitleBar.cpp:165 in Update] -> [follow mouse ok] : (1.796, 1.4368)
[2026-09-28 01:40:14.561] [INF] [default] [TitleBar.cpp:165 in Update] -> [follow mouse ok] : (1.84, 1.38)
[2026-09-28 01:40:14.578] [INF] [default] [TitleBar.cpp:165 in Update] -> [follow mouse ok] : (1.91372, 1.27581)
[2026-09-28 01:40:14.596] [INF] [default] [TitleBar.cpp:165 in Update] -> [follow mouse ok] : (2.05718, 1.02859)
[2026-09-28 01:40:14.600] [INF] [default] [TitleBar.cpp:165 in Update] -> [follow mouse ok] : (1.796, 1.4368)
[2026-09-28 01:40:14.612] [INF] [default] [TitleBar.cpp:165 in Update] -> [follow mouse ok] : (1.84, 1.38)
[2026-09-28 01:40:14.627] [INF] [default] [TitleBar.cpp:165 in Update] -> [follow mouse ok] : (1.62635, 1.62635)
[2026-09-28 01:40:14.645] [INF] [default] [TitleBar.cpp:165 in Update] -> [follow mouse ok] : (1.62635, 1.62635)
[2026-09-28 01:40:14.662] [INF] [default] [TitleBar.cpp:165 in Update] -> [follow mouse ok] : (1.62635, 1.62635)
[2026-09-28 01:40:14.677] [INF] [default] [TitleBar.cpp:165 in Update] -> [follow mouse ok] : (1.38, 1.84)
[2026-09-28 01:40:14.678] [INF] [default] [TitleBar.cpp:165 in Update] -> [follow mouse ok] : (1.27581, 1.91372)
[2026-09-28 01:40:14.695] [INF] [default] [TitleBar.cpp:165 in Update] -> [follow mouse ok] : (1.02859, 2.05718)
[2026-09-28 01:40:14.697] [INF] [default] [TitleBar.cpp:165 in Update] -> [follow mouse ok] : (1.02859, 2.05718)
[2026-09-28 01:40:14.712] [INF] [default] [TitleBar.cpp:165 in Update] -> [follow mouse ok] : (1.02859, 2.05718)
[2026-09-28 01:40:14.726] [INF] [default] [TitleBar.cpp:165 in Update] -> [follow mouse ok] : (0, 2.3)
[2026-09-28 01:40:14.728] [INF] [default] [TitleBar.cpp:165 in Update] -> [follow mouse ok] : (0, 2.3)
[2026-09-28 01:40:15.673] [INF] [default] [TitleBar.cpp:165 in Update] -> [follow mouse ok] : (2.3, 0)
[2026-09-28 01:40:15.678] [INF] [default] [TitleBar.cpp:165 in Update] -> [follow mouse ok] : (2.3, 0)
[2026-09-28 01:40:15.680] [INF] [default] [TitleBar.cpp:165 in Update] -> [follow mouse ok] : (2.29911, 0.0638643)
[2026-09-28 01:40:15.687] [INF] [default] [TitleBar.cpp:165 in Update] -> [follow mouse ok] : (2.29603, 0.135061)
[2026-09-28 01:40:15.694] [INF] [default] [TitleBar.cpp:165 in Update] -> [follow mouse ok] : (2.28224, 0.28528)
[2026-09-28 01:40:15.695] [INF] [default] [TitleBar.cpp:165 in Update] -> [follow mouse ok] : (2.27982, 0.303977)
[2026-09-28 01:40:15.701] [INF] [default] [TitleBar.cpp:165 in Update] -> [follow mouse ok] : (2.23133, 0.557832)
[2026-09-28 01:40:15.708] [INF] [default] [TitleBar.cpp:165 in Update] -> [follow mouse ok] : (2.19829, 0.676397)
[2026-09-28 01:40:15.711] [INF] [default] [TitleBar.cpp:165 in Update] -> [follow mouse ok] : (2.18197, 0.727324)
[2026-09-28 01:40:15.714] [INF] [default] [TitleBar.cpp:165 in Update] -> [follow mouse ok] : (2.09384, 0.951747)
[2026-09-28 01:40:15.721] [INF] [default] [TitleBar.cpp:165 in Update] -> [follow mouse ok] : (2.0153, 1.10841)
[2026-09-28 01:40:15.729] [INF] [default] [TitleBar.cpp:165 in Update] -> [follow mouse ok] : (2.01056, 1.11698)
[2026-09-28 01:40:15.731] [INF] [default] [TitleBar.cpp:165 in Update] -> [follow mouse ok] : (1.9504, 1.219)
[2026-09-28 01:40:15.735] [INF] [default] [TitleBar.cpp:165 in Update] -> [follow mouse ok] : (1.85473, 1.36014)
[2026-09-28 01:40:15.742] [INF] [default] [TitleBar.cpp:165 in Update] -> [follow mouse ok] : (1.80853, 1.42099)
[2026-09-28 01:40:15.744] [INF] [default] [TitleBar.cpp:165 in Update] -> [follow mouse ok] : (1.82304, 1.40233)
[2026-09-28 01:40:15.756] [INF] [default] [TitleBar.cpp:165 in Update] -> [follow mouse ok] : (1.76691, 1.47242)
[2026-09-28 01:40:15.762] [INF] [default] [TitleBar.cpp:165 in Update] -> [follow mouse ok] : (1.7801, 1.45645)
[2026-09-28 01:40:15.764] [INF] [default] [TitleBar.cpp:165 in Update] -> [follow mouse ok] : (1.70958, 1.53862)
[2026-09-28 01:40:15.770] [INF] [default] [TitleBar.cpp:165 in Update] -> [follow mouse ok] : (1.62635, 1.62635)
[2026-09-28 01:40:15.777] [INF] [default] [TitleBar.cpp:165 in Update] -> [follow mouse ok] : (1.62635, 1.62635)
[2026-09-28 01:40:15.790] [INF] [default] [TitleBar.cpp:165 in Update] -> [follow mouse ok] : (1.51456, 1.73093)
[2026-09-28 01:40:15.794] [INF] [default] [TitleBar.cpp:165 in Update] -> [follow mouse ok] : (1.49682, 1.74629)
[2026-09-28 01:40:15.797] [INF] [default] [TitleBar.cpp:165 in Update] -> [follow mouse ok] : (1.33685, 1.87159)
[2026-09-28 01:40:15.811] [INF] [default] [TitleBar.cpp:165 in Update] -> [follow mouse ok] : (1.27581, 1.91372)
[2026-09-28 01:40:15.826] [INF] [default] [TitleBar.cpp:165 in Update] -> [follow mouse ok] : (1.02859, 2.05718)
[2026-09-28 01:40:15.828] [INF] [default] [TitleBar.cpp:165 in Update] -> [follow mouse ok] : (1.02859, 2.05718)
[2026-09-28 01:40:15.845] [INF] [default] [TitleBar.cpp:165 in Update] -> [follow mouse ok] : (1.02859, 2.05718)
[2026-09-28 01:40:15.847] [INF] [default] [TitleBar.cpp:165 in Update] -> [follow mouse ok] : (1.02859, 2.05718)
[2026-09-28 01:40:15.861] [INF] [default] [TitleBar.cpp:165 in Update] -> [follow mouse ok] : (1.02859, 2.05718)
[2026-09-28 01:40:15.874] [INF] [default] [TitleBar.cpp:165 in Update] -> [follow mouse ok] : (0.727324, 2.18197)
[2026-09-28 01:40:15.878] [INF] [default] [TitleBar.cpp:165 in Update] -> [follow mouse ok] : (1.62635, 1.62635)
[2026-09-28 01:40:15.895] [INF] [default] [TitleBar.cpp:165 in Update] -> [follow mouse ok] : (1.62635, 1.62635)
[2026-09-28 01:40:15.909] [INF] [default] [TitleBar.cpp:165 in Update] -> [follow mouse ok] : (0.727324, 2.18197)
[2026-09-28 01:40:15.912] [INF] [default] [TitleBar.cpp:165 in Update] -> [follow mouse ok] : (1.62635, 1.62635)
[2026-09-28 01:40:15.923] [INF] [default] [TitleBar.cpp:165 in Update] -> [follow mouse ok] : (1.02859, 2.05718)
[2026-09-28 01:40:15.928] [INF] [default] [TitleBar.cpp:165 in Update] -> [follow mouse ok] : (1.02859, 2.05718)
[2026-09-28 01:40:15.945] [INF] [default] [TitleBar.cpp:165 in Update] -> [follow mouse ok] : (1.18334, 1.97223)
[2026-09-28 01:40:15.951] [INF] [default] [TitleBar.cpp:165 in Update] -> [follow mouse ok] : (0.557832, 2.23133)
[2026-09-28 01:40:15.957] [INF] [default] [TitleBar.cpp:165 in Update] -> [follow mouse ok] : (0.727324, 2.18197)
[2026-09-28 01:40:15.961] [INF] [default] [TitleBar.cpp:165 in Update] -> [follow mouse ok] : (1.62635, 1.62635)
[2026-09-28 01:40:15.972] [INF] [default] [TitleBar.cpp:165 in Update] -> [follow mouse ok] : (1.38, 1.84)
[2026-09-28 01:40:15.978] [INF] [default] [TitleBar.cpp:165 in Update] -> [follow mouse ok] : (1.27581, 1.91372)
[2026-09-28 01:40:15.980] [INF] [default] [TitleBar.cpp:165 in Update] -> [follow mouse ok] : (0.727324, 2.18197)
[2026-09-28 01:40:15.995] [INF] [default] [TitleBar.cpp:165 in Update] -> [follow mouse ok] : (1.62635, 1.62635)
[2026-09-28 01:40:16.000] [INF] [default] [TitleBar.cpp:165 in Update] -> [follow mouse ok] : (1.27581, 1.91372)
[2026-09-28 01:40:16.007] [INF] [default] [TitleBar.cpp:165 in Update] -> [follow mouse ok] : (0.727324, 2.18197)
[2026-09-28 01:40:16.011] [INF] [default] [TitleBar.cpp:165 in Update] -> [follow mouse ok] : (1.62635, 1.62635)
[2026-09-28 01:40:16.021] [INF] [default] [TitleBar.cpp:165 in Update] -> [follow mouse ok] : (1.38, 1.84)
[2026-09-28 01:40:16.028] [INF] [default] [TitleBar.cpp:165 in Update] -> [follow mouse ok] : (0.727324, 2.18197)
[2026-09-28 01:40:16.042] [INF] [default] [TitleBar.cpp:165 in Update] -> [follow mouse ok] : (1.02859, 2.05718)
[2026-09-28 01:40:16.045] [INF] [default] [TitleBar.cpp:165 in Update] -> [follow mouse ok] : (1.18334, 1.97223)
[2026-09-28 01:40:16.055] [INF] [default] [TitleBar.cpp:165 in Update] -> [follow mouse ok] : (0.854199, 2.1355)
[2026-09-28 01:40:16.062] [INF] [default] [TitleBar.cpp:165 in Update] -> [follow mouse ok] : (1.27581, 1.91372)
[2026-09-28 01:40:16.064] [INF] [default] [TitleBar.cpp:165 in Update] -> [follow mouse ok] : (0, 2.3)
[2026-09-28 01:40:16.077] [INF] [default] [TitleBar.cpp:165 in Update] -> [follow mouse ok] : (0, 2.3)
[2026-09-28 01:40:16.509] [INF] [default] [TitleBar.cpp:165 in Update] -> [follow mouse ok] : (0, 2.3)
[2026-09-28 01:40:16.511] [INF] [default] [TitleBar.cpp:165 in Update] -> [follow mouse ok] : (0, 2.3)
[2026-09-28 01:40:16.515] [INF] [default] [TitleBar.cpp:165 in Update] -> [follow mouse ok] : (0.152994, 2.29491)
[2026-09-28 01:40:16.523] [INF] [default] [TitleBar.cpp:165 in Update] -> [follow mouse ok] : (0.325269, 2.27688)
[2026-09-28 01:40:16.528] [INF] [default] [TitleBar.cpp:165 in Update] -> [follow mouse ok] : (0.349732, 2.27325)
[2026-09-28 01:40:16.530] [INF] [default] [TitleBar.cpp:165 in Update] -> [follow mouse ok] : (0.644, 2.208)
[2026-09-28 01:40:16.536] [INF] [default] [TitleBar.cpp:165 in Update] -> [follow mouse ok] : (0.951747, 2.09384)
[2026-09-28 01:40:16.543] [INF] [default] [TitleBar.cpp:165 in Update] -> [follow mouse ok] : (1.25347, 1.92842)
[2026-09-28 01:40:16.545] [INF] [default] [TitleBar.cpp:165 in Update] -> [follow mouse ok] : (1.22818, 1.94462)
[2026-09-28 01:40:16.550] [INF] [default] [TitleBar.cpp:165 in Update] -> [follow mouse ok] : (1.27581, 1.91372)
[2026-09-28 01:40:16.557] [INF] [default] [TitleBar.cpp:165 in Update] -> [follow mouse ok] : (1.46213, 1.77544)
[2026-09-28 01:40:16.561] [INF] [default] [TitleBar.cpp:165 in Update] -> [follow mouse ok] : (1.45036, 1.78506)
[2026-09-28 01:40:16.564] [INF] [default] [TitleBar.cpp:165 in Update] -> [follow mouse ok] : (1.50634, 1.73808)
[2026-09-28 01:40:16.571] [INF] [default] [TitleBar.cpp:165 in Update] -> [follow mouse ok] : (1.73808, 1.50634)
[2026-09-28 01:40:16.578] [INF] [default] [TitleBar.cpp:165 in Update] -> [follow mouse ok] : (1.74629, 1.49682)
[2026-09-28 01:40:16.580] [INF] [default] [TitleBar.cpp:165 in Update] -> [follow mouse ok] : (1.85473, 1.36014)
[2026-09-28 01:40:16.585] [INF] [default] [TitleBar.cpp:165 in Update] -> [follow mouse ok] : (1.9504, 1.219)
[2026-09-28 01:40:16.592] [INF] [default] [TitleBar.cpp:165 in Update] -> [follow mouse ok] : (2.05718, 1.02859)
[2026-09-28 01:40:16.595] [INF] [default] [TitleBar.cpp:165 in Update] -> [follow mouse ok] : (2.05718, 1.02859)
[2026-09-28 01:40:16.598] [INF] [default] [TitleBar.cpp:165 in Update] -> [follow mouse ok] : (2.08422, 0.972637)
[2026-09-28 01:40:16.606] [INF] [default] [TitleBar.cpp:165 in Update] -> [follow mouse ok] : (2.05718, 1.02859)
[2026-09-28 01:40:16.611] [INF] [default] [TitleBar.cpp:165 in Update] -> [follow mouse ok] : (2.05718, 1.02859)
[2026-09-28 01:40:16.612] [INF] [default] [TitleBar.cpp:165 in Update] -> [follow mouse ok] : (2.14669, 0.825652)
[2026-09-28 01:40:16.620] [INF] [default] [TitleBar.cpp:165 in Update] -> [follow mouse ok] : (2.12308, 0.884615)
[2026-09-28 01:40:16.626] [INF] [default] [TitleBar.cpp:165 in Update] -> [follow mouse ok] : (2.12308, 0.884615)
[2026-09-28 01:40:16.628] [INF] [default] [TitleBar.cpp:165 in Update] -> [follow mouse ok] : (2.05718, 1.02859)
[2026-09-28 01:40:16.640] [INF] [default] [TitleBar.cpp:165 in Update] -> [follow mouse ok] : (2.1355, 0.854199)
[2026-09-28 01:40:16.644] [INF] [default] [TitleBar.cpp:165 in Update] -> [follow mouse ok] : (2.05718, 1.02859)
[2026-09-28 01:40:16.648] [INF] [default] [TitleBar.cpp:165 in Update] -> [follow mouse ok] : (2.15356, 0.807584)
[2026-09-28 01:40:16.655] [INF] [default] [TitleBar.cpp:165 in Update] -> [follow mouse ok] : (2.11403, 0.906014)
[2026-09-28 01:40:16.661] [INF] [default] [TitleBar.cpp:165 in Update] -> [follow mouse ok] : (1.97223, 1.18334)
[2026-09-28 01:40:16.663] [INF] [default] [TitleBar.cpp:165 in Update] -> [follow mouse ok] : (2.18197, 0.727324)
[2026-09-28 01:40:16.667] [INF] [default] [TitleBar.cpp:165 in Update] -> [follow mouse ok] : (2.1355, 0.854199)
[2026-09-28 01:40:16.675] [INF] [default] [TitleBar.cpp:165 in Update] -> [follow mouse ok] : (2.05718, 1.02859)
[2026-09-28 01:40:16.678] [INF] [default] [TitleBar.cpp:165 in Update] -> [follow mouse ok] : (2.05718, 1.02859)
[2026-09-28 01:40:16.682] [INF] [default] [TitleBar.cpp:165 in Update] -> [follow mouse ok] : (2.11403, 0.906014)
[2026-09-28 01:40:16.689] [INF] [default] [TitleBar.cpp:165 in Update] -> [follow mouse ok] : (2.05718, 1.02859)
[2026-09-28 01:40:16.695] [INF] [default] [TitleBar.cpp:165 in Update] -> [follow mouse ok] : (2.05718, 1.02859)
[2026-09-28 01:40:16.697] [INF] [default] [TitleBar.cpp:165 in Update] -> [follow mouse ok] : (2.18197, 0.727324)
[2026-09-28 01:40:16.703] [INF] [default] [TitleBar.cpp:165 in Update] -> [follow mouse ok] : (1.62635, 1.62635)
[2026-09-28 01:40:16.712] [INF] [default] [TitleBar.cpp:165 in Update] -> [follow mouse ok] : (1.62635, 1.62635)
[2026-09-28 01:40:16.718] [INF] [default] [TitleBar.cpp:165 in Update] -> [follow mouse ok] : (1.796, 1.4368)
[2026-09-28 01:40:16.725] [INF] [default] [TitleBar.cpp:165 in Update] -> [follow mouse ok] : (1.97223, 1.18334)
[2026-09-28 01:40:16.728] [INF] [default] [TitleBar.cpp:165 in Update] -> [follow mouse ok] : (2.05718, 1.02859)
[2026-09-28 01:40:16.738] [INF] [default] [TitleBar.cpp:165 in Update] -> [follow mouse ok] : (1.91372, 1.27581)
[2026-09-28 01:40:16.745] [INF] [default] [TitleBar.cpp:165 in Update] -> [follow mouse ok] : (2.05718, 1.02859)
[2026-09-28 01:40:16.747] [INF] [default] [TitleBar.cpp:165 in Update] -> [follow mouse ok] : (2.11403, 0.906014)
[2026-09-28 01:40:16.752] [INF] [default] [TitleBar.cpp:165 in Update] -> [follow mouse ok] : (1.796, 1.4368)
[2026-09-28 01:40:16.759] [INF] [default] [TitleBar.cpp:165 in Update] -> [follow mouse ok] : (2.05718, 1.02859)
[2026-09-28 01:40:16.761] [INF] [default] [TitleBar.cpp:165 in Update] -> [follow mouse ok] : (2.05718, 1.02859)
[2026-09-28 01:40:16.765] [INF] [default] [TitleBar.cpp:165 in Update] -> [follow mouse ok] : (2.18197, 0.727324)
[2026-09-28 01:40:16.773] [INF] [default] [TitleBar.cpp:165 in Update] -> [follow mouse ok] : (1.02859, 2.05718)
[2026-09-28 01:40:16.778] [INF] [default] [TitleBar.cpp:165 in Update] -> [follow mouse ok] : (1.18334, 1.97223)
[2026-09-28 01:40:16.780] [INF] [default] [TitleBar.cpp:165 in Update] -> [follow mouse ok] : (1.4368, 1.796)
[2026-09-28 01:40:16.787] [INF] [default] [TitleBar.cpp:165 in Update] -> [follow mouse ok] : (1.4368, 1.796)
[2026-09-28 01:40:16.794] [INF] [default] [TitleBar.cpp:165 in Update] -> [follow mouse ok] : (1.38, 1.84)
[2026-09-28 01:40:16.801] [INF] [default] [TitleBar.cpp:165 in Update] -> [follow mouse ok] : (1.38, 1.84)
[2026-09-28 01:40:16.808] [INF] [default] [TitleBar.cpp:165 in Update] -> [follow mouse ok] : (1.38, 1.84)
[2026-09-28 01:40:16.811] [INF] [default] [TitleBar.cpp:165 in Update] -> [follow mouse ok] : (1.27581, 1.91372)
[2026-09-28 01:40:16.822] [INF] [default] [TitleBar.cpp:165 in Update] -> [follow mouse ok] : (1.27581, 1.91372)
[2026-09-28 01:40:16.828] [INF] [default] [TitleBar.cpp:165 in Update] -> [follow mouse ok] : (1.02859, 2.05718)
[2026-09-28 01:40:16.830] [INF] [default] [TitleBar.cpp:165 in Update] -> [follow mouse ok] : (1.14112, 1.99696)
[2026-09-28 01:40:16.835] [INF] [default] [TitleBar.cpp:165 in Update] -> [follow mouse ok] : (1.14112, 1.99696)
[2026-09-28 01:40:16.843] [INF] [default] [TitleBar.cpp:165 in Update] -> [follow mouse ok] : (1.14112, 1.99696)
[2026-09-28 01:40:16.845] [INF] [default] [TitleBar.cpp:165 in Update] -> [follow mouse ok] : (1.02859, 2.05718)
[2026-09-28 01:40:16.849] [INF] [default] [TitleBar.cpp:165 in Update] -> [follow mouse ok] : (0.727324, 2.18197)
[2026-09-28 01:40:16.857] [INF] [default] [TitleBar.cpp:165 in Update] -> [follow mouse ok] : (1.18334, 1.97223)
[2026-09-28 01:40:16.861] [INF] [default] [TitleBar.cpp:165 in Update] -> [follow mouse ok] : (1.02859, 2.05718)
[2026-09-28 01:40:16.865] [INF] [default] [TitleBar.cpp:165 in Update] -> [follow mouse ok] : (1.62635, 1.62635)
[2026-09-28 01:40:16.870] [INF] [default] [TitleBar.cpp:165 in Update] -> [follow mouse ok] : (1.02859, 2.05718)
[2026-09-28 01:40:16.877] [INF] [default] [TitleBar.cpp:165 in Update] -> [follow mouse ok] : (1.02859, 2.05718)
[2026-09-28 01:40:16.879] [INF] [default] [TitleBar.cpp:165 in Update] -> [follow mouse ok] : (1.02859, 2.05718)
[2026-09-28 01:40:16.891] [INF] [default] [TitleBar.cpp:165 in Update] -> [follow mouse ok] : (1.02859, 2.05718)
[2026-09-28 01:40:16.895] [INF] [default] [TitleBar.cpp:165 in Update] -> [follow mouse ok] : (1.02859, 2.05718)
[2026-09-28 01:40:16.898] [INF] [default] [TitleBar.cpp:165 in Update] -> [follow mouse ok] : (1.27581, 1.91372)
[2026-09-28 01:40:16.905] [INF] [default] [TitleBar.cpp:165 in Update] -> [follow mouse ok] : (1.02859, 2.05718)
[2026-09-28 01:40:16.911] [INF] [default] [TitleBar.cpp:165 in Update] -> [follow mouse ok] : (1.02859, 2.05718)
[2026-09-28 01:40:16.913] [INF] [default] [TitleBar.cpp:165 in Update] -> [follow mouse ok] : (1.02859, 2.05718)
[2026-09-28 01:40:16.919] [INF] [default] [TitleBar.cpp:165 in Update] -> [follow mouse ok] : (0.906014, 2.11403)
[2026-09-28 01:40:16.927] [INF] [default] [TitleBar.cpp:165 in Update] -> [follow mouse ok] : (1.14112, 1.99696)
[2026-09-28 01:40:16.928] [INF] [default] [TitleBar.cpp:165 in Update] -> [follow mouse ok] : (1.02859, 2.05718)
[2026-09-28 01:40:16.933] [INF] [default] [TitleBar.cpp:165 in Update] -> [follow mouse ok] : (1.02859, 2.05718)
[2026-09-28 01:40:16.940] [INF] [default] [TitleBar.cpp:165 in Update] -> [follow mouse ok] : (0.631859, 2.2115)
[2026-09-28 01:40:16.945] [INF] [default] [TitleBar.cpp:165 in Update] -> [follow mouse ok] : (0.854199, 2.1355)
[2026-09-28 01:40:16.947] [INF] [default] [TitleBar.cpp:165 in Update] -> [follow mouse ok] : (0.727324, 2.18197)
[2026-09-28 01:40:16.962] [INF] [default] [TitleBar.cpp:165 in Update] -> [follow mouse ok] : (0.906014, 2.11403)
[2026-09-28 01:40:16.974] [INF] [default] [TitleBar.cpp:165 in Update] -> [follow mouse ok] : (1.14112, 1.99696)
[2026-09-28 01:40:16.977] [INF] [default] [TitleBar.cpp:165 in Update] -> [follow mouse ok] : (1.02859, 2.05718)
[2026-09-28 01:40:16.982] [INF] [default] [TitleBar.cpp:165 in Update] -> [follow mouse ok] : (0.727324, 2.18197)
[2026-09-28 01:40:16.989] [INF] [default] [TitleBar.cpp:165 in Update] -> [follow mouse ok] : (0.854199, 2.1355)
[2026-09-28 01:40:16.994] [INF] [default] [TitleBar.cpp:165 in Update] -> [follow mouse ok] : (1.27581, 1.91372)
[2026-09-28 01:40:16.996] [INF] [default] [TitleBar.cpp:165 in Update] -> [follow mouse ok] : (0.557832, 2.23133)
[2026-09-28 01:40:17.002] [INF] [default] [TitleBar.cpp:165 in Update] -> [follow mouse ok] : (1.27581, 1.91372)
[2026-09-28 01:40:17.012] [INF] [default] [TitleBar.cpp:165 in Update] -> [follow mouse ok] : (1.02859, 2.05718)
[2026-09-28 01:40:17.017] [INF] [default] [TitleBar.cpp:165 in Update] -> [follow mouse ok] : (1.14112, 1.99696)
[2026-09-28 01:40:17.023] [INF] [default] [TitleBar.cpp:165 in Update] -> [follow mouse ok] : (0.906014, 2.11403)
[2026-09-28 01:40:17.027] [INF] [default] [TitleBar.cpp:165 in Update] -> [follow mouse ok] : (1.18334, 1.97223)
[2026-09-28 01:40:17.031] [INF] [default] [TitleBar.cpp:165 in Update] -> [follow mouse ok] : (0.854199, 2.1355)
[2026-09-28 01:40:17.037] [INF] [default] [TitleBar.cpp:165 in Update] -> [follow mouse ok] : (0.854199, 2.1355)
[2026-09-28 01:40:17.044] [INF] [default] [TitleBar.cpp:165 in Update] -> [follow mouse ok] : (1.02859, 2.05718)
[2026-09-28 01:40:17.052] [INF] [default] [TitleBar.cpp:165 in Update] -> [follow mouse ok] : (1.02859, 2.05718)
[2026-09-28 01:40:17.058] [INF] [default] [TitleBar.cpp:165 in Update] -> [follow mouse ok] : (0.557832, 2.23133)
[2026-09-28 01:40:17.062] [INF] [default] [TitleBar.cpp:165 in Update] -> [follow mouse ok] : (1.02859, 2.05718)
[2026-09-28 01:40:17.066] [INF] [default] [TitleBar.cpp:165 in Update] -> [follow mouse ok] : (1.02859, 2.05718)
[2026-09-28 01:40:17.072] [INF] [default] [TitleBar.cpp:165 in Update] -> [follow mouse ok] : (0.631859, 2.2115)
[2026-09-28 01:40:17.078] [INF] [default] [TitleBar.cpp:165 in Update] -> [follow mouse ok] : (0.854199, 2.1355)
[2026-09-28 01:40:17.081] [INF] [default] [TitleBar.cpp:165 in Update] -> [follow mouse ok] : (1.02859, 2.05718)
[2026-09-28 01:40:17.087] [INF] [default] [TitleBar.cpp:165 in Update] -> [follow mouse ok] : (1.18334, 1.97223)
[2026-09-28 01:40:17.093] [INF] [default] [TitleBar.cpp:165 in Update] -> [follow mouse ok] : (0.807584, 2.15356)
[2026-09-28 01:40:17.094] [INF] [default] [TitleBar.cpp:165 in Update] -> [follow mouse ok] : (1.02859, 2.05718)
[2026-09-28 01:40:17.100] [INF] [default] [TitleBar.cpp:165 in Update] -> [follow mouse ok] : (0.727324, 2.18197)
[2026-09-28 01:40:17.107] [INF] [default] [TitleBar.cpp:165 in Update] -> [follow mouse ok] : (1.18334, 1.97223)
[2026-09-28 01:40:17.112] [INF] [default] [TitleBar.cpp:165 in Update] -> [follow mouse ok] : (1.02859, 2.05718)
[2026-09-28 01:40:17.115] [INF] [default] [TitleBar.cpp:165 in Update] -> [follow mouse ok] : (0.854199, 2.1355)
[2026-09-28 01:40:17.121] [INF] [default] [TitleBar.cpp:165 in Update] -> [follow mouse ok] : (0.727324, 2.18197)
[2026-09-28 01:40:17.129] [INF] [default] [TitleBar.cpp:165 in Update] -> [follow mouse ok] : (0.854199, 2.1355)
[2026-09-28 01:40:17.135] [INF] [default] [TitleBar.cpp:165 in Update] -> [follow mouse ok] : (0.854199, 2.1355)
[2026-09-28 01:40:17.142] [INF] [default] [TitleBar.cpp:165 in Update] -> [follow mouse ok] : (1.18334, 1.97223)
[2026-09-28 01:40:17.145] [INF] [default] [TitleBar.cpp:165 in Update] -> [follow mouse ok] : (1.02859, 2.05718)
[2026-09-28 01:40:17.149] [INF] [default] [TitleBar.cpp:165 in Update] -> [follow mouse ok] : (1.02859, 2.05718)
[2026-09-28 01:40:17.155] [INF] [default] [TitleBar.cpp:165 in Update] -> [follow mouse ok] : (1.27581, 1.91372)
[2026-09-28 01:40:17.161] [INF] [default] [TitleBar.cpp:165 in Update] -> [follow mouse ok] : (1.02859, 2.05718)
[2026-09-28 01:40:17.163] [INF] [default] [TitleBar.cpp:165 in Update] -> [follow mouse ok] : (1.02859, 2.05718)
[2026-09-28 01:40:17.170] [INF] [default] [TitleBar.cpp:165 in Update] -> [follow mouse ok] : (1.14112, 1.99696)
[2026-09-28 01:40:17.176] [INF] [default] [TitleBar.cpp:165 in Update] -> [follow mouse ok] : (0.807584, 2.15356)
[2026-09-28 01:40:17.178] [INF] [default] [TitleBar.cpp:165 in Update] -> [follow mouse ok] : (1.02859, 2.05718)
[2026-09-28 01:40:17.184] [INF] [default] [TitleBar.cpp:165 in Update] -> [follow mouse ok] : (1.02859, 2.05718)
[2026-09-28 01:40:17.191] [INF] [default] [TitleBar.cpp:165 in Update] -> [follow mouse ok] : (1.18334, 1.97223)
[2026-09-28 01:40:17.194] [INF] [default] [TitleBar.cpp:165 in Update] -> [follow mouse ok] : (1.02859, 2.05718)
[2026-09-28 01:40:17.198] [INF] [default] [TitleBar.cpp:165 in Update] -> [follow mouse ok] : (1.18334, 1.97223)
[2026-09-28 01:40:17.205] [INF] [default] [TitleBar.cpp:165 in Update] -> [follow mouse ok] : (0.854199, 2.1355)
[2026-09-28 01:40:17.211] [INF] [default] [TitleBar.cpp:165 in Update] -> [follow mouse ok] : (1.27581, 1.91372)
[2026-09-28 01:40:17.213] [INF] [default] [TitleBar.cpp:165 in Update] -> [follow mouse ok] : (1.27581, 1.91372)
[2026-09-28 01:40:17.219] [INF] [default] [TitleBar.cpp:165 in Update] -> [follow mouse ok] : (1.02859, 2.05718)
[2026-09-28 01:40:17.225] [INF] [default] [TitleBar.cpp:165 in Update] -> [follow mouse ok] : (0.557832, 2.23133)
[2026-09-28 01:40:17.228] [INF] [default] [TitleBar.cpp:165 in Update] -> [follow mouse ok] : (1.02859, 2.05718)
[2026-09-28 01:40:17.232] [INF] [default] [TitleBar.cpp:165 in Update] -> [follow mouse ok] : (1.02859, 2.05718)
[2026-09-28 01:40:17.239] [INF] [default] [TitleBar.cpp:165 in Update] -> [follow mouse ok] : (0.906014, 2.11403)
[2026-09-28 01:40:17.244] [INF] [default] [TitleBar.cpp:165 in Update] -> [follow mouse ok] : (1.18334, 1.97223)
[2026-09-28 01:40:17.247] [INF] [default] [TitleBar.cpp:165 in Update] -> [follow mouse ok] : (1.18334, 1.97223)
[2026-09-28 01:40:17.253] [INF] [default] [TitleBar.cpp:165 in Update] -> [follow mouse ok] : (1.02859, 2.05718)
[2026-09-28 01:40:17.261] [INF] [default] [TitleBar.cpp:165 in Update] -> [follow mouse ok] : (0.631859, 2.2115)
[2026-09-28 01:40:17.268] [INF] [default] [TitleBar.cpp:165 in Update] -> [follow mouse ok] : (1.02859, 2.05718)
[2026-09-28 01:40:17.275] [INF] [default] [TitleBar.cpp:165 in Update] -> [follow mouse ok] : (0.854199, 2.1355)
[2026-09-28 01:40:17.278] [INF] [default] [TitleBar.cpp:165 in Update] -> [follow mouse ok] : (1.27581, 1.91372)
[2026-09-28 01:40:17.282] [INF] [default] [TitleBar.cpp:165 in Update] -> [follow mouse ok] : (1.02859, 2.05718)
[2026-09-28 01:40:17.288] [INF] [default] [TitleBar.cpp:165 in Update] -> [follow mouse ok] : (1.02859, 2.05718)
[2026-09-28 01:40:17.295] [INF] [default] [TitleBar.cpp:165 in Update] -> [follow mouse ok] : (1.02859, 2.05718)
[2026-09-28 01:40:17.303] [INF] [default] [TitleBar.cpp:165 in Update] -> [follow mouse ok] : (0.906014, 2.11403)
[2026-09-28 01:40:17.309] [INF] [default] [TitleBar.cpp:165 in Update] -> [follow mouse ok] : (1.02859, 2.05718)
[2026-09-28 01:40:17.311] [INF] [default] [TitleBar.cpp:165 in Update] -> [follow mouse ok] : (1.02859, 2.05718)
[2026-09-28 01:40:17.316] [INF] [default] [TitleBar.cpp:165 in Update] -> [follow mouse ok] : (1.27581, 1.91372)
[2026-09-28 01:40:17.323] [INF] [default] [TitleBar.cpp:165 in Update] -> [follow mouse ok] : (0.557832, 2.23133)
[2026-09-28 01:40:17.328] [INF] [default] [TitleBar.cpp:165 in Update] -> [follow mouse ok] : (1.02859, 2.05718)
[2026-09-28 01:40:17.330] [INF] [default] [TitleBar.cpp:165 in Update] -> [follow mouse ok] : (1.02859, 2.05718)
[2026-09-28 01:40:17.337] [INF] [default] [TitleBar.cpp:165 in Update] -> [follow mouse ok] : (0.854199, 2.1355)
[2026-09-28 01:40:17.345] [INF] [default] [TitleBar.cpp:165 in Update] -> [follow mouse ok] : (0.854199, 2.1355)
[2026-09-28 01:40:17.351] [INF] [default] [TitleBar.cpp:165 in Update] -> [follow mouse ok] : (1.02859, 2.05718)
[2026-09-28 01:40:17.357] [INF] [default] [TitleBar.cpp:165 in Update] -> [follow mouse ok] : (0.727324, 2.18197)
[2026-09-28 01:40:17.361] [INF] [default] [TitleBar.cpp:165 in Update] -> [follow mouse ok] : (1.62635, 1.62635)
[2026-09-28 01:40:17.365] [INF] [default] [TitleBar.cpp:165 in Update] -> [follow mouse ok] : (0.854199, 2.1355)
[2026-09-28 01:40:17.379] [INF] [default] [TitleBar.cpp:165 in Update] -> [follow mouse ok] : (0, 2.3)
