[2026-09-28 02:01:43.066] [INF] [default] [c3-exo10_main.cpp:40 in nkmain] -> [window] : (312, 160)
[2026-09-28 02:01:43.067] [INF] [default] [button.h:33 in Button] -> [button] size : NkRectT[pos(1130, 10); size(40, 30)]
[2026-09-28 02:01:43.067] [INF] [default] [button.h:33 in Button] -> [button] size : NkRectT[pos(1060, 10); size(40, 30)]
[2026-09-28 02:01:43.068] [INF] [default] [button.h:33 in Button] -> [button] size : NkRectT[pos(1020, 10); size(40, 30)]
[2026-09-28 02:01:43.068] [INF] [default] [c3-exo10_main.cpp:43 in nkmain] -> [button] : RECT : (1130, 10) (1170, 40)
[2026-09-28 02:01:44.686] [INF] [default] [TitleBar.cpp:145 in Update] -> [follow mouse ok] : (782, 782)
[2026-09-28 02:01:44.946] [INF] [default] [TitleBar.cpp:164 in Update] -> (1094, 179)
[2026-09-28 02:01:44.953] [INF] [default] [TitleBar.cpp:164 in Update] -> (1093, 179)
[2026-09-28 02:01:44.960] [INF] [default] [TitleBar.cpp:164 in Update] -> (1092, 179)
[2026-09-28 02:01:44.974] [INF] [default] [TitleBar.cpp:164 in Update] -> (1092, 180)
[2026-09-28 02:01:44.980] [INF] [default] [TitleBar.cpp:164 in Update] -> (1090, 181)
[2026-09-28 02:01:44.994] [INF] [default] [TitleBar.cpp:164 in Update] -> (1089, 181)
[2026-09-28 02:01:45.001] [INF] [default] [TitleBar.cpp:164 in Update] -> (1089, 182)
[2026-09-28 02:01:45.009] [INF] [default] [TitleBar.cpp:164 in Update] -> (1088, 183)
[2026-09-28 02:01:45.022] [INF] [default] [TitleBar.cpp:164 in Update] -> (1087, 183)
[2026-09-28 02:01:45.029] [INF] [default] [TitleBar.cpp:164 in Update] -> (1087, 184)
[2026-09-28 02:01:45.036] [INF] [default] [TitleBar.cpp:164 in Update] -> (1086, 185)
[2026-09-28 02:01:45.050] [INF] [default] [TitleBar.cpp:164 in Update] -> (1085, 186)
[2026-09-28 02:01:45.079] [INF] [default] [TitleBar.cpp:164 in Update] -> (1084, 186)
[2026-09-28 02:01:45.099] [INF] [default] [TitleBar.cpp:164 in Update] -> (1083, 187)
[2026-09-28 02:01:45.141] [INF] [default] [TitleBar.cpp:164 in Update] -> (1082, 188)
[2026-09-28 02:01:45.154] [INF] [default] [TitleBar.cpp:164 in Update] -> (1081, 189)
[2026-09-28 02:01:45.162] [INF] [default] [TitleBar.cpp:164 in Update] -> (1080, 190)
[2026-09-28 02:01:45.176] [INF] [default] [TitleBar.cpp:164 in Update] -> (1079, 190)
[2026-09-28 02:01:45.183] [INF] [default] [TitleBar.cpp:164 in Update] -> (1079, 191)
[2026-09-28 02:01:45.190] [INF] [default] [TitleBar.cpp:164 in Update] -> (1077, 192)
[2026-09-28 02:01:45.197] [INF] [default] [TitleBar.cpp:164 in Update] -> (1077, 193)
[2026-09-28 02:01:45.204] [INF] [default] [TitleBar.cpp:164 in Update] -> (1076, 193)
[2026-09-28 02:01:45.210] [INF] [default] [TitleBar.cpp:164 in Update] -> (1075, 194)
[2026-09-28 02:01:45.218] [INF] [default] [TitleBar.cpp:164 in Update] -> (1075, 195)
[2026-09-28 02:01:45.238] [INF] [default] [TitleBar.cpp:164 in Update] -> (1073, 196)
[2026-09-28 02:01:45.245] [INF] [default] [TitleBar.cpp:164 in Update] -> (1072, 197)
[2026-09-28 02:01:45.260] [INF] [default] [TitleBar.cpp:164 in Update] -> (1071, 198)
[2026-09-28 02:01:45.267] [INF] [default] [TitleBar.cpp:164 in Update] -> (1070, 198)
[2026-09-28 02:01:45.301] [INF] [default] [TitleBar.cpp:164 in Update] -> (1070, 199)
[2026-09-28 02:01:45.315] [INF] [default] [TitleBar.cpp:164 in Update] -> (1069, 199)
[2026-09-28 02:01:45.377] [INF] [default] [TitleBar.cpp:164 in Update] -> (1068, 199)
[2026-09-28 02:01:45.559] [INF] [default] [TitleBar.cpp:164 in Update] -> (1068, 200)
[2026-09-28 02:01:45.629] [INF] [default] [TitleBar.cpp:164 in Update] -> (1067, 200)
[2026-09-28 02:01:45.650] [INF] [default] [TitleBar.cpp:164 in Update] -> (1066, 200)
[2026-09-28 02:01:45.691] [INF] [default] [TitleBar.cpp:164 in Update] -> (1065, 200)
[2026-09-28 02:01:45.719] [INF] [default] [TitleBar.cpp:164 in Update] -> (1064, 200)
[2026-09-28 02:01:45.795] [INF] [default] [TitleBar.cpp:164 in Update] -> (1063, 200)
[2026-09-28 02:01:45.810] [INF] [default] [TitleBar.cpp:164 in Update] -> (1063, 199)
[2026-09-28 02:01:45.837] [INF] [default] [TitleBar.cpp:164 in Update] -> (1063, 198)
[2026-09-28 02:01:45.886] [INF] [default] [TitleBar.cpp:164 in Update] -> (1063, 197)
[2026-09-28 02:01:45.899] [INF] [default] [TitleBar.cpp:164 in Update] -> (1063, 196)
[2026-09-28 02:01:45.943] [INF] [default] [TitleBar.cpp:164 in Update] -> (1063, 195)
[2026-09-28 02:01:45.969] [INF] [default] [TitleBar.cpp:164 in Update] -> (1063, 194)
[2026-09-28 02:01:45.984] [INF] [default] [TitleBar.cpp:164 in Update] -> (1063, 193)
[2026-09-28 02:01:46.018] [INF] [default] [TitleBar.cpp:164 in Update] -> (1063, 192)
[2026-09-28 02:01:46.047] [INF] [default] [TitleBar.cpp:164 in Update] -> (1063, 191)
[2026-09-28 02:01:46.095] [INF] [default] [TitleBar.cpp:164 in Update] -> (1063, 190)
[2026-09-28 02:01:46.158] [INF] [default] [TitleBar.cpp:164 in Update] -> (1063, 189)
[2026-09-28 02:01:46.283] [INF] [default] [TitleBar.cpp:164 in Update] -> (1063, 188)
[2026-09-28 02:01:46.367] [INF] [default] [TitleBar.cpp:164 in Update] -> (1063, 187)
[2026-09-28 02:01:46.402] [INF] [default] [TitleBar.cpp:164 in Update] -> (1063, 186)
[2026-09-28 02:01:46.450] [INF] [default] [TitleBar.cpp:164 in Update] -> (1063, 185)
[2026-09-28 02:01:46.680] [INF] [default] [TitleBar.cpp:164 in Update] -> (1064, 185)
[2026-09-28 02:01:46.819] [INF] [default] [TitleBar.cpp:164 in Update] -> (1064, 184)
[2026-09-28 02:01:46.827] [INF] [default] [TitleBar.cpp:164 in Update] -> (1064, 183)
[2026-09-28 02:01:46.848] [INF] [default] [TitleBar.cpp:164 in Update] -> (1065, 183)
[2026-09-28 02:01:46.854] [INF] [default] [TitleBar.cpp:164 in Update] -> (1065, 182)
[2026-09-28 02:01:46.910] [INF] [default] [TitleBar.cpp:164 in Update] -> (1066, 182)
[2026-09-28 02:01:46.959] [INF] [default] [TitleBar.cpp:164 in Update] -> (1067, 182)
[2026-09-28 02:01:46.980] [INF] [default] [TitleBar.cpp:164 in Update] -> (1067, 181)
[2026-09-28 02:01:46.993] [INF] [default] [TitleBar.cpp:164 in Update] -> (1068, 180)
[2026-09-28 02:01:47.078] [INF] [default] [TitleBar.cpp:164 in Update] -> (1069, 180)
[2026-09-28 02:01:47.411] [INF] [default] [TitleBar.cpp:164 in Update] -> (1070, 180)
[2026-09-28 02:01:47.433] [INF] [default] [TitleBar.cpp:164 in Update] -> (1071, 180)
[2026-09-28 02:01:47.454] [INF] [default] [TitleBar.cpp:164 in Update] -> (1072, 179)
[2026-09-28 02:01:47.468] [INF] [default] [TitleBar.cpp:164 in Update] -> (1072, 178)
[2026-09-28 02:01:47.488] [INF] [default] [TitleBar.cpp:164 in Update] -> (1073, 177)
[2026-09-28 02:01:47.523] [INF] [default] [TitleBar.cpp:164 in Update] -> (1074, 177)
[2026-09-28 02:01:47.537] [INF] [default] [TitleBar.cpp:164 in Update] -> (1075, 177)
[2026-09-28 02:01:47.572] [INF] [default] [TitleBar.cpp:164 in Update] -> (1076, 177)
[2026-09-28 02:01:47.600] [INF] [default] [TitleBar.cpp:164 in Update] -> (1077, 177)
[2026-09-28 02:01:47.620] [INF] [default] [TitleBar.cpp:164 in Update] -> (1077, 176)
[2026-09-28 02:01:47.634] [INF] [default] [TitleBar.cpp:164 in Update] -> (1078, 175)
[2026-09-28 02:01:47.656] [INF] [default] [TitleBar.cpp:164 in Update] -> (1079, 175)
[2026-09-28 02:01:47.663] [INF] [default] [TitleBar.cpp:164 in Update] -> (1080, 175)
[2026-09-28 02:01:47.677] [INF] [default] [TitleBar.cpp:164 in Update] -> (1081, 174)
[2026-09-28 02:01:47.683] [INF] [default] [TitleBar.cpp:164 in Update] -> (1082, 174)
[2026-09-28 02:01:47.690] [INF] [default] [TitleBar.cpp:164 in Update] -> (1082, 173)
[2026-09-28 02:01:47.698] [INF] [default] [TitleBar.cpp:164 in Update] -> (1083, 173)
[2026-09-28 02:01:47.719] [INF] [default] [TitleBar.cpp:164 in Update] -> (1084, 172)
[2026-09-28 02:01:47.732] [INF] [default] [TitleBar.cpp:164 in Update] -> (1085, 172)
[2026-09-28 02:01:47.738] [INF] [default] [TitleBar.cpp:164 in Update] -> (1086, 172)
[2026-09-28 02:01:47.754] [INF] [default] [TitleBar.cpp:164 in Update] -> (1087, 171)
[2026-09-28 02:01:47.767] [INF] [default] [TitleBar.cpp:164 in Update] -> (1088, 171)
[2026-09-28 02:01:47.774] [INF] [default] [TitleBar.cpp:164 in Update] -> (1088, 170)
[2026-09-28 02:01:47.809] [INF] [default] [TitleBar.cpp:164 in Update] -> (1089, 170)
[2026-09-28 02:01:47.983] [INF] [default] [TitleBar.cpp:164 in Update] -> (1090, 170)
[2026-09-28 02:01:48.024] [INF] [default] [TitleBar.cpp:164 in Update] -> (1090, 171)
[2026-09-28 02:01:48.046] [INF] [default] [TitleBar.cpp:164 in Update] -> (1090, 172)
[2026-09-28 02:01:48.059] [INF] [default] [TitleBar.cpp:164 in Update] -> (1090, 173)
[2026-09-28 02:01:48.102] [INF] [default] [TitleBar.cpp:164 in Update] -> (1090, 174)
[2026-09-28 02:01:48.122] [INF] [default] [TitleBar.cpp:164 in Update] -> (1090, 175)
[2026-09-28 02:01:48.164] [INF] [default] [TitleBar.cpp:164 in Update] -> (1090, 176)
[2026-09-28 02:01:48.178] [INF] [default] [TitleBar.cpp:164 in Update] -> (1091, 177)
[2026-09-28 02:01:48.192] [INF] [default] [TitleBar.cpp:164 in Update] -> (1091, 178)
[2026-09-28 02:01:48.234] [INF] [default] [TitleBar.cpp:164 in Update] -> (1091, 179)
[2026-09-28 02:01:48.255] [INF] [default] [TitleBar.cpp:164 in Update] -> (1092, 179)
[2026-09-28 02:01:48.269] [INF] [default] [TitleBar.cpp:164 in Update] -> (1092, 180)
[2026-09-28 02:01:48.282] [INF] [default] [TitleBar.cpp:164 in Update] -> (1092, 181)
[2026-09-28 02:01:48.289] [INF] [default] [TitleBar.cpp:164 in Update] -> (1093, 181)
[2026-09-28 02:01:48.311] [INF] [default] [TitleBar.cpp:164 in Update] -> (1094, 181)
[2026-09-28 02:01:48.317] [INF] [default] [TitleBar.cpp:164 in Update] -> (1095, 181)
[2026-09-28 02:01:48.332] [INF] [default] [TitleBar.cpp:164 in Update] -> (1096, 181)
[2026-09-28 02:01:48.338] [INF] [default] [TitleBar.cpp:164 in Update] -> (1097, 181)
[2026-09-28 02:01:48.353] [INF] [default] [TitleBar.cpp:164 in Update] -> (1099, 182)
[2026-09-28 02:01:48.359] [INF] [default] [TitleBar.cpp:164 in Update] -> (1101, 182)
[2026-09-28 02:01:48.366] [INF] [default] [TitleBar.cpp:164 in Update] -> (1102, 182)
[2026-09-28 02:01:48.373] [INF] [default] [TitleBar.cpp:164 in Update] -> (1103, 182)
[2026-09-28 02:01:48.379] [INF] [default] [TitleBar.cpp:164 in Update] -> (1104, 182)
[2026-09-28 02:01:48.388] [INF] [default] [TitleBar.cpp:164 in Update] -> (1105, 182)
[2026-09-28 02:01:48.394] [INF] [default] [TitleBar.cpp:164 in Update] -> (1106, 182)
[2026-09-28 02:01:48.401] [INF] [default] [TitleBar.cpp:164 in Update] -> (1107, 182)
[2026-09-28 02:01:48.408] [INF] [default] [TitleBar.cpp:164 in Update] -> (1108, 182)
[2026-09-28 02:01:48.414] [INF] [default] [TitleBar.cpp:164 in Update] -> (1109, 182)
[2026-09-28 02:01:48.429] [INF] [default] [TitleBar.cpp:164 in Update] -> (1111, 182)
[2026-09-28 02:01:48.436] [INF] [default] [TitleBar.cpp:164 in Update] -> (1112, 182)
[2026-09-28 02:01:48.450] [INF] [default] [TitleBar.cpp:164 in Update] -> (1113, 182)
[2026-09-28 02:01:48.458] [INF] [default] [TitleBar.cpp:164 in Update] -> (1114, 182)
[2026-09-28 02:01:48.464] [INF] [default] [TitleBar.cpp:164 in Update] -> (1115, 182)
[2026-09-28 02:01:48.484] [INF] [default] [TitleBar.cpp:164 in Update] -> (1116, 182)
[2026-09-28 02:01:48.492] [INF] [default] [TitleBar.cpp:164 in Update] -> (1117, 182)
[2026-09-28 02:01:48.512] [INF] [default] [TitleBar.cpp:164 in Update] -> (1118, 182)
[2026-09-28 02:01:48.520] [INF] [default] [TitleBar.cpp:164 in Update] -> (1119, 182)
[2026-09-28 02:01:48.534] [INF] [default] [TitleBar.cpp:164 in Update] -> (1120, 182)
[2026-09-28 02:01:48.554] [INF] [default] [TitleBar.cpp:164 in Update] -> (1121, 182)
[2026-09-28 02:01:48.562] [INF] [default] [TitleBar.cpp:164 in Update] -> (1122, 182)
[2026-09-28 02:01:48.575] [INF] [default] [TitleBar.cpp:164 in Update] -> (1123, 182)
[2026-09-28 02:01:48.582] [INF] [default] [TitleBar.cpp:164 in Update] -> (1124, 182)
[2026-09-28 02:01:48.596] [INF] [default] [TitleBar.cpp:164 in Update] -> (1125, 182)
[2026-09-28 02:01:48.604] [INF] [default] [TitleBar.cpp:164 in Update] -> (1126, 182)
[2026-09-28 02:01:48.610] [INF] [default] [TitleBar.cpp:164 in Update] -> (1127, 182)
[2026-09-28 02:01:48.617] [INF] [default] [TitleBar.cpp:164 in Update] -> (1128, 182)
[2026-09-28 02:01:48.624] [INF] [default] [TitleBar.cpp:164 in Update] -> (1128, 181)
[2026-09-28 02:01:48.630] [INF] [default] [TitleBar.cpp:164 in Update] -> (1130, 181)
[2026-09-28 02:01:48.638] [INF] [default] [TitleBar.cpp:164 in Update] -> (1131, 181)
[2026-09-28 02:01:48.644] [INF] [default] [TitleBar.cpp:164 in Update] -> (1132, 181)
[2026-09-28 02:01:48.652] [INF] [default] [TitleBar.cpp:164 in Update] -> (1133, 181)
[2026-09-28 02:01:48.658] [INF] [default] [TitleBar.cpp:164 in Update] -> (1134, 181)
[2026-09-28 02:01:48.665] [INF] [default] [TitleBar.cpp:164 in Update] -> (1135, 180)
[2026-09-28 02:01:48.672] [INF] [default] [TitleBar.cpp:164 in Update] -> (1136, 180)
[2026-09-28 02:01:48.680] [INF] [default] [TitleBar.cpp:164 in Update] -> (1137, 180)
[2026-09-28 02:01:48.686] [INF] [default] [TitleBar.cpp:164 in Update] -> (1138, 180)
[2026-09-28 02:01:48.693] [INF] [default] [TitleBar.cpp:164 in Update] -> (1139, 180)
[2026-09-28 02:01:48.700] [INF] [default] [TitleBar.cpp:164 in Update] -> (1140, 180)
[2026-09-28 02:01:48.708] [INF] [default] [TitleBar.cpp:164 in Update] -> (1141, 180)
[2026-09-28 02:01:48.714] [INF] [default] [TitleBar.cpp:164 in Update] -> (1143, 180)
[2026-09-28 02:01:48.722] [INF] [default] [TitleBar.cpp:164 in Update] -> (1144, 180)
[2026-09-28 02:01:48.728] [INF] [default] [TitleBar.cpp:164 in Update] -> (1146, 180)
[2026-09-28 02:01:48.736] [INF] [default] [TitleBar.cpp:164 in Update] -> (1147, 180)
[2026-09-28 02:01:48.743] [INF] [default] [TitleBar.cpp:164 in Update] -> (1148, 180)
[2026-09-28 02:01:48.757] [INF] [default] [TitleBar.cpp:164 in Update] -> (1150, 180)
[2026-09-28 02:01:48.770] [INF] [default] [TitleBar.cpp:164 in Update] -> (1153, 179)
[2026-09-28 02:01:48.777] [INF] [default] [TitleBar.cpp:164 in Update] -> (1155, 178)
[2026-09-28 02:01:48.791] [INF] [default] [TitleBar.cpp:164 in Update] -> (1157, 178)
[2026-09-28 02:01:48.798] [INF] [default] [TitleBar.cpp:164 in Update] -> (1159, 178)
[2026-09-28 02:01:48.805] [INF] [default] [TitleBar.cpp:164 in Update] -> (1160, 178)
[2026-09-28 02:01:48.813] [INF] [default] [TitleBar.cpp:164 in Update] -> (1161, 178)
[2026-09-28 02:01:48.819] [INF] [default] [TitleBar.cpp:164 in Update] -> (1162, 178)
[2026-09-28 02:01:48.826] [INF] [default] [TitleBar.cpp:164 in Update] -> (1163, 178)
[2026-09-28 02:01:48.833] [INF] [default] [TitleBar.cpp:164 in Update] -> (1164, 178)
[2026-09-28 02:01:48.847] [INF] [default] [TitleBar.cpp:164 in Update] -> (1165, 178)
[2026-09-28 02:01:48.854] [INF] [default] [TitleBar.cpp:164 in Update] -> (1167, 178)
[2026-09-28 02:01:48.861] [INF] [default] [TitleBar.cpp:164 in Update] -> (1168, 177)
[2026-09-28 02:01:48.867] [INF] [default] [TitleBar.cpp:164 in Update] -> (1169, 177)
[2026-09-28 02:01:48.881] [INF] [default] [TitleBar.cpp:164 in Update] -> (1171, 177)
[2026-09-28 02:01:48.889] [INF] [default] [TitleBar.cpp:164 in Update] -> (1172, 177)
[2026-09-28 02:01:48.896] [INF] [default] [TitleBar.cpp:164 in Update] -> (1173, 177)
[2026-09-28 02:01:48.903] [INF] [default] [TitleBar.cpp:164 in Update] -> (1174, 177)
[2026-09-28 02:01:48.909] [INF] [default] [TitleBar.cpp:164 in Update] -> (1175, 177)
[2026-09-28 02:01:48.924] [INF] [default] [TitleBar.cpp:164 in Update] -> (1176, 177)
[2026-09-28 02:01:48.937] [INF] [default] [TitleBar.cpp:164 in Update] -> (1178, 177)
[2026-09-28 02:01:48.951] [INF] [default] [TitleBar.cpp:164 in Update] -> (1179, 177)
[2026-09-28 02:01:48.959] [INF] [default] [TitleBar.cpp:164 in Update] -> (1180, 177)
[2026-09-28 02:01:48.979] [INF] [default] [TitleBar.cpp:164 in Update] -> (1182, 177)
[2026-09-28 02:01:48.993] [INF] [default] [TitleBar.cpp:164 in Update] -> (1183, 177)
[2026-09-28 02:01:49.014] [INF] [default] [TitleBar.cpp:164 in Update] -> (1184, 177)
[2026-09-28 02:01:49.042] [INF] [default] [TitleBar.cpp:164 in Update] -> (1185, 177)
[2026-09-28 02:01:49.055] [INF] [default] [TitleBar.cpp:164 in Update] -> (1186, 177)
[2026-09-28 02:01:50.889] [INF] [default] [TitleBar.cpp:145 in Update] -> [follow mouse ok] : (875, 875)
[2026-09-28 02:01:51.173] [INF] [default] [TitleBar.cpp:164 in Update] -> (1187, 177)
[2026-09-28 02:01:51.181] [INF] [default] [TitleBar.cpp:164 in Update] -> (1186, 177)
[2026-09-28 02:01:51.189] [INF] [default] [TitleBar.cpp:164 in Update] -> (1183, 177)
[2026-09-28 02:01:51.195] [INF] [default] [TitleBar.cpp:164 in Update] -> (1181, 177)
[2026-09-28 02:01:51.202] [INF] [default] [TitleBar.cpp:164 in Update] -> (1178, 176)
[2026-09-28 02:01:51.209] [INF] [default] [TitleBar.cpp:164 in Update] -> (1176, 176)
[2026-09-28 02:01:51.216] [INF] [default] [TitleBar.cpp:164 in Update] -> (1172, 176)
[2026-09-28 02:01:51.223] [INF] [default] [TitleBar.cpp:164 in Update] -> (1170, 176)
[2026-09-28 02:01:51.231] [INF] [default] [TitleBar.cpp:164 in Update] -> (1168, 176)
[2026-09-28 02:01:51.238] [INF] [default] [TitleBar.cpp:164 in Update] -> (1167, 176)
[2026-09-28 02:01:51.244] [INF] [default] [TitleBar.cpp:164 in Update] -> (1164, 176)
[2026-09-28 02:01:51.251] [INF] [default] [TitleBar.cpp:164 in Update] -> (1162, 176)
[2026-09-28 02:01:51.258] [INF] [default] [TitleBar.cpp:164 in Update] -> (1161, 176)
[2026-09-28 02:01:51.265] [INF] [default] [TitleBar.cpp:164 in Update] -> (1160, 176)
[2026-09-28 02:01:51.279] [INF] [default] [TitleBar.cpp:164 in Update] -> (1158, 176)
[2026-09-28 02:01:51.286] [INF] [default] [TitleBar.cpp:164 in Update] -> (1156, 176)
[2026-09-28 02:01:51.300] [INF] [default] [TitleBar.cpp:164 in Update] -> (1155, 175)
[2026-09-28 02:01:51.307] [INF] [default] [TitleBar.cpp:164 in Update] -> (1154, 175)
[2026-09-28 02:01:51.328] [INF] [default] [TitleBar.cpp:164 in Update] -> (1153, 175)
[2026-09-28 02:01:51.334] [INF] [default] [TitleBar.cpp:164 in Update] -> (1151, 175)
[2026-09-28 02:01:51.348] [INF] [default] [TitleBar.cpp:164 in Update] -> (1150, 175)
[2026-09-28 02:01:51.355] [INF] [default] [TitleBar.cpp:164 in Update] -> (1148, 175)
[2026-09-28 02:01:51.369] [INF] [default] [TitleBar.cpp:164 in Update] -> (1147, 175)
[2026-09-28 02:01:51.383] [INF] [default] [TitleBar.cpp:164 in Update] -> (1145, 175)
[2026-09-28 02:01:51.391] [INF] [default] [TitleBar.cpp:164 in Update] -> (1143, 175)
[2026-09-28 02:01:51.397] [INF] [default] [TitleBar.cpp:164 in Update] -> (1142, 175)
[2026-09-28 02:01:51.404] [INF] [default] [TitleBar.cpp:164 in Update] -> (1141, 175)
[2026-09-28 02:01:51.411] [INF] [default] [TitleBar.cpp:164 in Update] -> (1140, 175)
[2026-09-28 02:01:51.418] [INF] [default] [TitleBar.cpp:164 in Update] -> (1139, 175)
[2026-09-28 02:01:51.425] [INF] [default] [TitleBar.cpp:164 in Update] -> (1138, 175)
[2026-09-28 02:01:51.433] [INF] [default] [TitleBar.cpp:164 in Update] -> (1137, 175)
[2026-09-28 02:01:51.439] [INF] [default] [TitleBar.cpp:164 in Update] -> (1136, 175)
[2026-09-28 02:01:51.446] [INF] [default] [TitleBar.cpp:164 in Update] -> (1135, 175)
[2026-09-28 02:01:51.460] [INF] [default] [TitleBar.cpp:164 in Update] -> (1133, 175)
[2026-09-28 02:01:51.467] [INF] [default] [TitleBar.cpp:164 in Update] -> (1132, 175)
[2026-09-28 02:01:51.474] [INF] [default] [TitleBar.cpp:164 in Update] -> (1131, 175)
[2026-09-28 02:01:51.481] [INF] [default] [TitleBar.cpp:164 in Update] -> (1130, 175)
[2026-09-28 02:01:51.488] [INF] [default] [TitleBar.cpp:164 in Update] -> (1129, 175)
[2026-09-28 02:01:51.502] [INF] [default] [TitleBar.cpp:164 in Update] -> (1128, 175)
[2026-09-28 02:01:51.508] [INF] [default] [TitleBar.cpp:164 in Update] -> (1127, 175)
[2026-09-28 02:01:51.523] [INF] [default] [TitleBar.cpp:164 in Update] -> (1126, 175)
[2026-09-28 02:01:51.529] [INF] [default] [TitleBar.cpp:164 in Update] -> (1125, 175)
[2026-09-28 02:01:51.544] [INF] [default] [TitleBar.cpp:164 in Update] -> (1124, 175)
[2026-09-28 02:01:51.557] [INF] [default] [TitleBar.cpp:164 in Update] -> (1123, 175)
[2026-09-28 02:01:51.571] [INF] [default] [TitleBar.cpp:164 in Update] -> (1122, 175)
[2026-09-28 02:01:51.620] [INF] [default] [TitleBar.cpp:164 in Update] -> (1121, 175)
[2026-09-28 02:01:51.634] [INF] [default] [TitleBar.cpp:164 in Update] -> (1120, 175)
[2026-09-28 02:01:51.710] [INF] [default] [TitleBar.cpp:164 in Update] -> (1119, 175)
[2026-09-28 02:01:51.815] [INF] [default] [TitleBar.cpp:164 in Update] -> (1119, 176)
[2026-09-28 02:01:51.975] [INF] [default] [TitleBar.cpp:164 in Update] -> (1119, 177)
[2026-09-28 02:01:52.390] [INF] [default] [TitleBar.cpp:145 in Update] -> [follow mouse ok] : (808, 808)
[2026-09-28 02:01:52.741] [INF] [default] [TitleBar.cpp:164 in Update] -> (1120, 178)
[2026-09-28 02:01:52.762] [INF] [default] [TitleBar.cpp:164 in Update] -> (1121, 178)
[2026-09-28 02:01:52.838] [INF] [default] [TitleBar.cpp:164 in Update] -> (1122, 178)
[2026-09-28 02:01:52.957] [INF] [default] [TitleBar.cpp:164 in Update] -> (1123, 178)
[2026-09-28 02:01:53.263] [INF] [default] [TitleBar.cpp:164 in Update] -> (1124, 178)
[2026-09-28 02:01:53.284] [INF] [default] [TitleBar.cpp:164 in Update] -> (1123, 178)
[2026-09-28 02:01:53.298] [INF] [default] [TitleBar.cpp:164 in Update] -> (1122, 178)
[2026-09-28 02:01:53.312] [INF] [default] [TitleBar.cpp:164 in Update] -> (1121, 178)
[2026-09-28 02:01:53.319] [INF] [default] [TitleBar.cpp:164 in Update] -> (1120, 178)
[2026-09-28 02:01:53.326] [INF] [default] [TitleBar.cpp:164 in Update] -> (1119, 178)
[2026-09-28 02:01:53.340] [INF] [default] [TitleBar.cpp:164 in Update] -> (1118, 178)
[2026-09-28 02:01:53.347] [INF] [default] [TitleBar.cpp:164 in Update] -> (1117, 179)
[2026-09-28 02:01:53.361] [INF] [default] [TitleBar.cpp:164 in Update] -> (1116, 179)
[2026-09-28 02:01:53.367] [INF] [default] [TitleBar.cpp:164 in Update] -> (1115, 179)
[2026-09-28 02:01:53.374] [INF] [default] [TitleBar.cpp:164 in Update] -> (1114, 179)
[2026-09-28 02:01:53.396] [INF] [default] [TitleBar.cpp:164 in Update] -> (1113, 179)
[2026-09-28 02:01:53.402] [INF] [default] [TitleBar.cpp:164 in Update] -> (1112, 179)
[2026-09-28 02:01:53.430] [INF] [default] [TitleBar.cpp:164 in Update] -> (1111, 179)
[2026-09-28 02:01:53.444] [INF] [default] [TitleBar.cpp:164 in Update] -> (1110, 179)
[2026-09-28 02:01:53.459] [INF] [default] [TitleBar.cpp:164 in Update] -> (1109, 179)
[2026-09-28 02:01:53.473] [INF] [default] [TitleBar.cpp:164 in Update] -> (1108, 179)
[2026-09-28 02:01:53.479] [INF] [default] [TitleBar.cpp:164 in Update] -> (1107, 179)
[2026-09-28 02:01:53.494] [INF] [default] [TitleBar.cpp:164 in Update] -> (1106, 179)
[2026-09-28 02:01:53.500] [INF] [default] [TitleBar.cpp:164 in Update] -> (1105, 179)
[2026-09-28 02:01:53.507] [INF] [default] [TitleBar.cpp:164 in Update] -> (1104, 179)
[2026-09-28 02:01:53.514] [INF] [default] [TitleBar.cpp:164 in Update] -> (1103, 179)
[2026-09-28 02:01:53.521] [INF] [default] [TitleBar.cpp:164 in Update] -> (1102, 179)
[2026-09-28 02:01:53.534] [INF] [default] [TitleBar.cpp:164 in Update] -> (1101, 179)
[2026-09-28 02:01:53.541] [INF] [default] [TitleBar.cpp:164 in Update] -> (1099, 179)
[2026-09-28 02:01:53.556] [INF] [default] [TitleBar.cpp:164 in Update] -> (1097, 179)
[2026-09-28 02:01:53.563] [INF] [default] [TitleBar.cpp:164 in Update] -> (1096, 179)
[2026-09-28 02:01:53.570] [INF] [default] [TitleBar.cpp:164 in Update] -> (1095, 179)
[2026-09-28 02:01:53.577] [INF] [default] [TitleBar.cpp:164 in Update] -> (1094, 179)
[2026-09-28 02:01:53.584] [INF] [default] [TitleBar.cpp:164 in Update] -> (1093, 179)
[2026-09-28 02:01:53.591] [INF] [default] [TitleBar.cpp:164 in Update] -> (1092, 179)
[2026-09-28 02:01:53.598] [INF] [default] [TitleBar.cpp:164 in Update] -> (1091, 179)
[2026-09-28 02:01:53.604] [INF] [default] [TitleBar.cpp:164 in Update] -> (1090, 179)
[2026-09-28 02:01:53.611] [INF] [default] [TitleBar.cpp:164 in Update] -> (1089, 179)
[2026-09-28 02:01:53.618] [INF] [default] [TitleBar.cpp:164 in Update] -> (1087, 179)
[2026-09-28 02:01:53.626] [INF] [default] [TitleBar.cpp:164 in Update] -> (1086, 179)
[2026-09-28 02:01:53.633] [INF] [default] [TitleBar.cpp:164 in Update] -> (1085, 179)
[2026-09-28 02:01:53.640] [INF] [default] [TitleBar.cpp:164 in Update] -> (1084, 179)
[2026-09-28 02:01:53.646] [INF] [default] [TitleBar.cpp:164 in Update] -> (1083, 179)
[2026-09-28 02:01:53.654] [INF] [default] [TitleBar.cpp:164 in Update] -> (1082, 179)
[2026-09-28 02:01:53.661] [INF] [default] [TitleBar.cpp:164 in Update] -> (1081, 179)
[2026-09-28 02:01:53.667] [INF] [default] [TitleBar.cpp:164 in Update] -> (1080, 179)
[2026-09-28 02:01:53.674] [INF] [default] [TitleBar.cpp:164 in Update] -> (1079, 179)
[2026-09-28 02:01:53.688] [INF] [default] [TitleBar.cpp:164 in Update] -> (1077, 179)
[2026-09-28 02:01:53.695] [INF] [default] [TitleBar.cpp:164 in Update] -> (1076, 179)
[2026-09-28 02:01:53.702] [INF] [default] [TitleBar.cpp:164 in Update] -> (1075, 179)
[2026-09-28 02:01:53.710] [INF] [default] [TitleBar.cpp:164 in Update] -> (1074, 179)
[2026-09-28 02:01:53.715] [INF] [default] [TitleBar.cpp:164 in Update] -> (1073, 179)
[2026-09-28 02:01:53.730] [INF] [default] [TitleBar.cpp:164 in Update] -> (1072, 179)
[2026-09-28 02:01:53.737] [INF] [default] [TitleBar.cpp:164 in Update] -> (1071, 179)
[2026-09-28 02:01:53.750] [INF] [default] [TitleBar.cpp:164 in Update] -> (1070, 179)
[2026-09-28 02:01:53.758] [INF] [default] [TitleBar.cpp:164 in Update] -> (1069, 180)
[2026-09-28 02:01:53.764] [INF] [default] [TitleBar.cpp:164 in Update] -> (1068, 180)
[2026-09-28 02:01:53.779] [INF] [default] [TitleBar.cpp:164 in Update] -> (1067, 180)
[2026-09-28 02:01:53.793] [INF] [default] [TitleBar.cpp:164 in Update] -> (1065, 180)
[2026-09-28 02:01:53.800] [INF] [default] [TitleBar.cpp:164 in Update] -> (1064, 180)
[2026-09-28 02:01:53.806] [INF] [default] [TitleBar.cpp:164 in Update] -> (1063, 180)
[2026-09-28 02:01:53.813] [INF] [default] [TitleBar.cpp:164 in Update] -> (1063, 181)
[2026-09-28 02:01:53.821] [INF] [default] [TitleBar.cpp:164 in Update] -> (1061, 181)
[2026-09-28 02:01:53.828] [INF] [default] [TitleBar.cpp:164 in Update] -> (1061, 182)
[2026-09-28 02:01:53.834] [INF] [default] [TitleBar.cpp:164 in Update] -> (1060, 182)
[2026-09-28 02:01:53.841] [INF] [default] [TitleBar.cpp:164 in Update] -> (1059, 182)
[2026-09-28 02:01:53.848] [INF] [default] [TitleBar.cpp:164 in Update] -> (1058, 182)
[2026-09-28 02:01:53.856] [INF] [default] [TitleBar.cpp:164 in Update] -> (1057, 182)
[2026-09-28 02:01:53.869] [INF] [default] [TitleBar.cpp:164 in Update] -> (1056, 182)
[2026-09-28 02:01:53.878] [INF] [default] [TitleBar.cpp:164 in Update] -> (1055, 182)
[2026-09-28 02:01:53.883] [INF] [default] [TitleBar.cpp:164 in Update] -> (1054, 182)
[2026-09-28 02:01:53.890] [INF] [default] [TitleBar.cpp:164 in Update] -> (1054, 183)
[2026-09-28 02:01:53.897] [INF] [default] [TitleBar.cpp:164 in Update] -> (1053, 183)
[2026-09-28 02:01:53.904] [INF] [default] [TitleBar.cpp:164 in Update] -> (1052, 183)
[2026-09-28 02:01:53.926] [INF] [default] [TitleBar.cpp:164 in Update] -> (1051, 183)
[2026-09-28 02:01:53.946] [INF] [default] [TitleBar.cpp:164 in Update] -> (1050, 183)
[2026-09-28 02:01:53.987] [INF] [default] [TitleBar.cpp:164 in Update] -> (1049, 183)
[2026-09-28 02:01:54.002] [INF] [default] [TitleBar.cpp:164 in Update] -> (1048, 183)
[2026-09-28 02:01:54.029] [INF] [default] [TitleBar.cpp:164 in Update] -> (1047, 183)
[2026-09-28 02:01:54.037] [INF] [default] [TitleBar.cpp:164 in Update] -> (1046, 183)
[2026-09-28 02:01:54.113] [INF] [default] [TitleBar.cpp:164 in Update] -> (1046, 184)
[2026-09-28 02:01:54.133] [INF] [default] [TitleBar.cpp:164 in Update] -> (1045, 185)
[2026-09-28 02:01:54.147] [INF] [default] [TitleBar.cpp:164 in Update] -> (1044, 186)
[2026-09-28 02:01:54.176] [INF] [default] [TitleBar.cpp:164 in Update] -> (1044, 187)
[2026-09-28 02:01:54.183] [INF] [default] [TitleBar.cpp:164 in Update] -> (1043, 187)
[2026-09-28 02:01:54.189] [INF] [default] [TitleBar.cpp:164 in Update] -> (1043, 188)
[2026-09-28 02:01:54.196] [INF] [default] [TitleBar.cpp:164 in Update] -> (1042, 189)
[2026-09-28 02:01:54.211] [INF] [default] [TitleBar.cpp:164 in Update] -> (1041, 189)
[2026-09-28 02:01:54.217] [INF] [default] [TitleBar.cpp:164 in Update] -> (1041, 190)
[2026-09-28 02:01:54.224] [INF] [default] [TitleBar.cpp:164 in Update] -> (1040, 191)
[2026-09-28 02:01:54.238] [INF] [default] [TitleBar.cpp:164 in Update] -> (1039, 192)
[2026-09-28 02:01:54.246] [INF] [default] [TitleBar.cpp:164 in Update] -> (1039, 193)
[2026-09-28 02:01:54.252] [INF] [default] [TitleBar.cpp:164 in Update] -> (1038, 195)
[2026-09-28 02:01:54.259] [INF] [default] [TitleBar.cpp:164 in Update] -> (1037, 195)
[2026-09-28 02:01:54.266] [INF] [default] [TitleBar.cpp:164 in Update] -> (1036, 197)
[2026-09-28 02:01:54.280] [INF] [default] [TitleBar.cpp:164 in Update] -> (1035, 199)
[2026-09-28 02:01:54.287] [INF] [default] [TitleBar.cpp:164 in Update] -> (1034, 200)
[2026-09-28 02:01:54.294] [INF] [default] [TitleBar.cpp:164 in Update] -> (1033, 202)
[2026-09-28 02:01:54.301] [INF] [default] [TitleBar.cpp:164 in Update] -> (1032, 203)
[2026-09-28 02:01:54.308] [INF] [default] [TitleBar.cpp:164 in Update] -> (1032, 205)
[2026-09-28 02:01:54.315] [INF] [default] [TitleBar.cpp:164 in Update] -> (1031, 207)
[2026-09-28 02:01:54.322] [INF] [default] [TitleBar.cpp:164 in Update] -> (1030, 207)
[2026-09-28 02:01:54.329] [INF] [default] [TitleBar.cpp:164 in Update] -> (1029, 209)
[2026-09-28 02:01:54.343] [INF] [default] [TitleBar.cpp:164 in Update] -> (1028, 211)
[2026-09-28 02:01:54.349] [INF] [default] [TitleBar.cpp:164 in Update] -> (1027, 212)
[2026-09-28 02:01:54.357] [INF] [default] [TitleBar.cpp:164 in Update] -> (1027, 213)
[2026-09-28 02:01:54.378] [INF] [default] [TitleBar.cpp:164 in Update] -> (1026, 214)
[2026-09-28 02:01:54.384] [INF] [default] [TitleBar.cpp:164 in Update] -> (1026, 215)
[2026-09-28 02:01:54.399] [INF] [default] [TitleBar.cpp:164 in Update] -> (1025, 216)
[2026-09-28 02:01:54.427] [INF] [default] [TitleBar.cpp:164 in Update] -> (1024, 217)
[2026-09-28 02:01:54.496] [INF] [default] [TitleBar.cpp:164 in Update] -> (1024, 218)
[2026-09-28 02:01:54.517] [INF] [default] [TitleBar.cpp:164 in Update] -> (1024, 217)
[2026-09-28 02:01:54.524] [INF] [default] [TitleBar.cpp:164 in Update] -> (1024, 216)
[2026-09-28 02:01:54.545] [INF] [default] [TitleBar.cpp:164 in Update] -> (1024, 215)
[2026-09-28 02:01:54.559] [INF] [default] [TitleBar.cpp:164 in Update] -> (1024, 214)
[2026-09-28 02:01:54.567] [INF] [default] [TitleBar.cpp:164 in Update] -> (1024, 213)
[2026-09-28 02:01:54.572] [INF] [default] [TitleBar.cpp:164 in Update] -> (1024, 212)
[2026-09-28 02:01:54.587] [INF] [default] [TitleBar.cpp:164 in Update] -> (1024, 211)
[2026-09-28 02:01:54.594] [INF] [default] [TitleBar.cpp:164 in Update] -> (1024, 210)
[2026-09-28 02:01:54.601] [INF] [default] [TitleBar.cpp:164 in Update] -> (1024, 209)
[2026-09-28 02:01:54.614] [INF] [default] [TitleBar.cpp:164 in Update] -> (1025, 208)
[2026-09-28 02:01:54.621] [INF] [default] [TitleBar.cpp:164 in Update] -> (1025, 207)
[2026-09-28 02:01:54.636] [INF] [default] [TitleBar.cpp:164 in Update] -> (1025, 206)
[2026-09-28 02:01:54.643] [INF] [default] [TitleBar.cpp:164 in Update] -> (1026, 204)
[2026-09-28 02:01:54.656] [INF] [default] [TitleBar.cpp:164 in Update] -> (1026, 203)
[2026-09-28 02:01:54.663] [INF] [default] [TitleBar.cpp:164 in Update] -> (1026, 202)
[2026-09-28 02:01:54.671] [INF] [default] [TitleBar.cpp:164 in Update] -> (1027, 201)
[2026-09-28 02:01:54.678] [INF] [default] [TitleBar.cpp:164 in Update] -> (1028, 201)
[2026-09-28 02:01:54.684] [INF] [default] [TitleBar.cpp:164 in Update] -> (1028, 200)
[2026-09-28 02:01:54.691] [INF] [default] [TitleBar.cpp:164 in Update] -> (1028, 199)
[2026-09-28 02:01:54.705] [INF] [default] [TitleBar.cpp:164 in Update] -> (1028, 198)
[2026-09-28 02:01:54.712] [INF] [default] [TitleBar.cpp:164 in Update] -> (1029, 197)
[2026-09-28 02:01:54.726] [INF] [default] [TitleBar.cpp:164 in Update] -> (1029, 196)
[2026-09-28 02:01:54.740] [INF] [default] [TitleBar.cpp:164 in Update] -> (1030, 196)
[2026-09-28 02:01:54.761] [INF] [default] [TitleBar.cpp:164 in Update] -> (1030, 195)
[2026-09-28 02:01:54.782] [INF] [default] [TitleBar.cpp:164 in Update] -> (1030, 194)
[2026-09-28 02:01:54.844] [INF] [default] [TitleBar.cpp:164 in Update] -> (1031, 193)
[2026-09-28 02:01:54.998] [INF] [default] [TitleBar.cpp:164 in Update] -> (1032, 193)
[2026-09-28 02:01:55.004] [INF] [default] [TitleBar.cpp:164 in Update] -> (1032, 192)
[2026-09-28 02:01:55.025] [INF] [default] [TitleBar.cpp:164 in Update] -> (1033, 192)
[2026-09-28 02:01:55.032] [INF] [default] [TitleBar.cpp:164 in Update] -> (1034, 191)
[2026-09-28 02:01:55.054] [INF] [default] [TitleBar.cpp:164 in Update] -> (1035, 191)
[2026-09-28 02:01:55.061] [INF] [default] [TitleBar.cpp:164 in Update] -> (1037, 190)
[2026-09-28 02:01:55.068] [INF] [default] [TitleBar.cpp:164 in Update] -> (1038, 190)
[2026-09-28 02:01:55.074] [INF] [default] [TitleBar.cpp:164 in Update] -> (1039, 189)
[2026-09-28 02:01:55.082] [INF] [default] [TitleBar.cpp:164 in Update] -> (1041, 189)
[2026-09-28 02:01:55.089] [INF] [default] [TitleBar.cpp:164 in Update] -> (1042, 188)
[2026-09-28 02:01:55.096] [INF] [default] [TitleBar.cpp:164 in Update] -> (1043, 187)
[2026-09-28 02:01:55.102] [INF] [default] [TitleBar.cpp:164 in Update] -> (1045, 187)
[2026-09-28 02:01:55.109] [INF] [default] [TitleBar.cpp:164 in Update] -> (1046, 187)
[2026-09-28 02:01:55.117] [INF] [default] [TitleBar.cpp:164 in Update] -> (1048, 187)
[2026-09-28 02:01:55.124] [INF] [default] [TitleBar.cpp:164 in Update] -> (1049, 187)
[2026-09-28 02:01:55.130] [INF] [default] [TitleBar.cpp:164 in Update] -> (1050, 186)
[2026-09-28 02:01:55.138] [INF] [default] [TitleBar.cpp:164 in Update] -> (1051, 186)
[2026-09-28 02:01:55.152] [INF] [default] [TitleBar.cpp:164 in Update] -> (1052, 185)
[2026-09-28 02:01:55.159] [INF] [default] [TitleBar.cpp:164 in Update] -> (1053, 185)
[2026-09-28 02:01:55.172] [INF] [default] [TitleBar.cpp:164 in Update] -> (1054, 184)
[2026-09-28 02:01:55.179] [INF] [default] [TitleBar.cpp:164 in Update] -> (1055, 184)
[2026-09-28 02:01:55.186] [INF] [default] [TitleBar.cpp:164 in Update] -> (1056, 184)
[2026-09-28 02:01:55.200] [INF] [default] [TitleBar.cpp:164 in Update] -> (1057, 184)
[2026-09-28 02:01:55.207] [INF] [default] [TitleBar.cpp:164 in Update] -> (1058, 184)
[2026-09-28 02:01:55.228] [INF] [default] [TitleBar.cpp:164 in Update] -> (1060, 184)
[2026-09-28 02:01:55.234] [INF] [default] [TitleBar.cpp:164 in Update] -> (1062, 184)
[2026-09-28 02:01:55.249] [INF] [default] [TitleBar.cpp:164 in Update] -> (1063, 184)
[2026-09-28 02:01:55.256] [INF] [default] [TitleBar.cpp:164 in Update] -> (1064, 184)
[2026-09-28 02:01:55.262] [INF] [default] [TitleBar.cpp:164 in Update] -> (1065, 184)
[2026-09-28 02:01:55.276] [INF] [default] [TitleBar.cpp:164 in Update] -> (1066, 184)
[2026-09-28 02:01:55.283] [INF] [default] [TitleBar.cpp:164 in Update] -> (1067, 184)
[2026-09-28 02:01:55.297] [INF] [default] [TitleBar.cpp:164 in Update] -> (1068, 184)
[2026-09-28 02:01:55.304] [INF] [default] [TitleBar.cpp:164 in Update] -> (1069, 184)
[2026-09-28 02:01:55.318] [INF] [default] [TitleBar.cpp:164 in Update] -> (1070, 184)
[2026-09-28 02:01:55.326] [INF] [default] [TitleBar.cpp:164 in Update] -> (1071, 184)
[2026-09-28 02:01:55.333] [INF] [default] [TitleBar.cpp:164 in Update] -> (1072, 184)
[2026-09-28 02:01:55.346] [INF] [default] [TitleBar.cpp:164 in Update] -> (1073, 184)
[2026-09-28 02:01:55.353] [INF] [default] [TitleBar.cpp:164 in Update] -> (1075, 184)
[2026-09-28 02:01:55.367] [INF] [default] [TitleBar.cpp:164 in Update] -> (1076, 184)
[2026-09-28 02:01:55.374] [INF] [default] [TitleBar.cpp:164 in Update] -> (1077, 184)
[2026-09-28 02:01:55.381] [INF] [default] [TitleBar.cpp:164 in Update] -> (1079, 184)
[2026-09-28 02:01:55.388] [INF] [default] [TitleBar.cpp:164 in Update] -> (1081, 185)
[2026-09-28 02:01:55.396] [INF] [default] [TitleBar.cpp:164 in Update] -> (1082, 185)
[2026-09-28 02:01:55.402] [INF] [default] [TitleBar.cpp:164 in Update] -> (1083, 185)
[2026-09-28 02:01:55.409] [INF] [default] [TitleBar.cpp:164 in Update] -> (1085, 186)
[2026-09-28 02:01:55.416] [INF] [default] [TitleBar.cpp:164 in Update] -> (1087, 186)
[2026-09-28 02:01:55.423] [INF] [default] [TitleBar.cpp:164 in Update] -> (1088, 186)
[2026-09-28 02:01:55.429] [INF] [default] [TitleBar.cpp:164 in Update] -> (1090, 187)
[2026-09-28 02:01:55.437] [INF] [default] [TitleBar.cpp:164 in Update] -> (1092, 187)
[2026-09-28 02:01:55.444] [INF] [default] [TitleBar.cpp:164 in Update] -> (1093, 187)
[2026-09-28 02:01:55.450] [INF] [default] [TitleBar.cpp:164 in Update] -> (1095, 188)
[2026-09-28 02:01:55.458] [INF] [default] [TitleBar.cpp:164 in Update] -> (1096, 188)
[2026-09-28 02:01:55.464] [INF] [default] [TitleBar.cpp:164 in Update] -> (1097, 188)
[2026-09-28 02:01:55.479] [INF] [default] [TitleBar.cpp:164 in Update] -> (1099, 188)
[2026-09-28 02:01:55.485] [INF] [default] [TitleBar.cpp:164 in Update] -> (1100, 188)
[2026-09-28 02:01:55.499] [INF] [default] [TitleBar.cpp:164 in Update] -> (1102, 188)
[2026-09-28 02:01:55.506] [INF] [default] [TitleBar.cpp:164 in Update] -> (1104, 188)
[2026-09-28 02:01:55.520] [INF] [default] [TitleBar.cpp:164 in Update] -> (1105, 188)
[2026-09-28 02:01:55.534] [INF] [default] [TitleBar.cpp:164 in Update] -> (1107, 188)
[2026-09-28 02:01:55.541] [INF] [default] [TitleBar.cpp:164 in Update] -> (1108, 189)
[2026-09-28 02:01:55.555] [INF] [default] [TitleBar.cpp:164 in Update] -> (1110, 189)
[2026-09-28 02:01:55.562] [INF] [default] [TitleBar.cpp:164 in Update] -> (1112, 189)
[2026-09-28 02:01:55.576] [INF] [default] [TitleBar.cpp:164 in Update] -> (1113, 189)
[2026-09-28 02:01:55.582] [INF] [default] [TitleBar.cpp:164 in Update] -> (1115, 189)
[2026-09-28 02:01:55.590] [INF] [default] [TitleBar.cpp:164 in Update] -> (1116, 189)
[2026-09-28 02:01:55.597] [INF] [default] [TitleBar.cpp:164 in Update] -> (1117, 189)
[2026-09-28 02:01:55.604] [INF] [default] [TitleBar.cpp:164 in Update] -> (1118, 189)
[2026-09-28 02:01:55.611] [INF] [default] [TitleBar.cpp:164 in Update] -> (1119, 189)
[2026-09-28 02:01:55.618] [INF] [default] [TitleBar.cpp:164 in Update] -> (1120, 189)
[2026-09-28 02:01:55.625] [INF] [default] [TitleBar.cpp:164 in Update] -> (1121, 189)
[2026-09-28 02:01:55.639] [INF] [default] [TitleBar.cpp:164 in Update] -> (1122, 189)
[2026-09-28 02:01:55.646] [INF] [default] [TitleBar.cpp:164 in Update] -> (1123, 189)
[2026-09-28 02:01:55.653] [INF] [default] [TitleBar.cpp:164 in Update] -> (1124, 189)
[2026-09-28 02:01:55.660] [INF] [default] [TitleBar.cpp:164 in Update] -> (1126, 189)
[2026-09-28 02:01:55.674] [INF] [default] [TitleBar.cpp:164 in Update] -> (1127, 189)
[2026-09-28 02:01:55.680] [INF] [default] [TitleBar.cpp:164 in Update] -> (1129, 189)
[2026-09-28 02:01:55.687] [INF] [default] [TitleBar.cpp:164 in Update] -> (1130, 188)
[2026-09-28 02:01:55.694] [INF] [default] [TitleBar.cpp:164 in Update] -> (1131, 188)
[2026-09-28 02:01:55.702] [INF] [default] [TitleBar.cpp:164 in Update] -> (1132, 187)
[2026-09-28 02:01:55.709] [INF] [default] [TitleBar.cpp:164 in Update] -> (1133, 187)
[2026-09-28 02:01:55.715] [INF] [default] [TitleBar.cpp:164 in Update] -> (1135, 186)
[2026-09-28 02:01:55.722] [INF] [default] [TitleBar.cpp:164 in Update] -> (1137, 185)
[2026-09-28 02:01:55.730] [INF] [default] [TitleBar.cpp:164 in Update] -> (1138, 185)
[2026-09-28 02:01:55.736] [INF] [default] [TitleBar.cpp:164 in Update] -> (1139, 185)
[2026-09-28 02:01:55.743] [INF] [default] [TitleBar.cpp:164 in Update] -> (1140, 184)
[2026-09-28 02:01:55.750] [INF] [default] [TitleBar.cpp:164 in Update] -> (1140, 183)
[2026-09-28 02:01:55.756] [INF] [default] [TitleBar.cpp:164 in Update] -> (1141, 183)
[2026-09-28 02:01:55.763] [INF] [default] [TitleBar.cpp:164 in Update] -> (1142, 183)
[2026-09-28 02:01:55.779] [INF] [default] [TitleBar.cpp:164 in Update] -> (1143, 182)
[2026-09-28 02:01:55.792] [INF] [default] [TitleBar.cpp:164 in Update] -> (1145, 181)
[2026-09-28 02:01:55.820] [INF] [default] [TitleBar.cpp:164 in Update] -> (1146, 180)
[2026-09-28 02:01:55.833] [INF] [default] [TitleBar.cpp:164 in Update] -> (1147, 180)
[2026-09-28 02:01:55.848] [INF] [default] [TitleBar.cpp:164 in Update] -> (1148, 180)
[2026-09-28 02:01:55.854] [INF] [default] [TitleBar.cpp:164 in Update] -> (1148, 179)
[2026-09-28 02:01:55.876] [INF] [default] [TitleBar.cpp:164 in Update] -> (1149, 179)
[2026-09-28 02:01:55.890] [INF] [default] [TitleBar.cpp:164 in Update] -> (1150, 179)
[2026-09-28 02:01:55.910] [INF] [default] [TitleBar.cpp:164 in Update] -> (1151, 179)
[2026-09-28 02:01:55.924] [INF] [default] [TitleBar.cpp:164 in Update] -> (1152, 179)
[2026-09-28 02:01:55.959] [INF] [default] [TitleBar.cpp:164 in Update] -> (1153, 179)
[2026-09-28 02:01:55.966] [INF] [default] [TitleBar.cpp:164 in Update] -> (1154, 179)
[2026-09-28 02:01:55.973] [INF] [default] [TitleBar.cpp:164 in Update] -> (1155, 179)
[2026-09-28 02:01:55.994] [INF] [default] [TitleBar.cpp:164 in Update] -> (1156, 179)
[2026-09-28 02:01:56.001] [INF] [default] [TitleBar.cpp:164 in Update] -> (1157, 179)
[2026-09-28 02:01:56.014] [INF] [default] [TitleBar.cpp:164 in Update] -> (1158, 179)
[2026-09-28 02:01:56.021] [INF] [default] [TitleBar.cpp:164 in Update] -> (1159, 179)
[2026-09-28 02:01:56.029] [INF] [default] [TitleBar.cpp:164 in Update] -> (1160, 179)
[2026-09-28 02:01:56.044] [INF] [default] [TitleBar.cpp:164 in Update] -> (1161, 179)
[2026-09-28 02:01:56.049] [INF] [default] [TitleBar.cpp:164 in Update] -> (1162, 179)
[2026-09-28 02:01:56.064] [INF] [default] [TitleBar.cpp:164 in Update] -> (1164, 180)
[2026-09-28 02:01:56.070] [INF] [default] [TitleBar.cpp:164 in Update] -> (1165, 180)
[2026-09-28 02:01:56.078] [INF] [default] [TitleBar.cpp:164 in Update] -> (1166, 181)
[2026-09-28 02:01:56.084] [INF] [default] [TitleBar.cpp:164 in Update] -> (1167, 181)
[2026-09-28 02:01:56.091] [INF] [default] [TitleBar.cpp:164 in Update] -> (1168, 181)
[2026-09-28 02:01:56.106] [INF] [default] [TitleBar.cpp:164 in Update] -> (1169, 182)
[2026-09-28 02:01:56.113] [INF] [default] [TitleBar.cpp:164 in Update] -> (1170, 182)
[2026-09-28 02:01:56.127] [INF] [default] [TitleBar.cpp:164 in Update] -> (1171, 182)
[2026-09-28 02:01:56.134] [INF] [default] [TitleBar.cpp:164 in Update] -> (1172, 183)
[2026-09-28 02:01:56.140] [INF] [default] [TitleBar.cpp:164 in Update] -> (1173, 183)
[2026-09-28 02:01:56.147] [INF] [default] [TitleBar.cpp:164 in Update] -> (1174, 183)
[2026-09-28 02:01:56.154] [INF] [default] [TitleBar.cpp:164 in Update] -> (1174, 184)
[2026-09-28 02:01:56.168] [INF] [default] [TitleBar.cpp:164 in Update] -> (1175, 184)
[2026-09-28 02:01:56.182] [INF] [default] [TitleBar.cpp:164 in Update] -> (1176, 184)
[2026-09-28 02:01:56.189] [INF] [default] [TitleBar.cpp:164 in Update] -> (1177, 184)
[2026-09-28 02:01:56.196] [INF] [default] [TitleBar.cpp:164 in Update] -> (1178, 185)
[2026-09-28 02:01:56.203] [INF] [default] [TitleBar.cpp:164 in Update] -> (1178, 186)
[2026-09-28 02:01:56.224] [INF] [default] [TitleBar.cpp:164 in Update] -> (1179, 186)
[2026-09-28 02:01:56.238] [INF] [default] [TitleBar.cpp:164 in Update] -> (1180, 187)
[2026-09-28 02:01:56.251] [INF] [default] [TitleBar.cpp:164 in Update] -> (1181, 188)
[2026-09-28 02:01:56.259] [INF] [default] [TitleBar.cpp:164 in Update] -> (1182, 189)
[2026-09-28 02:01:56.266] [INF] [default] [TitleBar.cpp:164 in Update] -> (1183, 189)
[2026-09-28 02:01:56.273] [INF] [default] [TitleBar.cpp:164 in Update] -> (1184, 189)
[2026-09-28 02:01:56.287] [INF] [default] [TitleBar.cpp:164 in Update] -> (1185, 190)
[2026-09-28 02:01:56.294] [INF] [default] [TitleBar.cpp:164 in Update] -> (1186, 191)
[2026-09-28 02:01:56.300] [INF] [default] [TitleBar.cpp:164 in Update] -> (1187, 191)
[2026-09-28 02:01:56.307] [INF] [default] [TitleBar.cpp:164 in Update] -> (1187, 192)
[2026-09-28 02:01:56.321] [INF] [default] [TitleBar.cpp:164 in Update] -> (1189, 192)
[2026-09-28 02:01:56.329] [INF] [default] [TitleBar.cpp:164 in Update] -> (1190, 192)
[2026-09-28 02:01:56.335] [INF] [default] [TitleBar.cpp:164 in Update] -> (1191, 193)
[2026-09-28 02:01:56.350] [INF] [default] [TitleBar.cpp:164 in Update] -> (1192, 193)
[2026-09-28 02:01:56.356] [INF] [default] [TitleBar.cpp:164 in Update] -> (1194, 193)
[2026-09-28 02:01:56.363] [INF] [default] [TitleBar.cpp:164 in Update] -> (1195, 194)
[2026-09-28 02:01:56.370] [INF] [default] [TitleBar.cpp:164 in Update] -> (1196, 194)
[2026-09-28 02:01:56.384] [INF] [default] [TitleBar.cpp:164 in Update] -> (1197, 194)
[2026-09-28 02:01:56.391] [INF] [default] [TitleBar.cpp:164 in Update] -> (1199, 194)
[2026-09-28 02:01:56.405] [INF] [default] [TitleBar.cpp:164 in Update] -> (1200, 194)
[2026-09-28 02:01:56.412] [INF] [default] [TitleBar.cpp:164 in Update] -> (1201, 194)
[2026-09-28 02:01:56.419] [INF] [default] [TitleBar.cpp:164 in Update] -> (1203, 194)
[2026-09-28 02:01:56.432] [INF] [default] [TitleBar.cpp:164 in Update] -> (1204, 194)
[2026-09-28 02:01:56.440] [INF] [default] [TitleBar.cpp:164 in Update] -> (1205, 194)
[2026-09-28 02:01:56.447] [INF] [default] [TitleBar.cpp:164 in Update] -> (1206, 194)
[2026-09-28 02:01:56.454] [INF] [default] [TitleBar.cpp:164 in Update] -> (1207, 194)
[2026-09-28 02:01:56.461] [INF] [default] [TitleBar.cpp:164 in Update] -> (1208, 194)
[2026-09-28 02:01:56.467] [INF] [default] [TitleBar.cpp:164 in Update] -> (1209, 193)
[2026-09-28 02:01:56.474] [INF] [default] [TitleBar.cpp:164 in Update] -> (1211, 192)
[2026-09-28 02:01:56.482] [INF] [default] [TitleBar.cpp:164 in Update] -> (1213, 192)
[2026-09-28 02:01:56.488] [INF] [default] [TitleBar.cpp:164 in Update] -> (1214, 192)
[2026-09-28 02:01:56.496] [INF] [default] [TitleBar.cpp:164 in Update] -> (1215, 191)
[2026-09-28 02:01:56.502] [INF] [default] [TitleBar.cpp:164 in Update] -> (1217, 190)
[2026-09-28 02:01:56.510] [INF] [default] [TitleBar.cpp:164 in Update] -> (1218, 189)
[2026-09-28 02:01:56.516] [INF] [default] [TitleBar.cpp:164 in Update] -> (1219, 189)
[2026-09-28 02:01:56.523] [INF] [default] [TitleBar.cpp:164 in Update] -> (1221, 188)
[2026-09-28 02:01:56.530] [INF] [default] [TitleBar.cpp:164 in Update] -> (1222, 188)
[2026-09-28 02:01:56.537] [INF] [default] [TitleBar.cpp:164 in Update] -> (1224, 186)
[2026-09-28 02:01:56.544] [INF] [default] [TitleBar.cpp:164 in Update] -> (1225, 186)
[2026-09-28 02:01:56.551] [INF] [default] [TitleBar.cpp:164 in Update] -> (1227, 185)
[2026-09-28 02:01:56.559] [INF] [default] [TitleBar.cpp:164 in Update] -> (1228, 184)
[2026-09-28 02:01:56.565] [INF] [default] [TitleBar.cpp:164 in Update] -> (1229, 184)
[2026-09-28 02:01:56.571] [INF] [default] [TitleBar.cpp:164 in Update] -> (1230, 183)
[2026-09-28 02:01:56.579] [INF] [default] [TitleBar.cpp:164 in Update] -> (1231, 183)
[2026-09-28 02:01:56.586] [INF] [default] [TitleBar.cpp:164 in Update] -> (1232, 182)
[2026-09-28 02:01:56.593] [INF] [default] [TitleBar.cpp:164 in Update] -> (1233, 182)
[2026-09-28 02:01:56.599] [INF] [default] [TitleBar.cpp:164 in Update] -> (1233, 181)
[2026-09-28 02:01:56.607] [INF] [default] [TitleBar.cpp:164 in Update] -> (1234, 181)
[2026-09-28 02:01:56.614] [INF] [default] [TitleBar.cpp:164 in Update] -> (1235, 181)
[2026-09-28 02:01:56.634] [INF] [default] [TitleBar.cpp:164 in Update] -> (1236, 181)
[2026-09-28 02:01:56.642] [INF] [default] [TitleBar.cpp:164 in Update] -> (1237, 180)
[2026-09-28 02:01:56.648] [INF] [default] [TitleBar.cpp:164 in Update] -> (1238, 180)
[2026-09-28 02:01:56.684] [INF] [default] [TitleBar.cpp:164 in Update] -> (1238, 179)
[2026-09-28 02:01:56.767] [INF] [default] [TitleBar.cpp:164 in Update] -> (1239, 179)
[2026-09-28 02:01:56.774] [INF] [default] [TitleBar.cpp:164 in Update] -> (1239, 180)
[2026-09-28 02:01:56.781] [INF] [default] [TitleBar.cpp:164 in Update] -> (1238, 180)
[2026-09-28 02:01:56.788] [INF] [default] [TitleBar.cpp:164 in Update] -> (1236, 180)
[2026-09-28 02:01:56.795] [INF] [default] [TitleBar.cpp:164 in Update] -> (1235, 181)
[2026-09-28 02:01:56.802] [INF] [default] [TitleBar.cpp:164 in Update] -> (1232, 183)
[2026-09-28 02:01:56.809] [INF] [default] [TitleBar.cpp:164 in Update] -> (1230, 183)
[2026-09-28 02:01:56.816] [INF] [default] [TitleBar.cpp:164 in Update] -> (1228, 184)
[2026-09-28 02:01:56.823] [INF] [default] [TitleBar.cpp:164 in Update] -> (1224, 186)
[2026-09-28 02:01:56.830] [INF] [default] [TitleBar.cpp:164 in Update] -> (1218, 187)
[2026-09-28 02:01:56.837] [INF] [default] [TitleBar.cpp:164 in Update] -> (1211, 189)
[2026-09-28 02:01:56.844] [INF] [default] [TitleBar.cpp:164 in Update] -> (1205, 191)
[2026-09-28 02:01:56.851] [INF] [default] [TitleBar.cpp:164 in Update] -> (1200, 193)
[2026-09-28 02:01:56.857] [INF] [default] [TitleBar.cpp:164 in Update] -> (1194, 194)
[2026-09-28 02:01:56.865] [INF] [default] [TitleBar.cpp:164 in Update] -> (1188, 194)
[2026-09-28 02:01:56.872] [INF] [default] [TitleBar.cpp:164 in Update] -> (1181, 195)
[2026-09-28 02:01:56.878] [INF] [default] [TitleBar.cpp:164 in Update] -> (1177, 195)
[2026-09-28 02:01:56.885] [INF] [default] [TitleBar.cpp:164 in Update] -> (1169, 196)
[2026-09-28 02:01:56.892] [INF] [default] [TitleBar.cpp:164 in Update] -> (1160, 197)
[2026-09-28 02:01:56.900] [INF] [default] [TitleBar.cpp:164 in Update] -> (1152, 197)
[2026-09-28 02:01:56.906] [INF] [default] [TitleBar.cpp:164 in Update] -> (1145, 199)
[2026-09-28 02:01:56.913] [INF] [default] [TitleBar.cpp:164 in Update] -> (1137, 199)
[2026-09-28 02:01:56.920] [INF] [default] [TitleBar.cpp:164 in Update] -> (1130, 199)
[2026-09-28 02:01:56.927] [INF] [default] [TitleBar.cpp:164 in Update] -> (1121, 199)
[2026-09-28 02:01:56.934] [INF] [default] [TitleBar.cpp:164 in Update] -> (1115, 199)
[2026-09-28 02:01:56.942] [INF] [default] [TitleBar.cpp:164 in Update] -> (1101, 198)
[2026-09-28 02:01:56.948] [INF] [default] [TitleBar.cpp:164 in Update] -> (1093, 198)
[2026-09-28 02:01:56.955] [INF] [default] [TitleBar.cpp:164 in Update] -> (1078, 198)
[2026-09-28 02:01:56.963] [INF] [default] [TitleBar.cpp:164 in Update] -> (1065, 198)
[2026-09-28 02:01:56.969] [INF] [default] [TitleBar.cpp:164 in Update] -> (1056, 198)
[2026-09-28 02:01:56.977] [INF] [default] [TitleBar.cpp:164 in Update] -> (1048, 197)
[2026-09-28 02:01:56.983] [INF] [default] [TitleBar.cpp:164 in Update] -> (1034, 196)
[2026-09-28 02:01:56.989] [INF] [default] [TitleBar.cpp:164 in Update] -> (1019, 196)
[2026-09-28 02:01:56.997] [INF] [default] [TitleBar.cpp:164 in Update] -> (1006, 194)
[2026-09-28 02:01:57.004] [INF] [default] [TitleBar.cpp:164 in Update] -> (993, 194)
[2026-09-28 02:01:57.012] [INF] [default] [TitleBar.cpp:164 in Update] -> (983, 194)
[2026-09-28 02:01:57.018] [INF] [default] [TitleBar.cpp:164 in Update] -> (972, 193)
[2026-09-28 02:01:57.025] [INF] [default] [TitleBar.cpp:164 in Update] -> (956, 193)
[2026-09-28 02:01:57.031] [INF] [default] [TitleBar.cpp:164 in Update] -> (941, 192)
[2026-09-28 02:01:57.039] [INF] [default] [TitleBar.cpp:164 in Update] -> (929, 192)
[2026-09-28 02:01:57.046] [INF] [default] [TitleBar.cpp:164 in Update] -> (919, 192)
[2026-09-28 02:01:57.052] [INF] [default] [TitleBar.cpp:164 in Update] -> (906, 190)
[2026-09-28 02:01:57.060] [INF] [default] [TitleBar.cpp:164 in Update] -> (892, 190)
[2026-09-28 02:01:57.066] [INF] [default] [TitleBar.cpp:164 in Update] -> (881, 189)
[2026-09-28 02:01:57.073] [INF] [default] [TitleBar.cpp:164 in Update] -> (872, 189)
[2026-09-28 02:01:57.081] [INF] [default] [TitleBar.cpp:164 in Update] -> (867, 189)
[2026-09-28 02:01:57.087] [INF] [default] [TitleBar.cpp:164 in Update] -> (855, 189)
[2026-09-28 02:01:57.094] [INF] [default] [TitleBar.cpp:164 in Update] -> (849, 189)
[2026-09-28 02:01:57.101] [INF] [default] [TitleBar.cpp:164 in Update] -> (840, 189)
[2026-09-28 02:01:57.109] [INF] [default] [TitleBar.cpp:164 in Update] -> (833, 189)
[2026-09-28 02:01:57.115] [INF] [default] [TitleBar.cpp:164 in Update] -> (828, 189)
[2026-09-28 02:01:57.122] [INF] [default] [TitleBar.cpp:164 in Update] -> (820, 189)
[2026-09-28 02:01:57.129] [INF] [default] [TitleBar.cpp:164 in Update] -> (814, 190)
[2026-09-28 02:01:57.136] [INF] [default] [TitleBar.cpp:164 in Update] -> (809, 190)
[2026-09-28 02:01:57.143] [INF] [default] [TitleBar.cpp:164 in Update] -> (800, 192)
[2026-09-28 02:01:57.151] [INF] [default] [TitleBar.cpp:164 in Update] -> (795, 192)
[2026-09-28 02:01:57.158] [INF] [default] [TitleBar.cpp:164 in Update] -> (790, 192)
[2026-09-28 02:01:57.164] [INF] [default] [TitleBar.cpp:164 in Update] -> (780, 192)
[2026-09-28 02:01:57.171] [INF] [default] [TitleBar.cpp:164 in Update] -> (773, 193)
[2026-09-28 02:01:57.179] [INF] [default] [TitleBar.cpp:164 in Update] -> (768, 193)
[2026-09-28 02:01:57.185] [INF] [default] [TitleBar.cpp:164 in Update] -> (761, 193)
[2026-09-28 02:01:57.192] [INF] [default] [TitleBar.cpp:164 in Update] -> (754, 194)
[2026-09-28 02:01:57.199] [INF] [default] [TitleBar.cpp:164 in Update] -> (749, 194)
[2026-09-28 02:01:57.205] [INF] [default] [TitleBar.cpp:164 in Update] -> (741, 194)
[2026-09-28 02:01:57.213] [INF] [default] [TitleBar.cpp:164 in Update] -> (734, 194)
[2026-09-28 02:01:57.220] [INF] [default] [TitleBar.cpp:164 in Update] -> (729, 194)
[2026-09-28 02:01:57.227] [INF] [default] [TitleBar.cpp:164 in Update] -> (720, 194)
[2026-09-28 02:01:57.234] [INF] [default] [TitleBar.cpp:164 in Update] -> (715, 194)
[2026-09-28 02:01:57.240] [INF] [default] [TitleBar.cpp:164 in Update] -> (707, 194)
[2026-09-28 02:01:57.248] [INF] [default] [TitleBar.cpp:164 in Update] -> (702, 194)
[2026-09-28 02:01:57.254] [INF] [default] [TitleBar.cpp:164 in Update] -> (696, 194)
[2026-09-28 02:01:57.261] [INF] [default] [TitleBar.cpp:164 in Update] -> (689, 194)
[2026-09-28 02:01:57.269] [INF] [default] [TitleBar.cpp:164 in Update] -> (686, 194)
[2026-09-28 02:01:57.277] [INF] [default] [TitleBar.cpp:164 in Update] -> (682, 194)
[2026-09-28 02:01:57.283] [INF] [default] [TitleBar.cpp:164 in Update] -> (678, 193)
[2026-09-28 02:01:57.289] [INF] [default] [TitleBar.cpp:164 in Update] -> (674, 192)
[2026-09-28 02:01:57.296] [INF] [default] [TitleBar.cpp:164 in Update] -> (672, 192)
[2026-09-28 02:01:57.303] [INF] [default] [TitleBar.cpp:164 in Update] -> (668, 191)
[2026-09-28 02:01:57.311] [INF] [default] [TitleBar.cpp:164 in Update] -> (664, 190)
[2026-09-28 02:01:57.317] [INF] [default] [TitleBar.cpp:164 in Update] -> (661, 190)
[2026-09-28 02:01:57.325] [INF] [default] [TitleBar.cpp:164 in Update] -> (658, 189)
[2026-09-28 02:01:57.332] [INF] [default] [TitleBar.cpp:164 in Update] -> (655, 188)
[2026-09-28 02:01:57.338] [INF] [default] [TitleBar.cpp:164 in Update] -> (652, 187)
[2026-09-28 02:01:57.346] [INF] [default] [TitleBar.cpp:164 in Update] -> (650, 187)
[2026-09-28 02:01:57.352] [INF] [default] [TitleBar.cpp:164 in Update] -> (649, 186)
[2026-09-28 02:01:57.359] [INF] [default] [TitleBar.cpp:164 in Update] -> (646, 186)
[2026-09-28 02:01:57.366] [INF] [default] [TitleBar.cpp:164 in Update] -> (643, 184)
[2026-09-28 02:01:57.373] [INF] [default] [TitleBar.cpp:164 in Update] -> (641, 184)
[2026-09-28 02:01:57.380] [INF] [default] [TitleBar.cpp:164 in Update] -> (640, 184)
[2026-09-28 02:01:57.387] [INF] [default] [TitleBar.cpp:164 in Update] -> (638, 183)
[2026-09-28 02:01:57.394] [INF] [default] [TitleBar.cpp:164 in Update] -> (635, 181)
[2026-09-28 02:01:57.401] [INF] [default] [TitleBar.cpp:164 in Update] -> (632, 180)
[2026-09-28 02:01:57.409] [INF] [default] [TitleBar.cpp:164 in Update] -> (631, 179)
[2026-09-28 02:01:57.415] [INF] [default] [TitleBar.cpp:164 in Update] -> (628, 179)
[2026-09-28 02:01:57.422] [INF] [default] [TitleBar.cpp:164 in Update] -> (625, 178)
[2026-09-28 02:01:57.429] [INF] [default] [TitleBar.cpp:164 in Update] -> (624, 177)
[2026-09-28 02:01:57.436] [INF] [default] [TitleBar.cpp:164 in Update] -> (622, 176)
[2026-09-28 02:01:57.443] [INF] [default] [TitleBar.cpp:164 in Update] -> (620, 176)
[2026-09-28 02:01:57.450] [INF] [default] [TitleBar.cpp:164 in Update] -> (617, 175)
[2026-09-28 02:01:57.457] [INF] [default] [TitleBar.cpp:164 in Update] -> (615, 174)
[2026-09-28 02:01:57.464] [INF] [default] [TitleBar.cpp:164 in Update] -> (613, 173)
[2026-09-28 02:01:57.471] [INF] [default] [TitleBar.cpp:164 in Update] -> (610, 172)
[2026-09-28 02:01:57.478] [INF] [default] [TitleBar.cpp:164 in Update] -> (609, 171)
[2026-09-28 02:01:57.484] [INF] [default] [TitleBar.cpp:164 in Update] -> (607, 170)
[2026-09-28 02:01:57.492] [INF] [default] [TitleBar.cpp:164 in Update] -> (605, 170)
[2026-09-28 02:01:57.499] [INF] [default] [TitleBar.cpp:164 in Update] -> (603, 169)
[2026-09-28 02:01:57.505] [INF] [default] [TitleBar.cpp:164 in Update] -> (601, 169)
[2026-09-28 02:01:57.513] [INF] [default] [TitleBar.cpp:164 in Update] -> (599, 168)
[2026-09-28 02:01:57.519] [INF] [default] [TitleBar.cpp:164 in Update] -> (597, 168)
[2026-09-28 02:01:57.526] [INF] [default] [TitleBar.cpp:164 in Update] -> (596, 167)
[2026-09-28 02:01:57.533] [INF] [default] [TitleBar.cpp:164 in Update] -> (594, 166)
[2026-09-28 02:01:57.541] [INF] [default] [TitleBar.cpp:164 in Update] -> (592, 166)
[2026-09-28 02:01:57.547] [INF] [default] [TitleBar.cpp:164 in Update] -> (592, 165)
[2026-09-28 02:01:57.554] [INF] [default] [TitleBar.cpp:164 in Update] -> (590, 165)
[2026-09-28 02:01:57.562] [INF] [default] [TitleBar.cpp:164 in Update] -> (589, 165)
[2026-09-28 02:01:57.568] [INF] [default] [TitleBar.cpp:164 in Update] -> (588, 165)
[2026-09-28 02:01:57.596] [INF] [default] [TitleBar.cpp:164 in Update] -> (587, 165)
[2026-09-28 02:01:57.603] [INF] [default] [TitleBar.cpp:164 in Update] -> (586, 165)
[2026-09-28 02:01:57.611] [INF] [default] [TitleBar.cpp:164 in Update] -> (585, 165)
[2026-09-28 02:01:57.617] [INF] [default] [TitleBar.cpp:164 in Update] -> (584, 165)
[2026-09-28 02:01:57.637] [INF] [default] [TitleBar.cpp:164 in Update] -> (584, 166)
[2026-09-28 02:01:57.644] [INF] [default] [TitleBar.cpp:164 in Update] -> (584, 167)
[2026-09-28 02:01:57.652] [INF] [default] [TitleBar.cpp:164 in Update] -> (584, 168)
[2026-09-28 02:01:57.659] [INF] [default] [TitleBar.cpp:164 in Update] -> (583, 169)
[2026-09-28 02:01:57.666] [INF] [default] [TitleBar.cpp:164 in Update] -> (583, 170)
[2026-09-28 02:01:57.672] [INF] [default] [TitleBar.cpp:164 in Update] -> (583, 172)
[2026-09-28 02:01:57.680] [INF] [default] [TitleBar.cpp:164 in Update] -> (583, 173)
[2026-09-28 02:01:57.686] [INF] [default] [TitleBar.cpp:164 in Update] -> (583, 175)
[2026-09-28 02:01:57.700] [INF] [default] [TitleBar.cpp:164 in Update] -> (584, 177)
[2026-09-28 02:01:57.708] [INF] [default] [TitleBar.cpp:164 in Update] -> (584, 179)
[2026-09-28 02:01:57.714] [INF] [default] [TitleBar.cpp:164 in Update] -> (584, 180)
[2026-09-28 02:01:57.721] [INF] [default] [TitleBar.cpp:164 in Update] -> (585, 181)
[2026-09-28 02:01:57.729] [INF] [default] [TitleBar.cpp:164 in Update] -> (586, 182)
[2026-09-28 02:01:57.735] [INF] [default] [TitleBar.cpp:164 in Update] -> (587, 183)
[2026-09-28 02:01:57.743] [INF] [default] [TitleBar.cpp:164 in Update] -> (587, 184)
[2026-09-28 02:01:57.749] [INF] [default] [TitleBar.cpp:164 in Update] -> (588, 185)
[2026-09-28 02:01:57.756] [INF] [default] [TitleBar.cpp:164 in Update] -> (589, 186)
[2026-09-28 02:01:57.763] [INF] [default] [TitleBar.cpp:164 in Update] -> (590, 186)
[2026-09-28 02:01:57.770] [INF] [default] [TitleBar.cpp:164 in Update] -> (591, 187)
[2026-09-28 02:01:57.777] [INF] [default] [TitleBar.cpp:164 in Update] -> (593, 188)
[2026-09-28 02:01:57.783] [INF] [default] [TitleBar.cpp:164 in Update] -> (594, 189)
[2026-09-28 02:01:57.791] [INF] [default] [TitleBar.cpp:164 in Update] -> (596, 189)
[2026-09-28 02:01:57.798] [INF] [default] [TitleBar.cpp:164 in Update] -> (600, 189)
[2026-09-28 02:01:57.805] [INF] [default] [TitleBar.cpp:164 in Update] -> (602, 189)
[2026-09-28 02:01:57.812] [INF] [default] [TitleBar.cpp:164 in Update] -> (605, 189)
[2026-09-28 02:01:57.819] [INF] [default] [TitleBar.cpp:164 in Update] -> (610, 189)
[2026-09-28 02:01:57.826] [INF] [default] [TitleBar.cpp:164 in Update] -> (616, 189)
[2026-09-28 02:01:57.832] [INF] [default] [TitleBar.cpp:164 in Update] -> (618, 189)
[2026-09-28 02:01:57.840] [INF] [default] [TitleBar.cpp:164 in Update] -> (620, 188)
[2026-09-28 02:01:57.847] [INF] [default] [TitleBar.cpp:164 in Update] -> (624, 188)
[2026-09-28 02:01:57.854] [INF] [default] [TitleBar.cpp:164 in Update] -> (626, 187)
[2026-09-28 02:01:57.861] [INF] [default] [TitleBar.cpp:164 in Update] -> (629, 186)
[2026-09-28 02:01:57.868] [INF] [default] [TitleBar.cpp:164 in Update] -> (631, 186)
[2026-09-28 02:01:57.876] [INF] [default] [TitleBar.cpp:164 in Update] -> (632, 185)
[2026-09-28 02:01:57.882] [INF] [default] [TitleBar.cpp:164 in Update] -> (634, 184)
[2026-09-28 02:01:57.888] [INF] [default] [TitleBar.cpp:164 in Update] -> (637, 183)
[2026-09-28 02:01:57.895] [INF] [default] [TitleBar.cpp:164 in Update] -> (638, 183)
[2026-09-28 02:01:57.903] [INF] [default] [TitleBar.cpp:164 in Update] -> (640, 182)
[2026-09-28 02:01:57.910] [INF] [default] [TitleBar.cpp:164 in Update] -> (643, 182)
[2026-09-28 02:01:57.916] [INF] [default] [TitleBar.cpp:164 in Update] -> (646, 181)
[2026-09-28 02:01:57.923] [INF] [default] [TitleBar.cpp:164 in Update] -> (648, 180)
[2026-09-28 02:01:57.930] [INF] [default] [TitleBar.cpp:164 in Update] -> (652, 179)
[2026-09-28 02:01:57.937] [INF] [default] [TitleBar.cpp:164 in Update] -> (658, 177)
[2026-09-28 02:01:57.944] [INF] [default] [TitleBar.cpp:164 in Update] -> (662, 177)
[2026-09-28 02:01:57.951] [INF] [default] [TitleBar.cpp:164 in Update] -> (667, 176)
[2026-09-28 02:01:57.959] [INF] [default] [TitleBar.cpp:164 in Update] -> (671, 175)
[2026-09-28 02:01:57.965] [INF] [default] [TitleBar.cpp:164 in Update] -> (676, 175)
[2026-09-28 02:01:57.972] [INF] [default] [TitleBar.cpp:164 in Update] -> (681, 175)
[2026-09-28 02:01:57.979] [INF] [default] [TitleBar.cpp:164 in Update] -> (685, 174)
[2026-09-28 02:01:57.986] [INF] [default] [TitleBar.cpp:164 in Update] -> (689, 174)
[2026-09-28 02:01:57.994] [INF] [default] [TitleBar.cpp:164 in Update] -> (692, 174)
[2026-09-28 02:01:58.000] [INF] [default] [TitleBar.cpp:164 in Update] -> (697, 174)
[2026-09-28 02:01:58.008] [INF] [default] [TitleBar.cpp:164 in Update] -> (703, 174)
[2026-09-28 02:01:58.014] [INF] [default] [TitleBar.cpp:164 in Update] -> (705, 174)
[2026-09-28 02:01:58.021] [INF] [default] [TitleBar.cpp:164 in Update] -> (710, 174)
[2026-09-28 02:01:58.029] [INF] [default] [TitleBar.cpp:164 in Update] -> (716, 175)
[2026-09-28 02:01:58.034] [INF] [default] [TitleBar.cpp:164 in Update] -> (721, 176)
[2026-09-28 02:01:58.042] [INF] [default] [TitleBar.cpp:164 in Update] -> (727, 178)
[2026-09-28 02:01:58.049] [INF] [default] [TitleBar.cpp:164 in Update] -> (731, 179)
[2026-09-28 02:01:58.055] [INF] [default] [TitleBar.cpp:164 in Update] -> (735, 180)
[2026-09-28 02:01:58.062] [INF] [default] [TitleBar.cpp:164 in Update] -> (739, 182)
[2026-09-28 02:01:58.070] [INF] [default] [TitleBar.cpp:164 in Update] -> (744, 183)
[2026-09-28 02:01:58.077] [INF] [default] [TitleBar.cpp:164 in Update] -> (750, 187)
[2026-09-28 02:01:58.083] [INF] [default] [TitleBar.cpp:164 in Update] -> (755, 188)
[2026-09-28 02:01:58.091] [INF] [default] [TitleBar.cpp:164 in Update] -> (764, 192)
[2026-09-28 02:01:58.098] [INF] [default] [TitleBar.cpp:164 in Update] -> (770, 194)
[2026-09-28 02:01:58.104] [INF] [default] [TitleBar.cpp:164 in Update] -> (779, 196)
[2026-09-28 02:01:58.111] [INF] [default] [TitleBar.cpp:164 in Update] -> (786, 199)
[2026-09-28 02:01:58.119] [INF] [default] [TitleBar.cpp:164 in Update] -> (791, 200)
[2026-09-28 02:01:58.126] [INF] [default] [TitleBar.cpp:164 in Update] -> (795, 201)
[2026-09-28 02:01:58.132] [INF] [default] [TitleBar.cpp:164 in Update] -> (802, 203)
[2026-09-28 02:01:58.139] [INF] [default] [TitleBar.cpp:164 in Update] -> (808, 203)
[2026-09-28 02:01:58.146] [INF] [default] [TitleBar.cpp:164 in Update] -> (816, 206)
[2026-09-28 02:01:58.153] [INF] [default] [TitleBar.cpp:164 in Update] -> (823, 206)
[2026-09-28 02:01:58.161] [INF] [default] [TitleBar.cpp:164 in Update] -> (835, 206)
[2026-09-28 02:01:58.167] [INF] [default] [TitleBar.cpp:164 in Update] -> (848, 206)
[2026-09-28 02:01:58.174] [INF] [default] [TitleBar.cpp:164 in Update] -> (855, 207)
[2026-09-28 02:01:58.182] [INF] [default] [TitleBar.cpp:164 in Update] -> (862, 208)
[2026-09-28 02:01:58.188] [INF] [default] [TitleBar.cpp:164 in Update] -> (867, 208)
[2026-09-28 02:01:58.195] [INF] [default] [TitleBar.cpp:164 in Update] -> (874, 209)
[2026-09-28 02:01:58.201] [INF] [default] [TitleBar.cpp:164 in Update] -> (879, 209)
[2026-09-28 02:01:58.209] [INF] [default] [TitleBar.cpp:164 in Update] -> (883, 209)
[2026-09-28 02:01:58.216] [INF] [default] [TitleBar.cpp:164 in Update] -> (887, 210)
[2026-09-28 02:01:58.224] [INF] [default] [TitleBar.cpp:164 in Update] -> (891, 210)
[2026-09-28 02:01:58.230] [INF] [default] [TitleBar.cpp:164 in Update] -> (893, 210)
[2026-09-28 02:01:58.237] [INF] [default] [TitleBar.cpp:164 in Update] -> (897, 210)
[2026-09-28 02:01:58.244] [INF] [default] [TitleBar.cpp:164 in Update] -> (900, 210)
[2026-09-28 02:01:58.251] [INF] [default] [TitleBar.cpp:164 in Update] -> (901, 210)
[2026-09-28 02:01:58.259] [INF] [default] [TitleBar.cpp:164 in Update] -> (904, 210)
[2026-09-28 02:01:58.265] [INF] [default] [TitleBar.cpp:164 in Update] -> (908, 209)
[2026-09-28 02:01:58.272] [INF] [default] [TitleBar.cpp:164 in Update] -> (910, 208)
[2026-09-28 02:01:58.279] [INF] [default] [TitleBar.cpp:164 in Update] -> (914, 207)
[2026-09-28 02:01:58.286] [INF] [default] [TitleBar.cpp:164 in Update] -> (916, 206)
[2026-09-28 02:01:58.294] [INF] [default] [TitleBar.cpp:164 in Update] -> (918, 204)
[2026-09-28 02:01:58.300] [INF] [default] [TitleBar.cpp:164 in Update] -> (921, 202)
[2026-09-28 02:01:58.307] [INF] [default] [TitleBar.cpp:164 in Update] -> (924, 199)
[2026-09-28 02:01:58.314] [INF] [default] [TitleBar.cpp:164 in Update] -> (927, 196)
[2026-09-28 02:01:58.320] [INF] [default] [TitleBar.cpp:164 in Update] -> (929, 193)
[2026-09-28 02:01:58.327] [INF] [default] [TitleBar.cpp:164 in Update] -> (930, 192)
[2026-09-28 02:01:58.334] [INF] [default] [TitleBar.cpp:164 in Update] -> (933, 190)
[2026-09-28 02:01:58.343] [INF] [default] [TitleBar.cpp:164 in Update] -> (934, 188)
[2026-09-28 02:01:58.348] [INF] [default] [TitleBar.cpp:164 in Update] -> (936, 186)
[2026-09-28 02:01:58.363] [INF] [default] [TitleBar.cpp:164 in Update] -> (939, 183)
[2026-09-28 02:01:58.369] [INF] [default] [TitleBar.cpp:164 in Update] -> (941, 182)
[2026-09-28 02:01:58.376] [INF] [default] [TitleBar.cpp:164 in Update] -> (942, 182)
[2026-09-28 02:01:58.383] [INF] [default] [TitleBar.cpp:164 in Update] -> (943, 182)
[2026-09-28 02:01:58.390] [INF] [default] [TitleBar.cpp:164 in Update] -> (944, 181)
[2026-09-28 02:01:58.398] [INF] [default] [TitleBar.cpp:164 in Update] -> (945, 180)
[2026-09-28 02:01:58.404] [INF] [default] [TitleBar.cpp:164 in Update] -> (946, 180)
[2026-09-28 02:01:58.411] [INF] [default] [TitleBar.cpp:164 in Update] -> (947, 180)
[2026-09-28 02:01:58.418] [INF] [default] [TitleBar.cpp:164 in Update] -> (948, 180)
[2026-09-28 02:01:58.425] [INF] [default] [TitleBar.cpp:164 in Update] -> (950, 179)
[2026-09-28 02:01:58.439] [INF] [default] [TitleBar.cpp:164 in Update] -> (952, 179)
[2026-09-28 02:01:58.447] [INF] [default] [TitleBar.cpp:164 in Update] -> (954, 179)
[2026-09-28 02:01:58.453] [INF] [default] [TitleBar.cpp:164 in Update] -> (957, 179)
[2026-09-28 02:01:58.460] [INF] [default] [TitleBar.cpp:164 in Update] -> (959, 180)
[2026-09-28 02:01:58.467] [INF] [default] [TitleBar.cpp:164 in Update] -> (961, 181)
[2026-09-28 02:01:58.474] [INF] [default] [TitleBar.cpp:164 in Update] -> (963, 181)
[2026-09-28 02:01:58.481] [INF] [default] [TitleBar.cpp:164 in Update] -> (967, 181)
[2026-09-28 02:01:58.488] [INF] [default] [TitleBar.cpp:164 in Update] -> (968, 183)
[2026-09-28 02:01:58.494] [INF] [default] [TitleBar.cpp:164 in Update] -> (971, 185)
[2026-09-28 02:01:58.501] [INF] [default] [TitleBar.cpp:164 in Update] -> (973, 187)
[2026-09-28 02:01:58.509] [INF] [default] [TitleBar.cpp:164 in Update] -> (976, 190)
[2026-09-28 02:01:58.516] [INF] [default] [TitleBar.cpp:164 in Update] -> (980, 193)
[2026-09-28 02:01:58.523] [INF] [default] [TitleBar.cpp:164 in Update] -> (983, 197)
[2026-09-28 02:01:58.529] [INF] [default] [TitleBar.cpp:164 in Update] -> (988, 201)
[2026-09-28 02:01:58.537] [INF] [default] [TitleBar.cpp:164 in Update] -> (994, 205)
[2026-09-28 02:01:58.544] [INF] [default] [TitleBar.cpp:164 in Update] -> (997, 208)
[2026-09-28 02:01:58.550] [INF] [default] [TitleBar.cpp:164 in Update] -> (999, 211)
[2026-09-28 02:01:58.558] [INF] [default] [TitleBar.cpp:164 in Update] -> (1005, 215)
[2026-09-28 02:01:58.564] [INF] [default] [TitleBar.cpp:164 in Update] -> (1010, 218)
[2026-09-28 02:01:58.571] [INF] [default] [TitleBar.cpp:164 in Update] -> (1012, 220)
[2026-09-28 02:01:58.579] [INF] [default] [TitleBar.cpp:164 in Update] -> (1016, 222)
[2026-09-28 02:01:58.585] [INF] [default] [TitleBar.cpp:164 in Update] -> (1022, 225)
[2026-09-28 02:01:58.592] [INF] [default] [TitleBar.cpp:164 in Update] -> (1025, 226)
[2026-09-28 02:01:58.599] [INF] [default] [TitleBar.cpp:164 in Update] -> (1030, 227)
[2026-09-28 02:01:58.606] [INF] [default] [TitleBar.cpp:164 in Update] -> (1034, 229)
[2026-09-28 02:01:58.614] [INF] [default] [TitleBar.cpp:164 in Update] -> (1037, 230)
[2026-09-28 02:01:58.621] [INF] [default] [TitleBar.cpp:164 in Update] -> (1042, 231)
[2026-09-28 02:01:58.627] [INF] [default] [TitleBar.cpp:164 in Update] -> (1045, 231)
[2026-09-28 02:01:58.634] [INF] [default] [TitleBar.cpp:164 in Update] -> (1051, 232)
[2026-09-28 02:01:58.641] [INF] [default] [TitleBar.cpp:164 in Update] -> (1056, 232)
[2026-09-28 02:01:58.648] [INF] [default] [TitleBar.cpp:164 in Update] -> (1062, 233)
[2026-09-28 02:01:58.655] [INF] [default] [TitleBar.cpp:164 in Update] -> (1067, 233)
[2026-09-28 02:01:58.663] [INF] [default] [TitleBar.cpp:164 in Update] -> (1074, 233)
[2026-09-28 02:01:58.669] [INF] [default] [TitleBar.cpp:164 in Update] -> (1078, 233)
[2026-09-28 02:01:58.677] [INF] [default] [TitleBar.cpp:164 in Update] -> (1081, 233)
[2026-09-28 02:01:58.683] [INF] [default] [TitleBar.cpp:164 in Update] -> (1085, 233)
[2026-09-28 02:01:58.690] [INF] [default] [TitleBar.cpp:164 in Update] -> (1088, 233)
[2026-09-28 02:01:58.697] [INF] [default] [TitleBar.cpp:164 in Update] -> (1091, 232)
[2026-09-28 02:01:58.704] [INF] [default] [TitleBar.cpp:164 in Update] -> (1093, 231)
[2026-09-28 02:01:58.711] [INF] [default] [TitleBar.cpp:164 in Update] -> (1097, 230)
[2026-09-28 02:01:58.717] [INF] [default] [TitleBar.cpp:164 in Update] -> (1100, 229)
[2026-09-28 02:01:58.726] [INF] [default] [TitleBar.cpp:164 in Update] -> (1103, 228)
[2026-09-28 02:01:58.732] [INF] [default] [TitleBar.cpp:164 in Update] -> (1106, 227)
[2026-09-28 02:01:58.738] [INF] [default] [TitleBar.cpp:164 in Update] -> (1109, 226)
[2026-09-28 02:01:58.745] [INF] [default] [TitleBar.cpp:164 in Update] -> (1113, 225)
[2026-09-28 02:01:58.752] [INF] [default] [TitleBar.cpp:164 in Update] -> (1117, 224)
[2026-09-28 02:01:58.760] [INF] [default] [TitleBar.cpp:164 in Update] -> (1121, 223)
[2026-09-28 02:01:58.766] [INF] [default] [TitleBar.cpp:164 in Update] -> (1127, 221)
[2026-09-28 02:01:58.773] [INF] [default] [TitleBar.cpp:164 in Update] -> (1134, 220)
[2026-09-28 02:01:58.780] [INF] [default] [TitleBar.cpp:164 in Update] -> (1136, 220)
[2026-09-28 02:01:58.787] [INF] [default] [TitleBar.cpp:164 in Update] -> (1139, 219)
[2026-09-28 02:01:58.794] [INF] [default] [TitleBar.cpp:164 in Update] -> (1143, 219)
[2026-09-28 02:01:58.801] [INF] [default] [TitleBar.cpp:164 in Update] -> (1148, 218)
[2026-09-28 02:01:58.808] [INF] [default] [TitleBar.cpp:164 in Update] -> (1151, 218)
[2026-09-28 02:01:58.815] [INF] [default] [TitleBar.cpp:164 in Update] -> (1154, 217)
[2026-09-28 02:01:58.822] [INF] [default] [TitleBar.cpp:164 in Update] -> (1160, 217)
[2026-09-28 02:01:58.829] [INF] [default] [TitleBar.cpp:164 in Update] -> (1165, 217)
[2026-09-28 02:01:58.836] [INF] [default] [TitleBar.cpp:164 in Update] -> (1168, 217)
[2026-09-28 02:01:58.843] [INF] [default] [TitleBar.cpp:164 in Update] -> (1176, 217)
[2026-09-28 02:01:58.849] [INF] [default] [TitleBar.cpp:164 in Update] -> (1186, 217)
[2026-09-28 02:01:58.857] [INF] [default] [TitleBar.cpp:164 in Update] -> (1193, 217)
[2026-09-28 02:01:58.864] [INF] [default] [TitleBar.cpp:164 in Update] -> (1199, 218)
[2026-09-28 02:01:58.870] [INF] [default] [TitleBar.cpp:164 in Update] -> (1202, 218)
[2026-09-28 02:01:58.878] [INF] [default] [TitleBar.cpp:164 in Update] -> (1207, 219)
[2026-09-28 02:01:58.884] [INF] [default] [TitleBar.cpp:164 in Update] -> (1211, 220)
[2026-09-28 02:01:58.892] [INF] [default] [TitleBar.cpp:164 in Update] -> (1215, 220)
[2026-09-28 02:01:58.899] [INF] [default] [TitleBar.cpp:164 in Update] -> (1218, 221)
[2026-09-28 02:01:58.906] [INF] [default] [TitleBar.cpp:164 in Update] -> (1220, 222)
[2026-09-28 02:01:58.913] [INF] [default] [TitleBar.cpp:164 in Update] -> (1223, 222)
[2026-09-28 02:01:58.919] [INF] [default] [TitleBar.cpp:164 in Update] -> (1224, 222)
[2026-09-28 02:01:58.933] [INF] [default] [TitleBar.cpp:164 in Update] -> (1226, 223)
[2026-09-28 02:01:58.941] [INF] [default] [TitleBar.cpp:164 in Update] -> (1228, 223)
[2026-09-28 02:01:58.954] [INF] [default] [TitleBar.cpp:164 in Update] -> (1229, 223)
[2026-09-28 02:01:58.968] [INF] [default] [TitleBar.cpp:164 in Update] -> (1230, 224)
[2026-09-28 02:01:58.989] [INF] [default] [TitleBar.cpp:164 in Update] -> (1231, 224)
[2026-09-28 02:01:59.038] [INF] [default] [TitleBar.cpp:164 in Update] -> (1231, 225)
[2026-09-28 02:01:59.052] [INF] [default] [TitleBar.cpp:164 in Update] -> (1230, 225)
[2026-09-28 02:01:59.059] [INF] [default] [TitleBar.cpp:164 in Update] -> (1229, 225)
[2026-09-28 02:01:59.073] [INF] [default] [TitleBar.cpp:164 in Update] -> (1227, 225)
[2026-09-28 02:01:59.081] [INF] [default] [TitleBar.cpp:164 in Update] -> (1225, 225)
[2026-09-28 02:01:59.087] [INF] [default] [TitleBar.cpp:164 in Update] -> (1221, 225)
[2026-09-28 02:01:59.094] [INF] [default] [TitleBar.cpp:164 in Update] -> (1218, 225)
[2026-09-28 02:01:59.100] [INF] [default] [TitleBar.cpp:164 in Update] -> (1212, 225)
[2026-09-28 02:01:59.108] [INF] [default] [TitleBar.cpp:164 in Update] -> (1205, 222)
[2026-09-28 02:01:59.114] [INF] [default] [TitleBar.cpp:164 in Update] -> (1200, 221)
[2026-09-28 02:01:59.121] [INF] [default] [TitleBar.cpp:164 in Update] -> (1196, 221)
[2026-09-28 02:01:59.129] [INF] [default] [TitleBar.cpp:164 in Update] -> (1190, 219)
[2026-09-28 02:01:59.135] [INF] [default] [TitleBar.cpp:164 in Update] -> (1184, 218)
[2026-09-28 02:01:59.142] [INF] [default] [TitleBar.cpp:164 in Update] -> (1179, 218)
[2026-09-28 02:01:59.150] [INF] [default] [TitleBar.cpp:164 in Update] -> (1175, 216)
[2026-09-28 02:01:59.156] [INF] [default] [TitleBar.cpp:164 in Update] -> (1166, 215)
[2026-09-28 02:01:59.163] [INF] [default] [TitleBar.cpp:164 in Update] -> (1161, 214)
[2026-09-28 02:01:59.171] [INF] [default] [TitleBar.cpp:164 in Update] -> (1150, 211)
[2026-09-28 02:01:59.177] [INF] [default] [TitleBar.cpp:164 in Update] -> (1142, 210)
[2026-09-28 02:01:59.184] [INF] [default] [TitleBar.cpp:164 in Update] -> (1133, 209)
[2026-09-28 02:01:59.191] [INF] [default] [TitleBar.cpp:164 in Update] -> (1125, 207)
[2026-09-28 02:01:59.199] [INF] [default] [TitleBar.cpp:164 in Update] -> (1119, 206)
[2026-09-28 02:01:59.205] [INF] [default] [TitleBar.cpp:164 in Update] -> (1114, 204)
[2026-09-28 02:01:59.213] [INF] [default] [TitleBar.cpp:164 in Update] -> (1110, 203)
[2026-09-28 02:01:59.220] [INF] [default] [TitleBar.cpp:164 in Update] -> (1106, 202)
[2026-09-28 02:01:59.227] [INF] [default] [TitleBar.cpp:164 in Update] -> (1103, 202)
[2026-09-28 02:01:59.233] [INF] [default] [TitleBar.cpp:164 in Update] -> (1099, 200)
[2026-09-28 02:01:59.240] [INF] [default] [TitleBar.cpp:164 in Update] -> (1096, 200)
[2026-09-28 02:01:59.247] [INF] [default] [TitleBar.cpp:164 in Update] -> (1094, 199)
[2026-09-28 02:01:59.254] [INF] [default] [TitleBar.cpp:164 in Update] -> (1090, 198)
[2026-09-28 02:01:59.261] [INF] [default] [TitleBar.cpp:164 in Update] -> (1083, 196)
[2026-09-28 02:01:59.268] [INF] [default] [TitleBar.cpp:164 in Update] -> (1079, 195)
[2026-09-28 02:01:59.275] [INF] [default] [TitleBar.cpp:164 in Update] -> (1073, 194)
[2026-09-28 02:01:59.281] [INF] [default] [TitleBar.cpp:164 in Update] -> (1066, 193)
[2026-09-28 02:01:59.289] [INF] [default] [TitleBar.cpp:164 in Update] -> (1061, 192)
[2026-09-28 02:01:59.296] [INF] [default] [TitleBar.cpp:164 in Update] -> (1058, 191)
[2026-09-28 02:01:59.302] [INF] [default] [TitleBar.cpp:164 in Update] -> (1053, 190)
[2026-09-28 02:01:59.310] [INF] [default] [TitleBar.cpp:164 in Update] -> (1049, 189)
[2026-09-28 02:01:59.316] [INF] [default] [TitleBar.cpp:164 in Update] -> (1046, 188)
[2026-09-28 02:01:59.324] [INF] [default] [TitleBar.cpp:164 in Update] -> (1044, 188)
[2026-09-28 02:01:59.331] [INF] [default] [TitleBar.cpp:164 in Update] -> (1041, 187)
[2026-09-28 02:01:59.337] [INF] [default] [TitleBar.cpp:164 in Update] -> (1038, 187)
[2026-09-28 02:01:59.343] [INF] [default] [TitleBar.cpp:164 in Update] -> (1035, 187)
[2026-09-28 02:01:59.351] [INF] [default] [TitleBar.cpp:164 in Update] -> (1032, 187)
[2026-09-28 02:01:59.359] [INF] [default] [TitleBar.cpp:164 in Update] -> (1028, 187)
[2026-09-28 02:01:59.365] [INF] [default] [TitleBar.cpp:164 in Update] -> (1025, 187)
[2026-09-28 02:01:59.372] [INF] [default] [TitleBar.cpp:164 in Update] -> (1022, 188)
[2026-09-28 02:01:59.379] [INF] [default] [TitleBar.cpp:164 in Update] -> (1016, 190)
[2026-09-28 02:01:59.386] [INF] [default] [TitleBar.cpp:164 in Update] -> (1010, 192)
[2026-09-28 02:01:59.394] [INF] [default] [TitleBar.cpp:164 in Update] -> (1008, 193)
[2026-09-28 02:01:59.400] [INF] [default] [TitleBar.cpp:164 in Update] -> (1005, 195)
[2026-09-28 02:01:59.408] [INF] [default] [TitleBar.cpp:164 in Update] -> (1002, 196)
[2026-09-28 02:01:59.414] [INF] [default] [TitleBar.cpp:164 in Update] -> (999, 199)
[2026-09-28 02:01:59.421] [INF] [default] [TitleBar.cpp:164 in Update] -> (996, 201)
[2026-09-28 02:01:59.428] [INF] [default] [TitleBar.cpp:164 in Update] -> (995, 202)
[2026-09-28 02:01:59.435] [INF] [default] [TitleBar.cpp:164 in Update] -> (990, 205)
[2026-09-28 02:01:59.443] [INF] [default] [TitleBar.cpp:164 in Update] -> (989, 206)
[2026-09-28 02:01:59.449] [INF] [default] [TitleBar.cpp:164 in Update] -> (985, 209)
[2026-09-28 02:01:59.456] [INF] [default] [TitleBar.cpp:164 in Update] -> (982, 212)
[2026-09-28 02:01:59.463] [INF] [default] [TitleBar.cpp:164 in Update] -> (979, 214)
[2026-09-28 02:01:59.469] [INF] [default] [TitleBar.cpp:164 in Update] -> (976, 215)
[2026-09-28 02:01:59.477] [INF] [default] [TitleBar.cpp:164 in Update] -> (972, 218)
[2026-09-28 02:01:59.483] [INF] [default] [TitleBar.cpp:164 in Update] -> (970, 219)
[2026-09-28 02:01:59.491] [INF] [default] [TitleBar.cpp:164 in Update] -> (968, 221)
[2026-09-28 02:01:59.498] [INF] [default] [TitleBar.cpp:164 in Update] -> (966, 222)
[2026-09-28 02:01:59.504] [INF] [default] [TitleBar.cpp:164 in Update] -> (963, 223)
[2026-09-28 02:01:59.511] [INF] [default] [TitleBar.cpp:164 in Update] -> (961, 224)
[2026-09-28 02:01:59.518] [INF] [default] [TitleBar.cpp:164 in Update] -> (960, 224)
[2026-09-28 02:01:59.526] [INF] [default] [TitleBar.cpp:164 in Update] -> (958, 225)
[2026-09-28 02:01:59.532] [INF] [default] [TitleBar.cpp:164 in Update] -> (956, 225)
[2026-09-28 02:01:59.540] [INF] [default] [TitleBar.cpp:164 in Update] -> (955, 226)
[2026-09-28 02:01:59.547] [INF] [default] [TitleBar.cpp:164 in Update] -> (954, 226)
[2026-09-28 02:01:59.554] [INF] [default] [TitleBar.cpp:164 in Update] -> (952, 226)
[2026-09-28 02:01:59.560] [INF] [default] [TitleBar.cpp:164 in Update] -> (951, 226)
[2026-09-28 02:01:59.568] [INF] [default] [TitleBar.cpp:164 in Update] -> (950, 226)
[2026-09-28 02:01:59.588] [INF] [default] [TitleBar.cpp:164 in Update] -> (949, 226)
[2026-09-28 02:01:59.595] [INF] [default] [TitleBar.cpp:164 in Update] -> (948, 226)
[2026-09-28 02:01:59.617] [INF] [default] [TitleBar.cpp:164 in Update] -> (947, 226)
[2026-09-28 02:01:59.623] [INF] [default] [TitleBar.cpp:164 in Update] -> (946, 226)
[2026-09-28 02:01:59.637] [INF] [default] [TitleBar.cpp:164 in Update] -> (945, 226)
[2026-09-28 02:01:59.650] [INF] [default] [TitleBar.cpp:164 in Update] -> (944, 226)
[2026-09-28 02:01:59.658] [INF] [default] [TitleBar.cpp:164 in Update] -> (943, 226)
[2026-09-28 02:01:59.671] [INF] [default] [TitleBar.cpp:164 in Update] -> (941, 225)
[2026-09-28 02:01:59.679] [INF] [default] [TitleBar.cpp:164 in Update] -> (939, 223)
[2026-09-28 02:01:59.686] [INF] [default] [TitleBar.cpp:164 in Update] -> (936, 222)
[2026-09-28 02:01:59.693] [INF] [default] [TitleBar.cpp:164 in Update] -> (932, 220)
[2026-09-28 02:01:59.700] [INF] [default] [TitleBar.cpp:164 in Update] -> (930, 218)
[2026-09-28 02:01:59.707] [INF] [default] [TitleBar.cpp:164 in Update] -> (926, 218)
[2026-09-28 02:01:59.714] [INF] [default] [TitleBar.cpp:164 in Update] -> (919, 215)
[2026-09-28 02:01:59.720] [INF] [default] [TitleBar.cpp:164 in Update] -> (911, 213)
[2026-09-28 02:01:59.728] [INF] [default] [TitleBar.cpp:164 in Update] -> (904, 209)
[2026-09-28 02:01:59.734] [INF] [default] [TitleBar.cpp:164 in Update] -> (894, 206)
[2026-09-28 02:01:59.742] [INF] [default] [TitleBar.cpp:164 in Update] -> (887, 205)
[2026-09-28 02:01:59.749] [INF] [default] [TitleBar.cpp:164 in Update] -> (880, 204)
[2026-09-28 02:01:59.756] [INF] [default] [TitleBar.cpp:164 in Update] -> (874, 203)
[2026-09-28 02:01:59.763] [INF] [default] [TitleBar.cpp:164 in Update] -> (867, 202)
[2026-09-28 02:01:59.769] [INF] [default] [TitleBar.cpp:164 in Update] -> (860, 202)
[2026-09-28 02:01:59.777] [INF] [default] [TitleBar.cpp:164 in Update] -> (857, 202)
[2026-09-28 02:01:59.784] [INF] [default] [TitleBar.cpp:164 in Update] -> (853, 202)
[2026-09-28 02:01:59.790] [INF] [default] [TitleBar.cpp:164 in Update] -> (848, 202)
[2026-09-28 02:01:59.797] [INF] [default] [TitleBar.cpp:164 in Update] -> (844, 202)
[2026-09-28 02:01:59.804] [INF] [default] [TitleBar.cpp:164 in Update] -> (841, 203)
[2026-09-28 02:01:59.812] [INF] [default] [TitleBar.cpp:164 in Update] -> (840, 203)
[2026-09-28 02:01:59.818] [INF] [default] [TitleBar.cpp:164 in Update] -> (837, 204)
[2026-09-28 02:01:59.825] [INF] [default] [TitleBar.cpp:164 in Update] -> (835, 205)
[2026-09-28 02:01:59.832] [INF] [default] [TitleBar.cpp:164 in Update] -> (833, 205)
[2026-09-28 02:01:59.838] [INF] [default] [TitleBar.cpp:164 in Update] -> (831, 206)
[2026-09-28 02:01:59.847] [INF] [default] [TitleBar.cpp:164 in Update] -> (829, 207)
[2026-09-28 02:01:59.853] [INF] [default] [TitleBar.cpp:164 in Update] -> (828, 208)
[2026-09-28 02:01:59.860] [INF] [default] [TitleBar.cpp:164 in Update] -> (827, 208)
[2026-09-28 02:01:59.874] [INF] [default] [TitleBar.cpp:164 in Update] -> (826, 209)
[2026-09-28 02:01:59.882] [INF] [default] [TitleBar.cpp:164 in Update] -> (825, 210)
[2026-09-28 02:01:59.888] [INF] [default] [TitleBar.cpp:164 in Update] -> (824, 210)
[2026-09-28 02:01:59.895] [INF] [default] [TitleBar.cpp:164 in Update] -> (823, 211)
[2026-09-28 02:01:59.909] [INF] [default] [TitleBar.cpp:164 in Update] -> (823, 212)
[2026-09-28 02:01:59.916] [INF] [default] [TitleBar.cpp:164 in Update] -> (822, 212)
[2026-09-28 02:01:59.922] [INF] [default] [TitleBar.cpp:164 in Update] -> (821, 213)
[2026-09-28 02:01:59.930] [INF] [default] [TitleBar.cpp:164 in Update] -> (821, 214)
[2026-09-28 02:01:59.957] [INF] [default] [TitleBar.cpp:164 in Update] -> (820, 214)
[2026-09-28 02:01:59.971] [INF] [default] [TitleBar.cpp:164 in Update] -> (820, 215)
[2026-09-28 02:02:00.048] [INF] [default] [TitleBar.cpp:164 in Update] -> (819, 215)
[2026-09-28 02:02:01.460] [INF] [default] [TitleBar.cpp:145 in Update] -> [follow mouse ok] : (821, 821)
[2026-09-28 02:02:01.685] [INF] [default] [TitleBar.cpp:164 in Update] -> (1133, 195)
[2026-09-28 02:02:01.692] [INF] [default] [TitleBar.cpp:164 in Update] -> (1132, 195)
[2026-09-28 02:02:01.699] [INF] [default] [TitleBar.cpp:164 in Update] -> (1129, 195)
[2026-09-28 02:02:01.705] [INF] [default] [TitleBar.cpp:164 in Update] -> (1128, 195)
[2026-09-28 02:02:01.713] [INF] [default] [TitleBar.cpp:164 in Update] -> (1126, 195)
[2026-09-28 02:02:01.720] [INF] [default] [TitleBar.cpp:164 in Update] -> (1123, 195)
[2026-09-28 02:02:01.727] [INF] [default] [TitleBar.cpp:164 in Update] -> (1121, 195)
[2026-09-28 02:02:01.733] [INF] [default] [TitleBar.cpp:164 in Update] -> (1117, 194)
[2026-09-28 02:02:01.741] [INF] [default] [TitleBar.cpp:164 in Update] -> (1115, 194)
[2026-09-28 02:02:01.747] [INF] [default] [TitleBar.cpp:164 in Update] -> (1113, 193)
[2026-09-28 02:02:01.755] [INF] [default] [TitleBar.cpp:164 in Update] -> (1111, 193)
[2026-09-28 02:02:01.762] [INF] [default] [TitleBar.cpp:164 in Update] -> (1108, 192)
[2026-09-28 02:02:01.769] [INF] [default] [TitleBar.cpp:164 in Update] -> (1105, 191)
[2026-09-28 02:02:01.776] [INF] [default] [TitleBar.cpp:164 in Update] -> (1101, 191)
[2026-09-28 02:02:01.782] [INF] [default] [TitleBar.cpp:164 in Update] -> (1100, 190)
[2026-09-28 02:02:01.790] [INF] [default] [TitleBar.cpp:164 in Update] -> (1098, 189)
[2026-09-28 02:02:01.796] [INF] [default] [TitleBar.cpp:164 in Update] -> (1096, 189)
[2026-09-28 02:02:01.803] [INF] [default] [TitleBar.cpp:164 in Update] -> (1095, 188)
[2026-09-28 02:02:01.810] [INF] [default] [TitleBar.cpp:164 in Update] -> (1093, 188)
[2026-09-28 02:02:01.817] [INF] [default] [TitleBar.cpp:164 in Update] -> (1092, 188)
[2026-09-28 02:02:01.825] [INF] [default] [TitleBar.cpp:164 in Update] -> (1091, 188)
[2026-09-28 02:02:01.831] [INF] [default] [TitleBar.cpp:164 in Update] -> (1090, 188)
[2026-09-28 02:02:01.838] [INF] [default] [TitleBar.cpp:164 in Update] -> (1089, 188)
[2026-09-28 02:02:01.845] [INF] [default] [TitleBar.cpp:164 in Update] -> (1088, 188)
[2026-09-28 02:02:01.860] [INF] [default] [TitleBar.cpp:164 in Update] -> (1087, 188)
[2026-09-28 02:02:01.867] [INF] [default] [TitleBar.cpp:164 in Update] -> (1086, 188)
[2026-09-28 02:02:01.873] [INF] [default] [TitleBar.cpp:164 in Update] -> (1085, 188)
[2026-09-28 02:02:01.887] [INF] [default] [TitleBar.cpp:164 in Update] -> (1084, 188)
[2026-09-28 02:02:01.894] [INF] [default] [TitleBar.cpp:164 in Update] -> (1083, 188)
[2026-09-28 02:02:01.908] [INF] [default] [TitleBar.cpp:164 in Update] -> (1082, 189)
[2026-09-28 02:02:01.914] [INF] [default] [TitleBar.cpp:164 in Update] -> (1080, 189)
[2026-09-28 02:02:01.922] [INF] [default] [TitleBar.cpp:164 in Update] -> (1079, 190)
[2026-09-28 02:02:01.929] [INF] [default] [TitleBar.cpp:164 in Update] -> (1079, 191)
[2026-09-28 02:02:01.936] [INF] [default] [TitleBar.cpp:164 in Update] -> (1078, 192)
[2026-09-28 02:02:01.944] [INF] [default] [TitleBar.cpp:164 in Update] -> (1077, 192)
[2026-09-28 02:02:01.949] [INF] [default] [TitleBar.cpp:164 in Update] -> (1077, 193)
[2026-09-28 02:02:01.957] [INF] [default] [TitleBar.cpp:164 in Update] -> (1077, 194)
[2026-09-28 02:02:01.964] [INF] [default] [TitleBar.cpp:164 in Update] -> (1075, 194)
[2026-09-28 02:02:01.970] [INF] [default] [TitleBar.cpp:164 in Update] -> (1074, 195)
[2026-09-28 02:02:01.978] [INF] [default] [TitleBar.cpp:164 in Update] -> (1074, 196)
[2026-09-28 02:02:01.984] [INF] [default] [TitleBar.cpp:164 in Update] -> (1073, 197)
[2026-09-28 02:02:01.991] [INF] [default] [TitleBar.cpp:164 in Update] -> (1072, 198)
[2026-09-28 02:02:01.998] [INF] [default] [TitleBar.cpp:164 in Update] -> (1071, 199)
[2026-09-28 02:02:02.005] [INF] [default] [TitleBar.cpp:164 in Update] -> (1071, 200)
[2026-09-28 02:02:02.013] [INF] [default] [TitleBar.cpp:164 in Update] -> (1070, 201)
[2026-09-28 02:02:02.020] [INF] [default] [TitleBar.cpp:164 in Update] -> (1070, 202)
[2026-09-28 02:02:02.027] [INF] [default] [TitleBar.cpp:164 in Update] -> (1069, 203)
[2026-09-28 02:02:02.041] [INF] [default] [TitleBar.cpp:164 in Update] -> (1068, 203)
[2026-09-28 02:02:02.047] [INF] [default] [TitleBar.cpp:164 in Update] -> (1068, 204)
[2026-09-28 02:02:02.061] [INF] [default] [TitleBar.cpp:164 in Update] -> (1068, 205)
[2026-09-28 02:02:02.116] [INF] [default] [TitleBar.cpp:164 in Update] -> (1067, 205)
[2026-09-28 02:02:02.137] [INF] [default] [TitleBar.cpp:164 in Update] -> (1067, 204)
[2026-09-28 02:02:02.147] [INF] [default] [TitleBar.cpp:164 in Update] -> (1067, 203)
[2026-09-28 02:02:02.152] [INF] [default] [TitleBar.cpp:164 in Update] -> (1068, 203)
[2026-09-28 02:02:02.159] [INF] [default] [TitleBar.cpp:164 in Update] -> (1068, 202)
[2026-09-28 02:02:02.172] [INF] [default] [TitleBar.cpp:164 in Update] -> (1069, 201)
[2026-09-28 02:02:02.180] [INF] [default] [TitleBar.cpp:164 in Update] -> (1070, 200)
[2026-09-28 02:02:02.186] [INF] [default] [TitleBar.cpp:164 in Update] -> (1070, 199)
[2026-09-28 02:02:02.194] [INF] [default] [TitleBar.cpp:164 in Update] -> (1070, 198)
[2026-09-28 02:02:02.200] [INF] [default] [TitleBar.cpp:164 in Update] -> (1071, 198)
[2026-09-28 02:02:02.208] [INF] [default] [TitleBar.cpp:164 in Update] -> (1071, 197)
[2026-09-28 02:02:02.221] [INF] [default] [TitleBar.cpp:164 in Update] -> (1072, 196)
[2026-09-28 02:02:02.229] [INF] [default] [TitleBar.cpp:164 in Update] -> (1073, 196)
[2026-09-28 02:02:02.235] [INF] [default] [TitleBar.cpp:164 in Update] -> (1073, 195)
[2026-09-28 02:02:02.243] [INF] [default] [TitleBar.cpp:164 in Update] -> (1074, 195)
[2026-09-28 02:02:02.256] [INF] [default] [TitleBar.cpp:164 in Update] -> (1075, 195)
[2026-09-28 02:02:02.263] [INF] [default] [TitleBar.cpp:164 in Update] -> (1075, 194)
[2026-09-28 02:02:02.270] [INF] [default] [TitleBar.cpp:164 in Update] -> (1076, 194)
[2026-09-28 02:02:02.284] [INF] [default] [TitleBar.cpp:164 in Update] -> (1076, 193)
[2026-09-28 02:02:02.291] [INF] [default] [TitleBar.cpp:164 in Update] -> (1077, 193)
[2026-09-28 02:02:02.319] [INF] [default] [TitleBar.cpp:164 in Update] -> (1077, 192)
[2026-09-28 02:02:02.325] [INF] [default] [TitleBar.cpp:164 in Update] -> (1077, 191)
[2026-09-28 02:02:02.354] [INF] [default] [TitleBar.cpp:164 in Update] -> (1078, 191)
[2026-09-28 02:02:02.641] [INF] [default] [TitleBar.cpp:145 in Update] -> [follow mouse ok] : (767, 767)
[2026-09-28 02:02:02.939] [INF] [default] [TitleBar.cpp:164 in Update] -> (1079, 191)
[2026-09-28 02:02:02.946] [INF] [default] [TitleBar.cpp:164 in Update] -> (1080, 191)
[2026-09-28 02:02:02.960] [INF] [default] [TitleBar.cpp:164 in Update] -> (1082, 191)
[2026-09-28 02:02:02.967] [INF] [default] [TitleBar.cpp:164 in Update] -> (1083, 191)
[2026-09-28 02:02:02.973] [INF] [default] [TitleBar.cpp:164 in Update] -> (1085, 191)
[2026-09-28 02:02:02.981] [INF] [default] [TitleBar.cpp:164 in Update] -> (1086, 190)
[2026-09-28 02:02:02.987] [INF] [default] [TitleBar.cpp:164 in Update] -> (1087, 190)
[2026-09-28 02:02:02.996] [INF] [default] [TitleBar.cpp:164 in Update] -> (1088, 190)
[2026-09-28 02:02:03.008] [INF] [default] [TitleBar.cpp:164 in Update] -> (1089, 189)
[2026-09-28 02:02:03.016] [INF] [default] [TitleBar.cpp:164 in Update] -> (1091, 189)
[2026-09-28 02:02:03.030] [INF] [default] [TitleBar.cpp:164 in Update] -> (1092, 188)
[2026-09-28 02:02:03.037] [INF] [default] [TitleBar.cpp:164 in Update] -> (1093, 188)
[2026-09-28 02:02:03.050] [INF] [default] [TitleBar.cpp:164 in Update] -> (1094, 188)
[2026-09-28 02:02:03.057] [INF] [default] [TitleBar.cpp:164 in Update] -> (1095, 188)
[2026-09-28 02:02:03.064] [INF] [default] [TitleBar.cpp:164 in Update] -> (1096, 188)
[2026-09-28 02:02:03.079] [INF] [default] [TitleBar.cpp:164 in Update] -> (1097, 188)
[2026-09-28 02:02:03.085] [INF] [default] [TitleBar.cpp:164 in Update] -> (1098, 188)
[2026-09-28 02:02:03.092] [INF] [default] [TitleBar.cpp:164 in Update] -> (1099, 188)
[2026-09-28 02:02:03.099] [INF] [default] [TitleBar.cpp:164 in Update] -> (1099, 187)
[2026-09-28 02:02:03.107] [INF] [default] [TitleBar.cpp:164 in Update] -> (1100, 187)
[2026-09-28 02:02:03.120] [INF] [default] [TitleBar.cpp:164 in Update] -> (1102, 186)
[2026-09-28 02:02:03.128] [INF] [default] [TitleBar.cpp:164 in Update] -> (1103, 186)
[2026-09-28 02:02:03.134] [INF] [default] [TitleBar.cpp:164 in Update] -> (1104, 186)
[2026-09-28 02:02:03.148] [INF] [default] [TitleBar.cpp:164 in Update] -> (1105, 186)
[2026-09-28 02:02:03.155] [INF] [default] [TitleBar.cpp:164 in Update] -> (1106, 186)
[2026-09-28 02:02:03.176] [INF] [default] [TitleBar.cpp:164 in Update] -> (1107, 186)
[2026-09-28 02:02:03.182] [INF] [default] [TitleBar.cpp:164 in Update] -> (1108, 186)
[2026-09-28 02:02:03.203] [INF] [default] [TitleBar.cpp:164 in Update] -> (1109, 186)
[2026-09-28 02:02:03.252] [INF] [default] [TitleBar.cpp:164 in Update] -> (1110, 187)
[2026-09-28 02:02:03.266] [INF] [default] [TitleBar.cpp:164 in Update] -> (1110, 188)
[2026-09-28 02:02:03.329] [INF] [default] [TitleBar.cpp:164 in Update] -> (1110, 189)
[2026-09-28 02:02:03.350] [INF] [default] [TitleBar.cpp:164 in Update] -> (1110, 190)
[2026-09-28 02:02:03.370] [INF] [default] [TitleBar.cpp:164 in Update] -> (1110, 191)
[2026-09-28 02:02:03.475] [INF] [default] [TitleBar.cpp:164 in Update] -> (1110, 192)
[2026-09-28 02:02:03.489] [INF] [default] [TitleBar.cpp:164 in Update] -> (1111, 192)
[2026-09-28 02:02:03.531] [INF] [default] [TitleBar.cpp:164 in Update] -> (1112, 192)
[2026-09-28 02:02:03.545] [INF] [default] [TitleBar.cpp:164 in Update] -> (1113, 192)
[2026-09-28 02:02:03.559] [INF] [default] [TitleBar.cpp:164 in Update] -> (1113, 191)
[2026-09-28 02:02:03.566] [INF] [default] [TitleBar.cpp:164 in Update] -> (1114, 191)
[2026-09-28 02:02:03.587] [INF] [default] [TitleBar.cpp:164 in Update] -> (1115, 190)
[2026-09-28 02:02:03.594] [INF] [default] [TitleBar.cpp:164 in Update] -> (1116, 190)
[2026-09-28 02:02:03.622] [INF] [default] [TitleBar.cpp:164 in Update] -> (1117, 190)
[2026-09-28 02:02:03.629] [INF] [default] [TitleBar.cpp:164 in Update] -> (1118, 189)
[2026-09-28 02:02:03.636] [INF] [default] [TitleBar.cpp:164 in Update] -> (1119, 189)
[2026-09-28 02:02:03.643] [INF] [default] [TitleBar.cpp:164 in Update] -> (1120, 189)
[2026-09-28 02:02:03.657] [INF] [default] [TitleBar.cpp:164 in Update] -> (1120, 188)
[2026-09-28 02:02:03.664] [INF] [default] [TitleBar.cpp:164 in Update] -> (1121, 188)
[2026-09-28 02:02:03.684] [INF] [default] [TitleBar.cpp:164 in Update] -> (1122, 188)
[2026-09-28 02:02:03.691] [INF] [default] [TitleBar.cpp:164 in Update] -> (1122, 187)
[2026-09-28 02:02:03.699] [INF] [default] [TitleBar.cpp:164 in Update] -> (1123, 187)
[2026-09-28 02:02:03.713] [INF] [default] [TitleBar.cpp:164 in Update] -> (1124, 187)
[2026-09-28 02:02:03.754] [INF] [default] [TitleBar.cpp:164 in Update] -> (1125, 187)
[2026-09-28 02:02:03.774] [INF] [default] [TitleBar.cpp:164 in Update] -> (1126, 187)
[2026-09-28 02:02:03.852] [INF] [default] [TitleBar.cpp:164 in Update] -> (1127, 187)
[2026-09-28 02:02:03.873] [INF] [default] [TitleBar.cpp:164 in Update] -> (1127, 188)
[2026-09-28 02:02:03.908] [INF] [default] [TitleBar.cpp:164 in Update] -> (1127, 189)
[2026-09-28 02:02:03.914] [INF] [default] [TitleBar.cpp:164 in Update] -> (1127, 190)
[2026-09-28 02:02:03.928] [INF] [default] [TitleBar.cpp:164 in Update] -> (1127, 191)
[2026-09-28 02:02:03.935] [INF] [default] [TitleBar.cpp:164 in Update] -> (1127, 192)
[2026-09-28 02:02:03.942] [INF] [default] [TitleBar.cpp:164 in Update] -> (1127, 193)
[2026-09-28 02:02:03.949] [INF] [default] [TitleBar.cpp:164 in Update] -> (1127, 194)
[2026-09-28 02:02:03.956] [INF] [default] [TitleBar.cpp:164 in Update] -> (1127, 195)
[2026-09-28 02:02:03.963] [INF] [default] [TitleBar.cpp:164 in Update] -> (1127, 197)
[2026-09-28 02:02:03.970] [INF] [default] [TitleBar.cpp:164 in Update] -> (1127, 198)
[2026-09-28 02:02:03.976] [INF] [default] [TitleBar.cpp:164 in Update] -> (1127, 199)
[2026-09-28 02:02:03.984] [INF] [default] [TitleBar.cpp:164 in Update] -> (1127, 201)
[2026-09-28 02:02:03.991] [INF] [default] [TitleBar.cpp:164 in Update] -> (1127, 202)
[2026-09-28 02:02:04.005] [INF] [default] [TitleBar.cpp:164 in Update] -> (1127, 204)
[2026-09-28 02:02:04.012] [INF] [default] [TitleBar.cpp:164 in Update] -> (1127, 205)
[2026-09-28 02:02:04.019] [INF] [default] [TitleBar.cpp:164 in Update] -> (1127, 206)
[2026-09-28 02:02:04.025] [INF] [default] [TitleBar.cpp:164 in Update] -> (1127, 207)
[2026-09-28 02:02:04.040] [INF] [default] [TitleBar.cpp:164 in Update] -> (1127, 208)
[2026-09-28 02:02:04.054] [INF] [default] [TitleBar.cpp:164 in Update] -> (1127, 209)
[2026-09-28 02:02:04.081] [INF] [default] [TitleBar.cpp:164 in Update] -> (1127, 210)
[2026-09-28 02:02:04.095] [INF] [default] [TitleBar.cpp:164 in Update] -> (1127, 211)
[2026-09-28 02:02:04.116] [INF] [default] [TitleBar.cpp:164 in Update] -> (1127, 212)
[2026-09-28 02:02:04.199] [INF] [default] [TitleBar.cpp:164 in Update] -> (1127, 213)
[2026-09-28 02:02:05.280] [INF] [default] [TitleBar.cpp:164 in Update] -> (1128, 213)
[2026-09-28 02:02:05.286] [INF] [default] [TitleBar.cpp:164 in Update] -> (1127, 213)
[2026-09-28 02:02:05.293] [INF] [default] [TitleBar.cpp:164 in Update] -> (1126, 213)
[2026-09-28 02:02:05.314] [INF] [default] [TitleBar.cpp:164 in Update] -> (1125, 213)
[2026-09-28 02:02:05.321] [INF] [default] [TitleBar.cpp:164 in Update] -> (1124, 213)
[2026-09-28 02:02:05.364] [INF] [default] [TitleBar.cpp:164 in Update] -> (1123, 213)
[2026-09-28 02:02:05.377] [INF] [default] [TitleBar.cpp:164 in Update] -> (1122, 213)
[2026-09-28 02:02:05.405] [INF] [default] [TitleBar.cpp:164 in Update] -> (1121, 213)
[2026-09-28 02:02:05.440] [INF] [default] [TitleBar.cpp:164 in Update] -> (1120, 213)
[2026-09-28 02:02:05.446] [INF] [default] [TitleBar.cpp:164 in Update] -> (1119, 213)
[2026-09-28 02:02:05.467] [INF] [default] [TitleBar.cpp:164 in Update] -> (1118, 213)
[2026-09-28 02:02:05.503] [INF] [default] [TitleBar.cpp:164 in Update] -> (1118, 212)
[2026-09-28 02:02:05.524] [INF] [default] [TitleBar.cpp:164 in Update] -> (1117, 212)
[2026-09-28 02:02:05.537] [INF] [default] [TitleBar.cpp:164 in Update] -> (1116, 211)
[2026-09-28 02:02:05.579] [INF] [default] [TitleBar.cpp:164 in Update] -> (1115, 211)
[2026-09-28 02:02:05.593] [INF] [default] [TitleBar.cpp:164 in Update] -> (1114, 211)
[2026-09-28 02:02:05.607] [INF] [default] [TitleBar.cpp:164 in Update] -> (1113, 211)
[2026-09-28 02:02:05.614] [INF] [default] [TitleBar.cpp:164 in Update] -> (1111, 211)
[2026-09-28 02:02:05.621] [INF] [default] [TitleBar.cpp:164 in Update] -> (1110, 211)
[2026-09-28 02:02:05.629] [INF] [default] [TitleBar.cpp:164 in Update] -> (1109, 211)
[2026-09-28 02:02:05.642] [INF] [default] [TitleBar.cpp:164 in Update] -> (1107, 211)
[2026-09-28 02:02:05.649] [INF] [default] [TitleBar.cpp:164 in Update] -> (1106, 211)
[2026-09-28 02:02:05.663] [INF] [default] [TitleBar.cpp:164 in Update] -> (1104, 211)
[2026-09-28 02:02:05.670] [INF] [default] [TitleBar.cpp:164 in Update] -> (1102, 211)
[2026-09-28 02:02:05.677] [INF] [default] [TitleBar.cpp:164 in Update] -> (1101, 211)
[2026-09-28 02:02:05.683] [INF] [default] [TitleBar.cpp:164 in Update] -> (1100, 211)
[2026-09-28 02:02:05.691] [INF] [default] [TitleBar.cpp:164 in Update] -> (1099, 211)
[2026-09-28 02:02:05.698] [INF] [default] [TitleBar.cpp:164 in Update] -> (1098, 211)
[2026-09-28 02:02:05.705] [INF] [default] [TitleBar.cpp:164 in Update] -> (1096, 211)
[2026-09-28 02:02:05.712] [INF] [default] [TitleBar.cpp:164 in Update] -> (1095, 211)
[2026-09-28 02:02:05.718] [INF] [default] [TitleBar.cpp:164 in Update] -> (1094, 211)
[2026-09-28 02:02:05.726] [INF] [default] [TitleBar.cpp:164 in Update] -> (1093, 211)
[2026-09-28 02:02:05.740] [INF] [default] [TitleBar.cpp:164 in Update] -> (1092, 211)
[2026-09-28 02:02:05.747] [INF] [default] [TitleBar.cpp:164 in Update] -> (1090, 211)
[2026-09-28 02:02:05.754] [INF] [default] [TitleBar.cpp:164 in Update] -> (1089, 211)
[2026-09-28 02:02:05.760] [INF] [default] [TitleBar.cpp:164 in Update] -> (1088, 211)
[2026-09-28 02:02:05.767] [INF] [default] [TitleBar.cpp:164 in Update] -> (1087, 211)
[2026-09-28 02:02:05.782] [INF] [default] [TitleBar.cpp:164 in Update] -> (1086, 211)
[2026-09-28 02:02:05.803] [INF] [default] [TitleBar.cpp:164 in Update] -> (1084, 211)
[2026-09-28 02:02:05.962] [INF] [default] [TitleBar.cpp:164 in Update] -> (1083, 211)
[2026-09-28 02:02:06.074] [INF] [default] [TitleBar.cpp:164 in Update] -> (1082, 211)
[2026-09-28 02:02:06.081] [INF] [default] [TitleBar.cpp:164 in Update] -> (1081, 211)
[2026-09-28 02:02:06.095] [INF] [default] [TitleBar.cpp:164 in Update] -> (1080, 211)
[2026-09-28 02:02:06.102] [INF] [default] [TitleBar.cpp:164 in Update] -> (1077, 211)
[2026-09-28 02:02:06.109] [INF] [default] [TitleBar.cpp:164 in Update] -> (1076, 211)
[2026-09-28 02:02:06.115] [INF] [default] [TitleBar.cpp:164 in Update] -> (1074, 211)
[2026-09-28 02:02:06.123] [INF] [default] [TitleBar.cpp:164 in Update] -> (1072, 211)
[2026-09-28 02:02:06.130] [INF] [default] [TitleBar.cpp:164 in Update] -> (1070, 211)
[2026-09-28 02:02:06.137] [INF] [default] [TitleBar.cpp:164 in Update] -> (1067, 212)
[2026-09-28 02:02:06.144] [INF] [default] [TitleBar.cpp:164 in Update] -> (1065, 212)
[2026-09-28 02:02:06.151] [INF] [default] [TitleBar.cpp:164 in Update] -> (1063, 212)
[2026-09-28 02:02:06.157] [INF] [default] [TitleBar.cpp:164 in Update] -> (1059, 213)
[2026-09-28 02:02:06.164] [INF] [default] [TitleBar.cpp:164 in Update] -> (1057, 213)
[2026-09-28 02:02:06.172] [INF] [default] [TitleBar.cpp:164 in Update] -> (1055, 213)
[2026-09-28 02:02:06.178] [INF] [default] [TitleBar.cpp:164 in Update] -> (1053, 213)
[2026-09-28 02:02:06.193] [INF] [default] [TitleBar.cpp:164 in Update] -> (1051, 213)
[2026-09-28 02:02:06.199] [INF] [default] [TitleBar.cpp:164 in Update] -> (1049, 213)
[2026-09-28 02:02:06.207] [INF] [default] [TitleBar.cpp:164 in Update] -> (1048, 213)
[2026-09-28 02:02:06.213] [INF] [default] [TitleBar.cpp:164 in Update] -> (1046, 214)
[2026-09-28 02:02:06.221] [INF] [default] [TitleBar.cpp:164 in Update] -> (1045, 214)
[2026-09-28 02:02:06.227] [INF] [default] [TitleBar.cpp:164 in Update] -> (1044, 214)
[2026-09-28 02:02:06.234] [INF] [default] [TitleBar.cpp:164 in Update] -> (1042, 214)
[2026-09-28 02:02:06.242] [INF] [default] [TitleBar.cpp:164 in Update] -> (1041, 214)
[2026-09-28 02:02:06.248] [INF] [default] [TitleBar.cpp:164 in Update] -> (1040, 214)
[2026-09-28 02:02:06.255] [INF] [default] [TitleBar.cpp:164 in Update] -> (1039, 214)
[2026-09-28 02:02:06.277] [INF] [default] [TitleBar.cpp:164 in Update] -> (1038, 214)
[2026-09-28 02:02:06.283] [INF] [default] [TitleBar.cpp:164 in Update] -> (1037, 214)
[2026-09-28 02:02:06.290] [INF] [default] [TitleBar.cpp:164 in Update] -> (1036, 214)
[2026-09-28 02:02:06.359] [INF] [default] [TitleBar.cpp:164 in Update] -> (1035, 214)
[2026-09-28 02:02:06.381] [INF] [default] [TitleBar.cpp:164 in Update] -> (1034, 214)
[2026-09-28 02:02:06.394] [INF] [default] [TitleBar.cpp:164 in Update] -> (1033, 214)
[2026-09-28 02:02:06.402] [INF] [default] [TitleBar.cpp:164 in Update] -> (1032, 214)
[2026-09-28 02:02:06.415] [INF] [default] [TitleBar.cpp:164 in Update] -> (1031, 214)
[2026-09-28 02:02:06.422] [INF] [default] [TitleBar.cpp:164 in Update] -> (1030, 214)
[2026-09-28 02:02:06.429] [INF] [default] [TitleBar.cpp:164 in Update] -> (1029, 214)
[2026-09-28 02:02:06.436] [INF] [default] [TitleBar.cpp:164 in Update] -> (1028, 214)
[2026-09-28 02:02:06.443] [INF] [default] [TitleBar.cpp:164 in Update] -> (1027, 214)
[2026-09-28 02:02:06.450] [INF] [default] [TitleBar.cpp:164 in Update] -> (1025, 214)
[2026-09-28 02:02:06.457] [INF] [default] [TitleBar.cpp:164 in Update] -> (1024, 214)
[2026-09-28 02:02:06.463] [INF] [default] [TitleBar.cpp:164 in Update] -> (1023, 214)
[2026-09-28 02:02:06.471] [INF] [default] [TitleBar.cpp:164 in Update] -> (1021, 214)
[2026-09-28 02:02:06.478] [INF] [default] [TitleBar.cpp:164 in Update] -> (1019, 214)
[2026-09-28 02:02:06.485] [INF] [default] [TitleBar.cpp:164 in Update] -> (1017, 214)
[2026-09-28 02:02:06.493] [INF] [default] [TitleBar.cpp:164 in Update] -> (1014, 214)
[2026-09-28 02:02:06.499] [INF] [default] [TitleBar.cpp:164 in Update] -> (1013, 214)
[2026-09-28 02:02:06.506] [INF] [default] [TitleBar.cpp:164 in Update] -> (1011, 214)
[2026-09-28 02:02:06.512] [INF] [default] [TitleBar.cpp:164 in Update] -> (1010, 214)
[2026-09-28 02:02:06.520] [INF] [default] [TitleBar.cpp:164 in Update] -> (1007, 214)
[2026-09-28 02:02:06.526] [INF] [default] [TitleBar.cpp:164 in Update] -> (1005, 214)
[2026-09-28 02:02:06.533] [INF] [default] [TitleBar.cpp:164 in Update] -> (1004, 214)
[2026-09-28 02:02:06.541] [INF] [default] [TitleBar.cpp:164 in Update] -> (1002, 214)
[2026-09-28 02:02:06.548] [INF] [default] [TitleBar.cpp:164 in Update] -> (1000, 214)
[2026-09-28 02:02:06.555] [INF] [default] [TitleBar.cpp:164 in Update] -> (999, 214)
[2026-09-28 02:02:06.569] [INF] [default] [TitleBar.cpp:164 in Update] -> (997, 214)
[2026-09-28 02:02:06.575] [INF] [default] [TitleBar.cpp:164 in Update] -> (995, 214)
[2026-09-28 02:02:06.590] [INF] [default] [TitleBar.cpp:164 in Update] -> (993, 214)
[2026-09-28 02:02:06.596] [INF] [default] [TitleBar.cpp:164 in Update] -> (991, 214)
[2026-09-28 02:02:06.611] [INF] [default] [TitleBar.cpp:164 in Update] -> (990, 214)
[2026-09-28 02:02:06.625] [INF] [default] [TitleBar.cpp:164 in Update] -> (988, 214)
[2026-09-28 02:02:06.631] [INF] [default] [TitleBar.cpp:164 in Update] -> (987, 214)
[2026-09-28 02:02:06.645] [INF] [default] [TitleBar.cpp:164 in Update] -> (985, 214)
[2026-09-28 02:02:06.652] [INF] [default] [TitleBar.cpp:164 in Update] -> (984, 214)
[2026-09-28 02:02:06.666] [INF] [default] [TitleBar.cpp:164 in Update] -> (982, 214)
[2026-09-28 02:02:06.674] [INF] [default] [TitleBar.cpp:164 in Update] -> (981, 214)
[2026-09-28 02:02:06.680] [INF] [default] [TitleBar.cpp:164 in Update] -> (979, 214)
[2026-09-28 02:02:06.687] [INF] [default] [TitleBar.cpp:164 in Update] -> (978, 214)
[2026-09-28 02:02:06.694] [INF] [default] [TitleBar.cpp:164 in Update] -> (977, 214)
[2026-09-28 02:02:06.708] [INF] [default] [TitleBar.cpp:164 in Update] -> (976, 214)
[2026-09-28 02:02:06.714] [INF] [default] [TitleBar.cpp:164 in Update] -> (975, 214)
[2026-09-28 02:02:06.729] [INF] [default] [TitleBar.cpp:164 in Update] -> (973, 214)
[2026-09-28 02:02:06.736] [INF] [default] [TitleBar.cpp:164 in Update] -> (972, 214)
[2026-09-28 02:02:06.749] [INF] [default] [TitleBar.cpp:164 in Update] -> (970, 214)
[2026-09-28 02:02:06.758] [INF] [default] [TitleBar.cpp:164 in Update] -> (969, 214)
[2026-09-28 02:02:06.771] [INF] [default] [TitleBar.cpp:164 in Update] -> (967, 214)
[2026-09-28 02:02:06.785] [INF] [default] [TitleBar.cpp:164 in Update] -> (965, 214)
[2026-09-28 02:02:06.792] [INF] [default] [TitleBar.cpp:164 in Update] -> (963, 214)
[2026-09-28 02:02:06.799] [INF] [default] [TitleBar.cpp:164 in Update] -> (962, 214)
[2026-09-28 02:02:06.806] [INF] [default] [TitleBar.cpp:164 in Update] -> (961, 214)
[2026-09-28 02:02:06.813] [INF] [default] [TitleBar.cpp:164 in Update] -> (960, 214)
[2026-09-28 02:02:06.820] [INF] [default] [TitleBar.cpp:164 in Update] -> (959, 214)
[2026-09-28 02:02:06.827] [INF] [default] [TitleBar.cpp:164 in Update] -> (958, 214)
[2026-09-28 02:02:06.841] [INF] [default] [TitleBar.cpp:164 in Update] -> (956, 214)
[2026-09-28 02:02:06.847] [INF] [default] [TitleBar.cpp:164 in Update] -> (955, 214)
[2026-09-28 02:02:06.854] [INF] [default] [TitleBar.cpp:164 in Update] -> (953, 214)
[2026-09-28 02:02:06.861] [INF] [default] [TitleBar.cpp:164 in Update] -> (952, 214)
[2026-09-28 02:02:06.868] [INF] [default] [TitleBar.cpp:164 in Update] -> (950, 214)
[2026-09-28 02:02:06.875] [INF] [default] [TitleBar.cpp:164 in Update] -> (949, 214)
[2026-09-28 02:02:06.882] [INF] [default] [TitleBar.cpp:164 in Update] -> (946, 214)
[2026-09-28 02:02:06.889] [INF] [default] [TitleBar.cpp:164 in Update] -> (944, 214)
[2026-09-28 02:02:06.897] [INF] [default] [TitleBar.cpp:164 in Update] -> (942, 214)
[2026-09-28 02:02:06.903] [INF] [default] [TitleBar.cpp:164 in Update] -> (939, 214)
[2026-09-28 02:02:06.911] [INF] [default] [TitleBar.cpp:164 in Update] -> (937, 214)
[2026-09-28 02:02:06.917] [INF] [default] [TitleBar.cpp:164 in Update] -> (935, 214)
[2026-09-28 02:02:06.924] [INF] [default] [TitleBar.cpp:164 in Update] -> (933, 214)
[2026-09-28 02:02:06.930] [INF] [default] [TitleBar.cpp:164 in Update] -> (930, 214)
[2026-09-28 02:02:06.938] [INF] [default] [TitleBar.cpp:164 in Update] -> (928, 214)
[2026-09-28 02:02:06.945] [INF] [default] [TitleBar.cpp:164 in Update] -> (926, 214)
[2026-09-28 02:02:06.951] [INF] [default] [TitleBar.cpp:164 in Update] -> (925, 214)
[2026-09-28 02:02:06.960] [INF] [default] [TitleBar.cpp:164 in Update] -> (923, 214)
[2026-09-28 02:02:06.965] [INF] [default] [TitleBar.cpp:164 in Update] -> (921, 214)
[2026-09-28 02:02:06.973] [INF] [default] [TitleBar.cpp:164 in Update] -> (920, 214)
[2026-09-28 02:02:06.980] [INF] [default] [TitleBar.cpp:164 in Update] -> (919, 214)
[2026-09-28 02:02:06.986] [INF] [default] [TitleBar.cpp:164 in Update] -> (917, 214)
[2026-09-28 02:02:06.993] [INF] [default] [TitleBar.cpp:164 in Update] -> (916, 214)
[2026-09-28 02:02:07.001] [INF] [default] [TitleBar.cpp:164 in Update] -> (915, 214)
[2026-09-28 02:02:07.008] [INF] [default] [TitleBar.cpp:164 in Update] -> (914, 214)
[2026-09-28 02:02:07.014] [INF] [default] [TitleBar.cpp:164 in Update] -> (913, 214)
[2026-09-28 02:02:07.029] [INF] [default] [TitleBar.cpp:164 in Update] -> (912, 214)
[2026-09-28 02:02:07.035] [INF] [default] [TitleBar.cpp:164 in Update] -> (911, 214)
[2026-09-28 02:02:07.042] [INF] [default] [TitleBar.cpp:164 in Update] -> (910, 214)
[2026-09-28 02:02:07.063] [INF] [default] [TitleBar.cpp:164 in Update] -> (909, 214)
[2026-09-28 02:02:07.070] [INF] [default] [TitleBar.cpp:164 in Update] -> (908, 214)
[2026-09-28 02:02:07.084] [INF] [default] [TitleBar.cpp:164 in Update] -> (907, 214)
[2026-09-28 02:02:07.091] [INF] [default] [TitleBar.cpp:164 in Update] -> (906, 214)
[2026-09-28 02:02:07.098] [INF] [default] [TitleBar.cpp:164 in Update] -> (905, 214)
[2026-09-28 02:02:07.126] [INF] [default] [TitleBar.cpp:164 in Update] -> (904, 214)
[2026-09-28 02:02:07.133] [INF] [default] [TitleBar.cpp:164 in Update] -> (903, 214)
[2026-09-28 02:02:07.154] [INF] [default] [TitleBar.cpp:164 in Update] -> (902, 214)
[2026-09-28 02:02:07.168] [INF] [default] [TitleBar.cpp:164 in Update] -> (901, 214)
[2026-09-28 02:02:07.175] [INF] [default] [TitleBar.cpp:164 in Update] -> (900, 214)
[2026-09-28 02:02:07.181] [INF] [default] [TitleBar.cpp:164 in Update] -> (899, 214)
[2026-09-28 02:02:07.189] [INF] [default] [TitleBar.cpp:164 in Update] -> (898, 214)
[2026-09-28 02:02:07.196] [INF] [default] [TitleBar.cpp:164 in Update] -> (897, 214)
[2026-09-28 02:02:07.210] [INF] [default] [TitleBar.cpp:164 in Update] -> (896, 214)
[2026-09-28 02:02:07.217] [INF] [default] [TitleBar.cpp:164 in Update] -> (894, 214)
[2026-09-28 02:02:07.224] [INF] [default] [TitleBar.cpp:164 in Update] -> (894, 213)
[2026-09-28 02:02:07.230] [INF] [default] [TitleBar.cpp:164 in Update] -> (892, 213)
[2026-09-28 02:02:07.238] [INF] [default] [TitleBar.cpp:164 in Update] -> (890, 212)
[2026-09-28 02:02:07.244] [INF] [default] [TitleBar.cpp:164 in Update] -> (889, 212)
[2026-09-28 02:02:07.251] [INF] [default] [TitleBar.cpp:164 in Update] -> (887, 211)
[2026-09-28 02:02:07.258] [INF] [default] [TitleBar.cpp:164 in Update] -> (884, 211)
[2026-09-28 02:02:07.265] [INF] [default] [TitleBar.cpp:164 in Update] -> (883, 211)
[2026-09-28 02:02:07.272] [INF] [default] [TitleBar.cpp:164 in Update] -> (881, 210)
[2026-09-28 02:02:07.279] [INF] [default] [TitleBar.cpp:164 in Update] -> (879, 210)
[2026-09-28 02:02:07.287] [INF] [default] [TitleBar.cpp:164 in Update] -> (878, 209)
[2026-09-28 02:02:07.294] [INF] [default] [TitleBar.cpp:164 in Update] -> (876, 209)
[2026-09-28 02:02:07.300] [INF] [default] [TitleBar.cpp:164 in Update] -> (873, 208)
[2026-09-28 02:02:07.307] [INF] [default] [TitleBar.cpp:164 in Update] -> (872, 207)
[2026-09-28 02:02:07.314] [INF] [default] [TitleBar.cpp:164 in Update] -> (870, 206)
[2026-09-28 02:02:07.321] [INF] [default] [TitleBar.cpp:164 in Update] -> (868, 206)
[2026-09-28 02:02:07.328] [INF] [default] [TitleBar.cpp:164 in Update] -> (867, 205)
[2026-09-28 02:02:07.335] [INF] [default] [TitleBar.cpp:164 in Update] -> (865, 205)
[2026-09-28 02:02:07.342] [INF] [default] [TitleBar.cpp:164 in Update] -> (864, 205)
[2026-09-28 02:02:07.349] [INF] [default] [TitleBar.cpp:164 in Update] -> (863, 204)
[2026-09-28 02:02:07.356] [INF] [default] [TitleBar.cpp:164 in Update] -> (862, 204)
[2026-09-28 02:02:07.370] [INF] [default] [TitleBar.cpp:164 in Update] -> (861, 204)
[2026-09-28 02:02:07.377] [INF] [default] [TitleBar.cpp:164 in Update] -> (860, 203)
[2026-09-28 02:02:07.391] [INF] [default] [TitleBar.cpp:164 in Update] -> (858, 203)
[2026-09-28 02:02:07.397] [INF] [default] [TitleBar.cpp:164 in Update] -> (856, 202)
[2026-09-28 02:02:07.405] [INF] [default] [TitleBar.cpp:164 in Update] -> (855, 202)
[2026-09-28 02:02:07.419] [INF] [default] [TitleBar.cpp:164 in Update] -> (855, 201)
[2026-09-28 02:02:07.426] [INF] [default] [TitleBar.cpp:164 in Update] -> (854, 201)
[2026-09-28 02:02:07.432] [INF] [default] [TitleBar.cpp:164 in Update] -> (853, 201)
[2026-09-28 02:02:07.447] [INF] [default] [TitleBar.cpp:164 in Update] -> (852, 200)
[2026-09-28 02:02:07.454] [INF] [default] [TitleBar.cpp:164 in Update] -> (850, 200)
[2026-09-28 02:02:07.461] [INF] [default] [TitleBar.cpp:164 in Update] -> (850, 199)
[2026-09-28 02:02:07.468] [INF] [default] [TitleBar.cpp:164 in Update] -> (849, 199)
[2026-09-28 02:02:07.474] [INF] [default] [TitleBar.cpp:164 in Update] -> (848, 199)
[2026-09-28 02:02:07.481] [INF] [default] [TitleBar.cpp:164 in Update] -> (847, 199)
[2026-09-28 02:02:07.489] [INF] [default] [TitleBar.cpp:164 in Update] -> (846, 199)
[2026-09-28 02:02:07.495] [INF] [default] [TitleBar.cpp:164 in Update] -> (845, 198)
[2026-09-28 02:02:07.502] [INF] [default] [TitleBar.cpp:164 in Update] -> (844, 197)
[2026-09-28 02:02:07.509] [INF] [default] [TitleBar.cpp:164 in Update] -> (843, 196)
[2026-09-28 02:02:07.524] [INF] [default] [TitleBar.cpp:164 in Update] -> (841, 196)
[2026-09-28 02:02:07.531] [INF] [default] [TitleBar.cpp:164 in Update] -> (839, 195)
[2026-09-28 02:02:07.537] [INF] [default] [TitleBar.cpp:164 in Update] -> (837, 194)
[2026-09-28 02:02:07.544] [INF] [default] [TitleBar.cpp:164 in Update] -> (836, 194)
[2026-09-28 02:02:07.551] [INF] [default] [TitleBar.cpp:164 in Update] -> (835, 193)
[2026-09-28 02:02:07.558] [INF] [default] [TitleBar.cpp:164 in Update] -> (833, 192)
[2026-09-28 02:02:07.565] [INF] [default] [TitleBar.cpp:164 in Update] -> (832, 192)
[2026-09-28 02:02:07.573] [INF] [default] [TitleBar.cpp:164 in Update] -> (830, 192)
[2026-09-28 02:02:07.579] [INF] [default] [TitleBar.cpp:164 in Update] -> (829, 191)
[2026-09-28 02:02:07.586] [INF] [default] [TitleBar.cpp:164 in Update] -> (828, 191)
[2026-09-28 02:02:07.593] [INF] [default] [TitleBar.cpp:164 in Update] -> (826, 190)
[2026-09-28 02:02:07.599] [INF] [default] [TitleBar.cpp:164 in Update] -> (825, 190)
[2026-09-28 02:02:07.608] [INF] [default] [TitleBar.cpp:164 in Update] -> (824, 189)
[2026-09-28 02:02:07.614] [INF] [default] [TitleBar.cpp:164 in Update] -> (822, 189)
[2026-09-28 02:02:07.620] [INF] [default] [TitleBar.cpp:164 in Update] -> (821, 188)
[2026-09-28 02:02:07.628] [INF] [default] [TitleBar.cpp:164 in Update] -> (820, 188)
[2026-09-28 02:02:07.634] [INF] [default] [TitleBar.cpp:164 in Update] -> (818, 188)
[2026-09-28 02:02:07.642] [INF] [default] [TitleBar.cpp:164 in Update] -> (817, 188)
[2026-09-28 02:02:07.649] [INF] [default] [TitleBar.cpp:164 in Update] -> (815, 188)
[2026-09-28 02:02:07.656] [INF] [default] [TitleBar.cpp:164 in Update] -> (814, 187)
[2026-09-28 02:02:07.662] [INF] [default] [TitleBar.cpp:164 in Update] -> (813, 187)
[2026-09-28 02:02:07.669] [INF] [default] [TitleBar.cpp:164 in Update] -> (811, 186)
[2026-09-28 02:02:07.676] [INF] [default] [TitleBar.cpp:164 in Update] -> (810, 186)
[2026-09-28 02:02:07.683] [INF] [default] [TitleBar.cpp:164 in Update] -> (809, 186)
[2026-09-28 02:02:07.691] [INF] [default] [TitleBar.cpp:164 in Update] -> (807, 186)
[2026-09-28 02:02:07.698] [INF] [default] [TitleBar.cpp:164 in Update] -> (806, 186)
[2026-09-28 02:02:07.712] [INF] [default] [TitleBar.cpp:164 in Update] -> (804, 186)
[2026-09-28 02:02:07.719] [INF] [default] [TitleBar.cpp:164 in Update] -> (802, 186)
[2026-09-28 02:02:07.725] [INF] [default] [TitleBar.cpp:164 in Update] -> (800, 186)
[2026-09-28 02:02:07.732] [INF] [default] [TitleBar.cpp:164 in Update] -> (799, 186)
[2026-09-28 02:02:07.740] [INF] [default] [TitleBar.cpp:164 in Update] -> (797, 186)
[2026-09-28 02:02:07.746] [INF] [default] [TitleBar.cpp:164 in Update] -> (796, 186)
[2026-09-28 02:02:07.753] [INF] [default] [TitleBar.cpp:164 in Update] -> (794, 186)
[2026-09-28 02:02:07.760] [INF] [default] [TitleBar.cpp:164 in Update] -> (792, 186)
[2026-09-28 02:02:07.767] [INF] [default] [TitleBar.cpp:164 in Update] -> (791, 186)
[2026-09-28 02:02:07.775] [INF] [default] [TitleBar.cpp:164 in Update] -> (789, 186)
[2026-09-28 02:02:07.781] [INF] [default] [TitleBar.cpp:164 in Update] -> (788, 186)
[2026-09-28 02:02:07.788] [INF] [default] [TitleBar.cpp:164 in Update] -> (786, 186)
[2026-09-28 02:02:07.795] [INF] [default] [TitleBar.cpp:164 in Update] -> (784, 186)
[2026-09-28 02:02:07.801] [INF] [default] [TitleBar.cpp:164 in Update] -> (783, 186)
[2026-09-28 02:02:07.809] [INF] [default] [TitleBar.cpp:164 in Update] -> (781, 186)
[2026-09-28 02:02:07.816] [INF] [default] [TitleBar.cpp:164 in Update] -> (779, 186)
[2026-09-28 02:02:07.823] [INF] [default] [TitleBar.cpp:164 in Update] -> (777, 186)
[2026-09-28 02:02:07.829] [INF] [default] [TitleBar.cpp:164 in Update] -> (774, 186)
[2026-09-28 02:02:07.837] [INF] [default] [TitleBar.cpp:164 in Update] -> (772, 186)
[2026-09-28 02:02:07.844] [INF] [default] [TitleBar.cpp:164 in Update] -> (770, 186)
[2026-09-28 02:02:07.850] [INF] [default] [TitleBar.cpp:164 in Update] -> (767, 186)
[2026-09-28 02:02:07.858] [INF] [default] [TitleBar.cpp:164 in Update] -> (766, 186)
[2026-09-28 02:02:07.864] [INF] [default] [TitleBar.cpp:164 in Update] -> (763, 186)
[2026-09-28 02:02:07.872] [INF] [default] [TitleBar.cpp:164 in Update] -> (762, 186)
[2026-09-28 02:02:07.878] [INF] [default] [TitleBar.cpp:164 in Update] -> (759, 186)
[2026-09-28 02:02:07.885] [INF] [default] [TitleBar.cpp:164 in Update] -> (757, 186)
[2026-09-28 02:02:07.892] [INF] [default] [TitleBar.cpp:164 in Update] -> (755, 186)
[2026-09-28 02:02:07.900] [INF] [default] [TitleBar.cpp:164 in Update] -> (752, 186)
[2026-09-28 02:02:07.907] [INF] [default] [TitleBar.cpp:164 in Update] -> (750, 186)
[2026-09-28 02:02:07.914] [INF] [default] [TitleBar.cpp:164 in Update] -> (749, 186)
[2026-09-28 02:02:07.920] [INF] [default] [TitleBar.cpp:164 in Update] -> (747, 186)
[2026-09-28 02:02:07.927] [INF] [default] [TitleBar.cpp:164 in Update] -> (746, 186)
[2026-09-28 02:02:07.933] [INF] [default] [TitleBar.cpp:164 in Update] -> (744, 186)
[2026-09-28 02:02:07.948] [INF] [default] [TitleBar.cpp:164 in Update] -> (742, 186)
[2026-09-28 02:02:07.955] [INF] [default] [TitleBar.cpp:164 in Update] -> (740, 186)
[2026-09-28 02:02:07.969] [INF] [default] [TitleBar.cpp:164 in Update] -> (739, 186)
[2026-09-28 02:02:07.976] [INF] [default] [TitleBar.cpp:164 in Update] -> (738, 186)
[2026-09-28 02:02:07.991] [INF] [default] [TitleBar.cpp:164 in Update] -> (737, 186)
[2026-09-28 02:02:08.004] [INF] [default] [TitleBar.cpp:164 in Update] -> (736, 186)
[2026-09-28 02:02:08.018] [INF] [default] [TitleBar.cpp:164 in Update] -> (735, 186)
[2026-09-28 02:02:08.060] [INF] [default] [TitleBar.cpp:164 in Update] -> (734, 186)
[2026-09-28 02:02:08.074] [INF] [default] [TitleBar.cpp:164 in Update] -> (733, 186)
[2026-09-28 02:02:08.109] [INF] [default] [TitleBar.cpp:164 in Update] -> (732, 186)
[2026-09-28 02:02:08.115] [INF] [default] [TitleBar.cpp:164 in Update] -> (731, 186)
[2026-09-28 02:02:08.123] [INF] [default] [TitleBar.cpp:164 in Update] -> (730, 186)
[2026-09-28 02:02:08.136] [INF] [default] [TitleBar.cpp:164 in Update] -> (729, 186)
[2026-09-28 02:02:08.143] [INF] [default] [TitleBar.cpp:164 in Update] -> (728, 186)
[2026-09-28 02:02:08.164] [INF] [default] [TitleBar.cpp:164 in Update] -> (727, 186)
[2026-09-28 02:02:08.170] [INF] [default] [TitleBar.cpp:164 in Update] -> (725, 186)
[2026-09-28 02:02:08.185] [INF] [default] [TitleBar.cpp:164 in Update] -> (724, 186)
[2026-09-28 02:02:08.192] [INF] [default] [TitleBar.cpp:164 in Update] -> (723, 186)
[2026-09-28 02:02:08.206] [INF] [default] [TitleBar.cpp:164 in Update] -> (721, 186)
[2026-09-28 02:02:08.213] [INF] [default] [TitleBar.cpp:164 in Update] -> (720, 186)
[2026-09-28 02:02:08.220] [INF] [default] [TitleBar.cpp:164 in Update] -> (719, 186)
[2026-09-28 02:02:08.227] [INF] [default] [TitleBar.cpp:164 in Update] -> (718, 186)
[2026-09-28 02:02:08.233] [INF] [default] [TitleBar.cpp:164 in Update] -> (717, 186)
[2026-09-28 02:02:08.241] [INF] [default] [TitleBar.cpp:164 in Update] -> (716, 186)
[2026-09-28 02:02:08.247] [INF] [default] [TitleBar.cpp:164 in Update] -> (715, 186)
[2026-09-28 02:02:08.254] [INF] [default] [TitleBar.cpp:164 in Update] -> (713, 186)
[2026-09-28 02:02:08.269] [INF] [default] [TitleBar.cpp:164 in Update] -> (713, 185)
[2026-09-28 02:02:08.275] [INF] [default] [TitleBar.cpp:164 in Update] -> (712, 185)
[2026-09-28 02:02:08.290] [INF] [default] [TitleBar.cpp:164 in Update] -> (711, 185)
[2026-09-28 02:02:08.303] [INF] [default] [TitleBar.cpp:164 in Update] -> (710, 185)
[2026-09-28 02:02:08.318] [INF] [default] [TitleBar.cpp:164 in Update] -> (709, 185)
[2026-09-28 02:02:08.366] [INF] [default] [TitleBar.cpp:164 in Update] -> (708, 185)
[2026-09-28 02:02:08.972] [INF] [default] [TitleBar.cpp:164 in Update] -> (708, 184)
[2026-09-28 02:02:08.980] [INF] [default] [TitleBar.cpp:164 in Update] -> (705, 184)
[2026-09-28 02:02:08.987] [INF] [default] [TitleBar.cpp:164 in Update] -> (702, 184)
[2026-09-28 02:02:08.994] [INF] [default] [TitleBar.cpp:164 in Update] -> (698, 184)
[2026-09-28 02:02:09.001] [INF] [default] [TitleBar.cpp:164 in Update] -> (694, 184)
[2026-09-28 02:02:09.007] [INF] [default] [TitleBar.cpp:164 in Update] -> (690, 184)
[2026-09-28 02:02:09.014] [INF] [default] [TitleBar.cpp:164 in Update] -> (687, 184)
[2026-09-28 02:02:09.021] [INF] [default] [TitleBar.cpp:164 in Update] -> (683, 184)
[2026-09-28 02:02:09.028] [INF] [default] [TitleBar.cpp:164 in Update] -> (680, 183)
[2026-09-28 02:02:09.035] [INF] [default] [TitleBar.cpp:164 in Update] -> (676, 183)
[2026-09-28 02:02:09.042] [INF] [default] [TitleBar.cpp:164 in Update] -> (674, 183)
[2026-09-28 02:02:09.049] [INF] [default] [TitleBar.cpp:164 in Update] -> (670, 182)
[2026-09-28 02:02:09.056] [INF] [default] [TitleBar.cpp:164 in Update] -> (667, 182)
[2026-09-28 02:02:09.063] [INF] [default] [TitleBar.cpp:164 in Update] -> (665, 182)
[2026-09-28 02:02:09.070] [INF] [default] [TitleBar.cpp:164 in Update] -> (661, 182)
[2026-09-28 02:02:09.077] [INF] [default] [TitleBar.cpp:164 in Update] -> (658, 182)
[2026-09-28 02:02:09.084] [INF] [default] [TitleBar.cpp:164 in Update] -> (654, 182)
[2026-09-28 02:02:09.091] [INF] [default] [TitleBar.cpp:164 in Update] -> (649, 182)
[2026-09-28 02:02:09.098] [INF] [default] [TitleBar.cpp:164 in Update] -> (646, 182)
[2026-09-28 02:02:09.104] [INF] [default] [TitleBar.cpp:164 in Update] -> (642, 182)
[2026-09-28 02:02:09.113] [INF] [default] [TitleBar.cpp:164 in Update] -> (639, 182)
[2026-09-28 02:02:09.118] [INF] [default] [TitleBar.cpp:164 in Update] -> (635, 182)
[2026-09-28 02:02:09.125] [INF] [default] [TitleBar.cpp:164 in Update] -> (633, 182)
[2026-09-28 02:02:09.133] [INF] [default] [TitleBar.cpp:164 in Update] -> (630, 182)
[2026-09-28 02:02:09.139] [INF] [default] [TitleBar.cpp:164 in Update] -> (627, 182)
[2026-09-28 02:02:09.147] [INF] [default] [TitleBar.cpp:164 in Update] -> (625, 182)
[2026-09-28 02:02:09.154] [INF] [default] [TitleBar.cpp:164 in Update] -> (622, 182)
[2026-09-28 02:02:09.160] [INF] [default] [TitleBar.cpp:164 in Update] -> (621, 182)
[2026-09-28 02:02:09.168] [INF] [default] [TitleBar.cpp:164 in Update] -> (619, 182)
[2026-09-28 02:02:09.174] [INF] [default] [TitleBar.cpp:164 in Update] -> (616, 182)
[2026-09-28 02:02:09.181] [INF] [default] [TitleBar.cpp:164 in Update] -> (614, 182)
[2026-09-28 02:02:09.189] [INF] [default] [TitleBar.cpp:164 in Update] -> (612, 182)
[2026-09-28 02:02:09.195] [INF] [default] [TitleBar.cpp:164 in Update] -> (610, 182)
[2026-09-28 02:02:09.202] [INF] [default] [TitleBar.cpp:164 in Update] -> (609, 182)
[2026-09-28 02:02:09.210] [INF] [default] [TitleBar.cpp:164 in Update] -> (606, 182)
[2026-09-28 02:02:09.216] [INF] [default] [TitleBar.cpp:164 in Update] -> (605, 182)
[2026-09-28 02:02:09.223] [INF] [default] [TitleBar.cpp:164 in Update] -> (604, 182)
[2026-09-28 02:02:09.231] [INF] [default] [TitleBar.cpp:164 in Update] -> (602, 182)
[2026-09-28 02:02:09.237] [INF] [default] [TitleBar.cpp:164 in Update] -> (601, 182)
[2026-09-28 02:02:09.243] [INF] [default] [TitleBar.cpp:164 in Update] -> (600, 182)
[2026-09-28 02:02:09.258] [INF] [default] [TitleBar.cpp:164 in Update] -> (598, 182)
[2026-09-28 02:02:09.265] [INF] [default] [TitleBar.cpp:164 in Update] -> (597, 182)
[2026-09-28 02:02:09.272] [INF] [default] [TitleBar.cpp:164 in Update] -> (596, 182)
[2026-09-28 02:02:09.279] [INF] [default] [TitleBar.cpp:164 in Update] -> (594, 182)
[2026-09-28 02:02:09.293] [INF] [default] [TitleBar.cpp:164 in Update] -> (592, 182)
[2026-09-28 02:02:09.300] [INF] [default] [TitleBar.cpp:164 in Update] -> (590, 182)
[2026-09-28 02:02:09.314] [INF] [default] [TitleBar.cpp:164 in Update] -> (587, 182)
[2026-09-28 02:02:09.320] [INF] [default] [TitleBar.cpp:164 in Update] -> (584, 182)
[2026-09-28 02:02:09.328] [INF] [default] [TitleBar.cpp:164 in Update] -> (582, 182)
[2026-09-28 02:02:09.334] [INF] [default] [TitleBar.cpp:164 in Update] -> (580, 182)
[2026-09-28 02:02:09.341] [INF] [default] [TitleBar.cpp:164 in Update] -> (577, 182)
[2026-09-28 02:02:09.349] [INF] [default] [TitleBar.cpp:164 in Update] -> (575, 182)
[2026-09-28 02:02:09.355] [INF] [default] [TitleBar.cpp:164 in Update] -> (571, 182)
[2026-09-28 02:02:09.362] [INF] [default] [TitleBar.cpp:164 in Update] -> (568, 182)
[2026-09-28 02:02:09.369] [INF] [default] [TitleBar.cpp:164 in Update] -> (565, 183)
[2026-09-28 02:02:09.376] [INF] [default] [TitleBar.cpp:164 in Update] -> (563, 183)
[2026-09-28 02:02:09.383] [INF] [default] [TitleBar.cpp:164 in Update] -> (560, 183)
[2026-09-28 02:02:09.390] [INF] [default] [TitleBar.cpp:164 in Update] -> (557, 183)
[2026-09-28 02:02:09.398] [INF] [default] [TitleBar.cpp:164 in Update] -> (555, 183)
[2026-09-28 02:02:09.404] [INF] [default] [TitleBar.cpp:164 in Update] -> (552, 183)
[2026-09-28 02:02:09.412] [INF] [default] [TitleBar.cpp:164 in Update] -> (551, 183)
[2026-09-28 02:02:09.418] [INF] [default] [TitleBar.cpp:164 in Update] -> (548, 183)
[2026-09-28 02:02:09.425] [INF] [default] [TitleBar.cpp:164 in Update] -> (546, 183)
[2026-09-28 02:02:09.432] [INF] [default] [TitleBar.cpp:164 in Update] -> (545, 183)
[2026-09-28 02:02:09.439] [INF] [default] [TitleBar.cpp:164 in Update] -> (544, 183)
[2026-09-28 02:02:09.446] [INF] [default] [TitleBar.cpp:164 in Update] -> (543, 183)
[2026-09-28 02:02:09.460] [INF] [default] [TitleBar.cpp:164 in Update] -> (542, 183)
[2026-09-28 02:02:09.467] [INF] [default] [TitleBar.cpp:164 in Update] -> (541, 183)
[2026-09-28 02:02:09.481] [INF] [default] [TitleBar.cpp:164 in Update] -> (540, 183)
[2026-09-28 02:02:09.495] [INF] [default] [TitleBar.cpp:164 in Update] -> (539, 183)
[2026-09-28 02:02:09.509] [INF] [default] [TitleBar.cpp:164 in Update] -> (538, 183)
[2026-09-28 02:02:09.620] [INF] [default] [TitleBar.cpp:164 in Update] -> (537, 183)
[2026-09-28 02:02:10.325] [INF] [default] [TitleBar.cpp:145 in Update] -> [follow mouse ok] : (226, 226)
[2026-09-28 02:02:10.590] [INF] [default] [TitleBar.cpp:164 in Update] -> (538, 183)
[2026-09-28 02:02:10.597] [INF] [default] [TitleBar.cpp:164 in Update] -> (537, 183)
[2026-09-28 02:02:10.603] [INF] [default] [TitleBar.cpp:164 in Update] -> (534, 183)
[2026-09-28 02:02:10.612] [INF] [default] [TitleBar.cpp:164 in Update] -> (532, 183)
[2026-09-28 02:02:10.618] [INF] [default] [TitleBar.cpp:164 in Update] -> (530, 183)
[2026-09-28 02:02:10.626] [INF] [default] [TitleBar.cpp:164 in Update] -> (528, 183)
[2026-09-28 02:02:10.633] [INF] [default] [TitleBar.cpp:164 in Update] -> (525, 183)
[2026-09-28 02:02:10.639] [INF] [default] [TitleBar.cpp:164 in Update] -> (522, 183)
[2026-09-28 02:02:10.647] [INF] [default] [TitleBar.cpp:164 in Update] -> (520, 183)
[2026-09-28 02:02:10.654] [INF] [default] [TitleBar.cpp:164 in Update] -> (517, 183)
[2026-09-28 02:02:10.660] [INF] [default] [TitleBar.cpp:164 in Update] -> (516, 183)
[2026-09-28 02:02:10.667] [INF] [default] [TitleBar.cpp:164 in Update] -> (513, 183)
[2026-09-28 02:02:10.674] [INF] [default] [TitleBar.cpp:164 in Update] -> (512, 183)
[2026-09-28 02:02:10.681] [INF] [default] [TitleBar.cpp:164 in Update] -> (509, 183)
[2026-09-28 02:02:10.688] [INF] [default] [TitleBar.cpp:164 in Update] -> (507, 183)
[2026-09-28 02:02:10.695] [INF] [default] [TitleBar.cpp:164 in Update] -> (506, 183)
[2026-09-28 02:02:10.702] [INF] [default] [TitleBar.cpp:164 in Update] -> (504, 183)
[2026-09-28 02:02:10.709] [INF] [default] [TitleBar.cpp:164 in Update] -> (503, 183)
[2026-09-28 02:02:10.716] [INF] [default] [TitleBar.cpp:164 in Update] -> (502, 183)
[2026-09-28 02:02:10.723] [INF] [default] [TitleBar.cpp:164 in Update] -> (500, 183)
[2026-09-28 02:02:10.730] [INF] [default] [TitleBar.cpp:164 in Update] -> (499, 183)
[2026-09-28 02:02:10.737] [INF] [default] [TitleBar.cpp:164 in Update] -> (498, 183)
[2026-09-28 02:02:10.751] [INF] [default] [TitleBar.cpp:164 in Update] -> (496, 183)
[2026-09-28 02:02:10.758] [INF] [default] [TitleBar.cpp:164 in Update] -> (495, 183)
[2026-09-28 02:02:10.764] [INF] [default] [TitleBar.cpp:164 in Update] -> (494, 183)
[2026-09-28 02:02:10.771] [INF] [default] [TitleBar.cpp:164 in Update] -> (493, 183)
[2026-09-28 02:02:10.778] [INF] [default] [TitleBar.cpp:164 in Update] -> (492, 183)
[2026-09-28 02:02:10.785] [INF] [default] [TitleBar.cpp:164 in Update] -> (491, 183)
[2026-09-28 02:02:10.792] [INF] [default] [TitleBar.cpp:164 in Update] -> (490, 183)
[2026-09-28 02:02:10.800] [INF] [default] [TitleBar.cpp:164 in Update] -> (489, 183)
[2026-09-28 02:02:10.807] [INF] [default] [TitleBar.cpp:164 in Update] -> (488, 183)
[2026-09-28 02:02:10.813] [INF] [default] [TitleBar.cpp:164 in Update] -> (487, 183)
[2026-09-28 02:02:10.827] [INF] [default] [TitleBar.cpp:164 in Update] -> (486, 183)
[2026-09-28 02:02:10.834] [INF] [default] [TitleBar.cpp:164 in Update] -> (484, 183)
[2026-09-28 02:02:10.848] [INF] [default] [TitleBar.cpp:164 in Update] -> (483, 183)
[2026-09-28 02:02:10.855] [INF] [default] [TitleBar.cpp:164 in Update] -> (481, 183)
[2026-09-28 02:02:10.862] [INF] [default] [TitleBar.cpp:164 in Update] -> (481, 184)
[2026-09-28 02:02:10.876] [INF] [default] [TitleBar.cpp:164 in Update] -> (480, 184)
[2026-09-28 02:02:10.883] [INF] [default] [TitleBar.cpp:164 in Update] -> (479, 184)
[2026-09-28 02:02:10.904] [INF] [default] [TitleBar.cpp:164 in Update] -> (478, 184)
[2026-09-28 02:02:10.917] [INF] [default] [TitleBar.cpp:164 in Update] -> (477, 184)
[2026-09-28 02:02:10.939] [INF] [default] [TitleBar.cpp:164 in Update] -> (476, 184)
[2026-09-28 02:02:10.994] [INF] [default] [TitleBar.cpp:164 in Update] -> (475, 184)
[2026-09-28 02:02:11.009] [INF] [default] [TitleBar.cpp:164 in Update] -> (474, 184)
[2026-09-28 02:02:11.023] [INF] [default] [TitleBar.cpp:164 in Update] -> (473, 184)
[2026-09-28 02:02:11.029] [INF] [default] [TitleBar.cpp:164 in Update] -> (472, 184)
[2026-09-28 02:02:11.043] [INF] [default] [TitleBar.cpp:164 in Update] -> (471, 185)
[2026-09-28 02:02:11.050] [INF] [default] [TitleBar.cpp:164 in Update] -> (470, 185)
[2026-09-28 02:02:11.057] [INF] [default] [TitleBar.cpp:164 in Update] -> (470, 186)
[2026-09-28 02:02:11.064] [INF] [default] [TitleBar.cpp:164 in Update] -> (469, 186)
[2026-09-28 02:02:11.078] [INF] [default] [TitleBar.cpp:164 in Update] -> (468, 186)
[2026-09-28 02:02:11.085] [INF] [default] [TitleBar.cpp:164 in Update] -> (467, 186)
[2026-09-28 02:02:11.093] [INF] [default] [TitleBar.cpp:164 in Update] -> (466, 186)
[2026-09-28 02:02:11.113] [INF] [default] [TitleBar.cpp:164 in Update] -> (465, 186)
[2026-09-28 02:02:11.134] [INF] [default] [TitleBar.cpp:164 in Update] -> (464, 186)
[2026-09-28 02:02:11.169] [INF] [default] [TitleBar.cpp:164 in Update] -> (463, 186)
[2026-09-28 02:02:11.182] [INF] [default] [TitleBar.cpp:164 in Update] -> (462, 187)
[2026-09-28 02:02:11.196] [INF] [default] [TitleBar.cpp:164 in Update] -> (461, 187)
[2026-09-28 02:02:11.217] [INF] [default] [TitleBar.cpp:164 in Update] -> (460, 188)
[2026-09-28 02:02:11.225] [INF] [default] [TitleBar.cpp:164 in Update] -> (459, 189)
[2026-09-28 02:02:11.238] [INF] [default] [TitleBar.cpp:164 in Update] -> (458, 189)
[2026-09-28 02:02:11.253] [INF] [default] [TitleBar.cpp:164 in Update] -> (457, 189)
[2026-09-28 02:02:11.287] [INF] [default] [TitleBar.cpp:164 in Update] -> (456, 189)
[2026-09-28 02:02:11.301] [INF] [default] [TitleBar.cpp:164 in Update] -> (455, 189)
[2026-09-28 02:02:11.315] [INF] [default] [TitleBar.cpp:164 in Update] -> (454, 189)
[2026-09-28 02:02:11.330] [INF] [default] [TitleBar.cpp:164 in Update] -> (453, 189)
[2026-09-28 02:02:11.350] [INF] [default] [TitleBar.cpp:164 in Update] -> (453, 190)
[2026-09-28 02:02:11.358] [INF] [default] [TitleBar.cpp:164 in Update] -> (452, 190)
[2026-09-28 02:02:11.364] [INF] [default] [TitleBar.cpp:164 in Update] -> (452, 191)
[2026-09-28 02:02:11.378] [INF] [default] [TitleBar.cpp:164 in Update] -> (451, 191)
[2026-09-28 02:02:11.384] [INF] [default] [TitleBar.cpp:164 in Update] -> (450, 191)
[2026-09-28 02:02:11.392] [INF] [default] [TitleBar.cpp:164 in Update] -> (449, 191)
[2026-09-28 02:02:11.413] [INF] [default] [TitleBar.cpp:164 in Update] -> (448, 191)
[2026-09-28 02:02:11.419] [INF] [default] [TitleBar.cpp:164 in Update] -> (447, 192)
[2026-09-28 02:02:11.428] [INF] [default] [TitleBar.cpp:164 in Update] -> (446, 192)
[2026-09-28 02:02:11.434] [INF] [default] [TitleBar.cpp:164 in Update] -> (446, 193)
[2026-09-28 02:02:11.440] [INF] [default] [TitleBar.cpp:164 in Update] -> (445, 193)
[2026-09-28 02:02:11.448] [INF] [default] [TitleBar.cpp:164 in Update] -> (444, 193)
[2026-09-28 02:02:11.455] [INF] [default] [TitleBar.cpp:164 in Update] -> (443, 193)
[2026-09-28 02:02:11.468] [INF] [default] [TitleBar.cpp:164 in Update] -> (443, 194)
[2026-09-28 02:02:11.475] [INF] [default] [TitleBar.cpp:164 in Update] -> (442, 194)
[2026-09-28 02:02:11.489] [INF] [default] [TitleBar.cpp:164 in Update] -> (441, 194)
[2026-09-28 02:02:11.496] [INF] [default] [TitleBar.cpp:164 in Update] -> (440, 194)
[2026-09-28 02:02:11.503] [INF] [default] [TitleBar.cpp:164 in Update] -> (439, 194)
[2026-09-28 02:02:11.525] [INF] [default] [TitleBar.cpp:164 in Update] -> (438, 194)
[2026-09-28 02:02:11.531] [INF] [default] [TitleBar.cpp:164 in Update] -> (437, 195)
[2026-09-28 02:02:11.545] [INF] [default] [TitleBar.cpp:164 in Update] -> (436, 195)
[2026-09-28 02:02:11.551] [INF] [default] [TitleBar.cpp:164 in Update] -> (436, 196)
[2026-09-28 02:02:11.565] [INF] [default] [TitleBar.cpp:164 in Update] -> (435, 196)
[2026-09-28 02:02:11.587] [INF] [default] [TitleBar.cpp:164 in Update] -> (434, 196)
[2026-09-28 02:02:11.705] [INF] [default] [TitleBar.cpp:164 in Update] -> (433, 196)
[2026-09-28 02:02:11.719] [INF] [default] [TitleBar.cpp:164 in Update] -> (432, 196)
[2026-09-28 02:02:11.734] [INF] [default] [TitleBar.cpp:164 in Update] -> (431, 196)
[2026-09-28 02:02:11.754] [INF] [default] [TitleBar.cpp:164 in Update] -> (431, 197)
[2026-09-28 02:02:11.761] [INF] [default] [TitleBar.cpp:164 in Update] -> (430, 197)
[2026-09-28 02:02:11.768] [INF] [default] [TitleBar.cpp:164 in Update] -> (429, 198)
[2026-09-28 02:02:11.775] [INF] [default] [TitleBar.cpp:164 in Update] -> (428, 198)
[2026-09-28 02:02:11.789] [INF] [default] [TitleBar.cpp:164 in Update] -> (428, 199)
[2026-09-28 02:02:11.802] [INF] [default] [TitleBar.cpp:164 in Update] -> (427, 199)
[2026-09-28 02:02:11.831] [INF] [default] [TitleBar.cpp:164 in Update] -> (426, 199)
[2026-09-28 02:02:11.845] [INF] [default] [TitleBar.cpp:164 in Update] -> (425, 199)
[2026-09-28 02:02:11.935] [INF] [default] [TitleBar.cpp:164 in Update] -> (424, 199)
[2026-09-28 02:02:11.942] [INF] [default] [TitleBar.cpp:164 in Update] -> (423, 199)
[2026-09-28 02:02:11.950] [INF] [default] [TitleBar.cpp:164 in Update] -> (422, 199)
[2026-09-28 02:02:11.956] [INF] [default] [TitleBar.cpp:164 in Update] -> (422, 200)
[2026-09-28 02:02:11.970] [INF] [default] [TitleBar.cpp:164 in Update] -> (421, 200)
[2026-09-28 02:02:11.977] [INF] [default] [TitleBar.cpp:164 in Update] -> (420, 200)
[2026-09-28 02:02:11.991] [INF] [default] [TitleBar.cpp:164 in Update] -> (419, 200)
[2026-09-28 02:02:11.997] [INF] [default] [TitleBar.cpp:164 in Update] -> (418, 200)
[2026-09-28 02:02:12.005] [INF] [default] [TitleBar.cpp:164 in Update] -> (417, 200)
[2026-09-28 02:02:12.012] [INF] [default] [TitleBar.cpp:164 in Update] -> (416, 200)
[2026-09-28 02:02:12.018] [INF] [default] [TitleBar.cpp:164 in Update] -> (416, 201)
[2026-09-28 02:02:12.026] [INF] [default] [TitleBar.cpp:164 in Update] -> (414, 201)
[2026-09-28 02:02:12.040] [INF] [default] [TitleBar.cpp:164 in Update] -> (413, 201)
[2026-09-28 02:02:12.053] [INF] [default] [TitleBar.cpp:164 in Update] -> (411, 201)
[2026-09-28 02:02:12.061] [INF] [default] [TitleBar.cpp:164 in Update] -> (410, 201)
[2026-09-28 02:02:12.067] [INF] [default] [TitleBar.cpp:164 in Update] -> (409, 201)
[2026-09-28 02:02:12.075] [INF] [default] [TitleBar.cpp:164 in Update] -> (408, 201)
[2026-09-28 02:02:12.082] [INF] [default] [TitleBar.cpp:164 in Update] -> (407, 201)
[2026-09-28 02:02:12.089] [INF] [default] [TitleBar.cpp:164 in Update] -> (406, 201)
[2026-09-28 02:02:12.095] [INF] [default] [TitleBar.cpp:164 in Update] -> (405, 201)
[2026-09-28 02:02:12.102] [INF] [default] [TitleBar.cpp:164 in Update] -> (404, 201)
[2026-09-28 02:02:12.116] [INF] [default] [TitleBar.cpp:164 in Update] -> (403, 201)
[2026-09-28 02:02:12.124] [INF] [default] [TitleBar.cpp:164 in Update] -> (401, 201)
[2026-09-28 02:02:12.137] [INF] [default] [TitleBar.cpp:164 in Update] -> (400, 201)
[2026-09-28 02:02:12.151] [INF] [default] [TitleBar.cpp:164 in Update] -> (398, 201)
[2026-09-28 02:02:12.172] [INF] [default] [TitleBar.cpp:164 in Update] -> (396, 201)
[2026-09-28 02:02:12.186] [INF] [default] [TitleBar.cpp:164 in Update] -> (394, 201)
[2026-09-28 02:02:12.193] [INF] [default] [TitleBar.cpp:164 in Update] -> (393, 201)
[2026-09-28 02:02:12.214] [INF] [default] [TitleBar.cpp:164 in Update] -> (391, 201)
[2026-09-28 02:02:12.221] [INF] [default] [TitleBar.cpp:164 in Update] -> (390, 201)
[2026-09-28 02:02:12.234] [INF] [default] [TitleBar.cpp:164 in Update] -> (388, 201)
[2026-09-28 02:02:12.242] [INF] [default] [TitleBar.cpp:164 in Update] -> (387, 201)
[2026-09-28 02:02:12.249] [INF] [default] [TitleBar.cpp:164 in Update] -> (386, 201)
[2026-09-28 02:02:12.262] [INF] [default] [TitleBar.cpp:164 in Update] -> (385, 201)
[2026-09-28 02:02:12.269] [INF] [default] [TitleBar.cpp:164 in Update] -> (384, 201)
[2026-09-28 02:02:12.283] [INF] [default] [TitleBar.cpp:164 in Update] -> (383, 201)
[2026-09-28 02:02:12.291] [INF] [default] [TitleBar.cpp:164 in Update] -> (382, 201)
[2026-09-28 02:02:12.298] [INF] [default] [TitleBar.cpp:164 in Update] -> (381, 201)
[2026-09-28 02:02:12.312] [INF] [default] [TitleBar.cpp:164 in Update] -> (380, 201)
[2026-09-28 02:02:12.326] [INF] [default] [TitleBar.cpp:164 in Update] -> (379, 201)
[2026-09-28 02:02:12.340] [INF] [default] [TitleBar.cpp:164 in Update] -> (378, 201)
[2026-09-28 02:02:12.346] [INF] [default] [TitleBar.cpp:164 in Update] -> (377, 201)
[2026-09-28 02:02:12.353] [INF] [default] [TitleBar.cpp:164 in Update] -> (376, 201)
[2026-09-28 02:02:12.367] [INF] [default] [TitleBar.cpp:164 in Update] -> (375, 201)
[2026-09-28 02:02:12.382] [INF] [default] [TitleBar.cpp:164 in Update] -> (374, 200)
[2026-09-28 02:02:12.395] [INF] [default] [TitleBar.cpp:164 in Update] -> (373, 200)
[2026-09-28 02:02:12.402] [INF] [default] [TitleBar.cpp:164 in Update] -> (372, 200)
[2026-09-28 02:02:12.409] [INF] [default] [TitleBar.cpp:164 in Update] -> (371, 200)
[2026-09-28 02:02:12.431] [INF] [default] [TitleBar.cpp:164 in Update] -> (370, 200)
[2026-09-28 02:02:12.437] [INF] [default] [TitleBar.cpp:164 in Update] -> (369, 200)
[2026-09-28 02:02:12.458] [INF] [default] [TitleBar.cpp:164 in Update] -> (368, 200)
[2026-09-28 02:02:12.465] [INF] [default] [TitleBar.cpp:164 in Update] -> (367, 199)
[2026-09-28 02:02:12.472] [INF] [default] [TitleBar.cpp:164 in Update] -> (366, 199)
[2026-09-28 02:02:12.486] [INF] [default] [TitleBar.cpp:164 in Update] -> (365, 199)
[2026-09-28 02:02:12.493] [INF] [default] [TitleBar.cpp:164 in Update] -> (364, 198)
[2026-09-28 02:02:12.507] [INF] [default] [TitleBar.cpp:164 in Update] -> (363, 198)
[2026-09-28 02:02:12.521] [INF] [default] [TitleBar.cpp:164 in Update] -> (362, 197)
[2026-09-28 02:02:12.528] [INF] [default] [TitleBar.cpp:164 in Update] -> (361, 197)
[2026-09-28 02:02:12.542] [INF] [default] [TitleBar.cpp:164 in Update] -> (360, 197)
[2026-09-28 02:02:12.548] [INF] [default] [TitleBar.cpp:164 in Update] -> (359, 197)
[2026-09-28 02:02:12.569] [INF] [default] [TitleBar.cpp:164 in Update] -> (358, 197)
[2026-09-28 02:02:12.576] [INF] [default] [TitleBar.cpp:164 in Update] -> (357, 196)
[2026-09-28 02:02:12.590] [INF] [default] [TitleBar.cpp:164 in Update] -> (356, 196)
[2026-09-28 02:02:12.604] [INF] [default] [TitleBar.cpp:164 in Update] -> (355, 196)
[2026-09-28 02:02:12.618] [INF] [default] [TitleBar.cpp:164 in Update] -> (354, 195)
[2026-09-28 02:02:12.701] [INF] [default] [TitleBar.cpp:164 in Update] -> (353, 195)
[2026-09-28 02:02:12.736] [INF] [default] [TitleBar.cpp:164 in Update] -> (352, 195)
[2026-09-28 02:02:12.757] [INF] [default] [TitleBar.cpp:164 in Update] -> (351, 195)
[2026-09-28 02:02:12.771] [INF] [default] [TitleBar.cpp:164 in Update] -> (351, 194)
[2026-09-28 02:02:12.778] [INF] [default] [TitleBar.cpp:164 in Update] -> (350, 193)
[2026-09-28 02:02:12.785] [INF] [default] [TitleBar.cpp:164 in Update] -> (349, 193)
[2026-09-28 02:02:12.799] [INF] [default] [TitleBar.cpp:164 in Update] -> (348, 192)
[2026-09-28 02:02:12.806] [INF] [default] [TitleBar.cpp:164 in Update] -> (347, 192)
[2026-09-28 02:02:12.820] [INF] [default] [TitleBar.cpp:164 in Update] -> (346, 192)
[2026-09-28 02:02:12.827] [INF] [default] [TitleBar.cpp:164 in Update] -> (346, 191)
[2026-09-28 02:02:12.834] [INF] [default] [TitleBar.cpp:164 in Update] -> (345, 191)
[2026-09-28 02:02:12.842] [INF] [default] [TitleBar.cpp:164 in Update] -> (345, 190)
[2026-09-28 02:02:12.854] [INF] [default] [TitleBar.cpp:164 in Update] -> (344, 190)
[2026-09-28 02:02:12.868] [INF] [default] [TitleBar.cpp:164 in Update] -> (343, 190)
[2026-09-28 02:02:12.883] [INF] [default] [TitleBar.cpp:164 in Update] -> (343, 189)
[2026-09-28 02:02:12.890] [INF] [default] [TitleBar.cpp:164 in Update] -> (343, 188)
[2026-09-28 02:02:12.904] [INF] [default] [TitleBar.cpp:164 in Update] -> (342, 188)
[2026-09-28 02:02:12.939] [INF] [default] [TitleBar.cpp:164 in Update] -> (341, 187)
[2026-09-28 02:02:12.973] [INF] [default] [TitleBar.cpp:164 in Update] -> (340, 187)
[2026-09-28 02:02:12.994] [INF] [default] [TitleBar.cpp:164 in Update] -> (339, 187)
[2026-09-28 02:02:13.008] [INF] [default] [TitleBar.cpp:164 in Update] -> (338, 186)
[2026-09-28 02:02:13.023] [INF] [default] [TitleBar.cpp:164 in Update] -> (338, 185)
[2026-09-28 02:02:13.036] [INF] [default] [TitleBar.cpp:164 in Update] -> (337, 185)
[2026-09-28 02:02:13.050] [INF] [default] [TitleBar.cpp:164 in Update] -> (336, 185)
[2026-09-28 02:02:13.071] [INF] [default] [TitleBar.cpp:164 in Update] -> (336, 184)
[2026-09-28 02:02:13.691] [INF] [default] [TitleBar.cpp:164 in Update] -> (335, 184)
[2026-09-28 02:02:13.705] [INF] [default] [TitleBar.cpp:164 in Update] -> (334, 183)
[2026-09-28 02:02:13.713] [INF] [default] [TitleBar.cpp:164 in Update] -> (333, 183)
[2026-09-28 02:02:13.741] [INF] [default] [TitleBar.cpp:164 in Update] -> (333, 182)
[2026-09-28 02:02:13.774] [INF] [default] [TitleBar.cpp:164 in Update] -> (332, 182)
[2026-09-28 02:02:13.796] [INF] [default] [TitleBar.cpp:164 in Update] -> (331, 181)
[2026-09-28 02:02:13.809] [INF] [default] [TitleBar.cpp:164 in Update] -> (331, 180)
[2026-09-28 02:02:13.823] [INF] [default] [TitleBar.cpp:164 in Update] -> (330, 180)
[2026-09-28 02:02:13.844] [INF] [default] [TitleBar.cpp:164 in Update] -> (330, 179)
[2026-09-28 02:02:13.914] [INF] [default] [TitleBar.cpp:164 in Update] -> (329, 178)
[2026-09-28 02:02:14.019] [INF] [default] [TitleBar.cpp:164 in Update] -> (329, 177)
[2026-09-28 02:02:14.144] [INF] [default] [TitleBar.cpp:164 in Update] -> (329, 176)
[2026-09-28 02:02:14.263] [INF] [default] [TitleBar.cpp:164 in Update] -> (329, 175)
[2026-09-28 02:02:14.424] [INF] [default] [TitleBar.cpp:164 in Update] -> (329, 174)
[2026-09-28 02:02:14.459] [INF] [default] [TitleBar.cpp:164 in Update] -> (328, 174)
[2026-09-28 02:02:14.472] [INF] [default] [TitleBar.cpp:164 in Update] -> (327, 174)
[2026-09-28 02:02:14.493] [INF] [default] [TitleBar.cpp:164 in Update] -> (326, 174)
[2026-09-28 02:02:14.508] [INF] [default] [TitleBar.cpp:164 in Update] -> (326, 173)
[2026-09-28 02:02:14.522] [INF] [default] [TitleBar.cpp:164 in Update] -> (325, 173)
[2026-09-28 02:02:14.787] [INF] [default] [TitleBar.cpp:164 in Update] -> (324, 173)
[2026-09-28 02:02:14.808] [INF] [default] [TitleBar.cpp:164 in Update] -> (323, 173)
[2026-09-28 02:02:14.822] [INF] [default] [TitleBar.cpp:164 in Update] -> (322, 173)
[2026-09-28 02:02:14.857] [INF] [default] [TitleBar.cpp:164 in Update] -> (321, 173)
[2026-09-28 02:02:14.871] [INF] [default] [TitleBar.cpp:164 in Update] -> (320, 173)
[2026-09-28 02:02:14.907] [INF] [default] [TitleBar.cpp:164 in Update] -> (319, 173)
[2026-09-28 02:02:14.942] [INF] [default] [TitleBar.cpp:164 in Update] -> (318, 173)
[2026-09-28 02:02:15.004] [INF] [default] [TitleBar.cpp:164 in Update] -> (317, 173)
[2026-09-28 02:02:15.020] [INF] [default] [TitleBar.cpp:164 in Update] -> (316, 173)
[2026-09-28 02:02:15.067] [INF] [default] [TitleBar.cpp:164 in Update] -> (316, 172)
[2026-09-28 02:02:15.102] [INF] [default] [TitleBar.cpp:164 in Update] -> (316, 171)
[2026-09-28 02:02:15.172] [INF] [default] [TitleBar.cpp:164 in Update] -> (316, 170)
[2026-09-28 02:02:15.221] [INF] [default] [TitleBar.cpp:164 in Update] -> (316, 169)
[2026-09-28 02:02:15.277] [INF] [default] [TitleBar.cpp:164 in Update] -> (316, 168)
[2026-09-28 02:02:15.297] [INF] [default] [TitleBar.cpp:164 in Update] -> (316, 167)
[2026-09-28 02:02:15.325] [INF] [default] [TitleBar.cpp:164 in Update] -> (316, 166)
[2026-09-28 02:02:15.415] [INF] [default] [TitleBar.cpp:164 in Update] -> (316, 165)
[2026-09-28 02:02:15.470] [INF] [default] [TitleBar.cpp:164 in Update] -> (316, 164)
[2026-09-28 02:02:15.602] [INF] [default] [TitleBar.cpp:164 in Update] -> (316, 163)
[2026-09-28 02:02:15.678] [INF] [default] [TitleBar.cpp:164 in Update] -> (316, 162)
[2026-09-28 02:02:15.685] [INF] [default] [TitleBar.cpp:164 in Update] -> (316, 161)
[2026-09-28 02:02:15.753] [INF] [default] [TitleBar.cpp:164 in Update] -> (315, 161)
[2026-09-28 02:02:15.886] [INF] [default] [TitleBar.cpp:164 in Update] -> (314, 161)
[2026-09-28 02:02:15.977] [INF] [default] [TitleBar.cpp:164 in Update] -> (313, 161)
[2026-09-28 02:02:16.604] [INF] [default] [TitleBar.cpp:164 in Update] -> (312, 161)
[2026-09-28 02:02:16.617] [INF] [default] [TitleBar.cpp:164 in Update] -> (312, 160)
[2026-09-28 02:02:16.750] [INF] [default] [TitleBar.cpp:164 in Update] -> (313, 160)
[2026-09-28 02:02:16.784] [INF] [default] [TitleBar.cpp:164 in Update] -> (314, 160)
[2026-09-28 02:02:16.931] [INF] [default] [TitleBar.cpp:164 in Update] -> (315, 160)
[2026-09-28 02:02:17.001] [INF] [default] [TitleBar.cpp:164 in Update] -> (316, 160)
[2026-09-28 02:02:17.440] [INF] [default] [TitleBar.cpp:164 in Update] -> (317, 160)
[2026-09-28 02:02:17.607] [INF] [default] [TitleBar.cpp:164 in Update] -> (318, 160)
[2026-09-28 02:02:17.753] [INF] [default] [TitleBar.cpp:164 in Update] -> (318, 161)
[2026-09-28 02:02:17.900] [INF] [default] [TitleBar.cpp:164 in Update] -> (318, 162)
[2026-09-28 02:02:18.025] [INF] [default] [TitleBar.cpp:164 in Update] -> (319, 162)
[2026-09-28 02:02:18.171] [INF] [default] [TitleBar.cpp:164 in Update] -> (320, 162)
[2026-09-28 02:02:18.366] [INF] [default] [TitleBar.cpp:164 in Update] -> (320, 163)
[2026-09-28 02:02:18.443] [INF] [default] [TitleBar.cpp:164 in Update] -> (320, 164)
[2026-09-28 02:02:18.568] [INF] [default] [TitleBar.cpp:164 in Update] -> (321, 164)
[2026-09-28 02:02:18.679] [INF] [default] [TitleBar.cpp:164 in Update] -> (322, 164)
[2026-09-28 02:02:18.784] [INF] [default] [TitleBar.cpp:164 in Update] -> (323, 164)
[2026-09-28 02:02:18.806] [INF] [default] [TitleBar.cpp:164 in Update] -> (324, 164)
[2026-09-28 02:02:18.974] [INF] [default] [TitleBar.cpp:164 in Update] -> (325, 164)
[2026-09-28 02:02:19.162] [INF] [default] [TitleBar.cpp:164 in Update] -> (325, 165)
[2026-09-28 02:02:19.890] [INF] [default] [TitleBar.cpp:164 in Update] -> (326, 165)
[2026-09-28 02:02:19.897] [INF] [default] [TitleBar.cpp:164 in Update] -> (326, 166)
[2026-09-28 02:02:19.925] [INF] [default] [TitleBar.cpp:164 in Update] -> (327, 166)
[2026-09-28 02:02:19.932] [INF] [default] [TitleBar.cpp:164 in Update] -> (328, 167)
[2026-09-28 02:02:19.939] [INF] [default] [TitleBar.cpp:164 in Update] -> (329, 167)
[2026-09-28 02:02:19.946] [INF] [default] [TitleBar.cpp:164 in Update] -> (330, 167)
[2026-09-28 02:02:19.953] [INF] [default] [TitleBar.cpp:164 in Update] -> (331, 167)
[2026-09-28 02:02:19.960] [INF] [default] [TitleBar.cpp:164 in Update] -> (332, 167)
[2026-09-28 02:02:19.967] [INF] [default] [TitleBar.cpp:164 in Update] -> (333, 167)
[2026-09-28 02:02:19.974] [INF] [default] [TitleBar.cpp:164 in Update] -> (334, 167)
[2026-09-28 02:02:19.982] [INF] [default] [TitleBar.cpp:164 in Update] -> (336, 167)
[2026-09-28 02:02:19.989] [INF] [default] [TitleBar.cpp:164 in Update] -> (337, 167)
[2026-09-28 02:02:19.996] [INF] [default] [TitleBar.cpp:164 in Update] -> (338, 168)
[2026-09-28 02:02:20.002] [INF] [default] [TitleBar.cpp:164 in Update] -> (340, 168)
[2026-09-28 02:02:20.009] [INF] [default] [TitleBar.cpp:164 in Update] -> (341, 168)
[2026-09-28 02:02:20.017] [INF] [default] [TitleBar.cpp:164 in Update] -> (343, 168)
[2026-09-28 02:02:20.024] [INF] [default] [TitleBar.cpp:164 in Update] -> (345, 168)
[2026-09-28 02:02:20.031] [INF] [default] [TitleBar.cpp:164 in Update] -> (347, 169)
[2026-09-28 02:02:20.037] [INF] [default] [TitleBar.cpp:164 in Update] -> (349, 169)
[2026-09-28 02:02:20.044] [INF] [default] [TitleBar.cpp:164 in Update] -> (352, 170)
[2026-09-28 02:02:20.051] [INF] [default] [TitleBar.cpp:164 in Update] -> (354, 170)
[2026-09-28 02:02:20.058] [INF] [default] [TitleBar.cpp:164 in Update] -> (357, 170)
[2026-09-28 02:02:20.065] [INF] [default] [TitleBar.cpp:164 in Update] -> (360, 170)
[2026-09-28 02:02:20.071] [INF] [default] [TitleBar.cpp:164 in Update] -> (362, 170)
[2026-09-28 02:02:20.079] [INF] [default] [TitleBar.cpp:164 in Update] -> (364, 170)
[2026-09-28 02:02:20.086] [INF] [default] [TitleBar.cpp:164 in Update] -> (366, 170)
[2026-09-28 02:02:20.093] [INF] [default] [TitleBar.cpp:164 in Update] -> (369, 171)
[2026-09-28 02:02:20.100] [INF] [default] [TitleBar.cpp:164 in Update] -> (372, 171)
[2026-09-28 02:02:20.107] [INF] [default] [TitleBar.cpp:164 in Update] -> (375, 171)
[2026-09-28 02:02:20.114] [INF] [default] [TitleBar.cpp:164 in Update] -> (377, 171)
[2026-09-28 02:02:20.122] [INF] [default] [TitleBar.cpp:164 in Update] -> (381, 172)
[2026-09-28 02:02:20.128] [INF] [default] [TitleBar.cpp:164 in Update] -> (383, 172)
[2026-09-28 02:02:20.135] [INF] [default] [TitleBar.cpp:164 in Update] -> (385, 172)
[2026-09-28 02:02:20.142] [INF] [default] [TitleBar.cpp:164 in Update] -> (388, 173)
[2026-09-28 02:02:20.149] [INF] [default] [TitleBar.cpp:164 in Update] -> (390, 173)
[2026-09-28 02:02:20.156] [INF] [default] [TitleBar.cpp:164 in Update] -> (392, 174)
[2026-09-28 02:02:20.163] [INF] [default] [TitleBar.cpp:164 in Update] -> (395, 174)
[2026-09-28 02:02:20.169] [INF] [default] [TitleBar.cpp:164 in Update] -> (397, 174)
[2026-09-28 02:02:20.176] [INF] [default] [TitleBar.cpp:164 in Update] -> (399, 174)
[2026-09-28 02:02:20.184] [INF] [default] [TitleBar.cpp:164 in Update] -> (401, 174)
[2026-09-28 02:02:20.191] [INF] [default] [TitleBar.cpp:164 in Update] -> (404, 174)
[2026-09-28 02:02:20.198] [INF] [default] [TitleBar.cpp:164 in Update] -> (406, 174)
[2026-09-28 02:02:20.205] [INF] [default] [TitleBar.cpp:164 in Update] -> (408, 174)
[2026-09-28 02:02:20.211] [INF] [default] [TitleBar.cpp:164 in Update] -> (411, 175)
[2026-09-28 02:02:20.219] [INF] [default] [TitleBar.cpp:164 in Update] -> (412, 175)
[2026-09-28 02:02:20.225] [INF] [default] [TitleBar.cpp:164 in Update] -> (415, 175)
[2026-09-28 02:02:20.232] [INF] [default] [TitleBar.cpp:164 in Update] -> (418, 175)
[2026-09-28 02:02:20.239] [INF] [default] [TitleBar.cpp:164 in Update] -> (419, 175)
[2026-09-28 02:02:20.246] [INF] [default] [TitleBar.cpp:164 in Update] -> (422, 175)
[2026-09-28 02:02:20.253] [INF] [default] [TitleBar.cpp:164 in Update] -> (424, 175)
[2026-09-28 02:02:20.260] [INF] [default] [TitleBar.cpp:164 in Update] -> (426, 176)
[2026-09-28 02:02:20.267] [INF] [default] [TitleBar.cpp:164 in Update] -> (429, 176)
[2026-09-28 02:02:20.273] [INF] [default] [TitleBar.cpp:164 in Update] -> (432, 177)
[2026-09-28 02:02:20.281] [INF] [default] [TitleBar.cpp:164 in Update] -> (433, 177)
[2026-09-28 02:02:20.287] [INF] [default] [TitleBar.cpp:164 in Update] -> (436, 177)
[2026-09-28 02:02:20.295] [INF] [default] [TitleBar.cpp:164 in Update] -> (439, 177)
[2026-09-28 02:02:20.302] [INF] [default] [TitleBar.cpp:164 in Update] -> (440, 178)
[2026-09-28 02:02:20.309] [INF] [default] [TitleBar.cpp:164 in Update] -> (443, 178)
[2026-09-28 02:02:20.316] [INF] [default] [TitleBar.cpp:164 in Update] -> (446, 178)
[2026-09-28 02:02:20.323] [INF] [default] [TitleBar.cpp:164 in Update] -> (448, 178)
[2026-09-28 02:02:20.329] [INF] [default] [TitleBar.cpp:164 in Update] -> (451, 178)
[2026-09-28 02:02:20.336] [INF] [default] [TitleBar.cpp:164 in Update] -> (454, 178)
[2026-09-28 02:02:20.343] [INF] [default] [TitleBar.cpp:164 in Update] -> (456, 178)
[2026-09-28 02:02:20.350] [INF] [default] [TitleBar.cpp:164 in Update] -> (459, 178)
[2026-09-28 02:02:20.357] [INF] [default] [TitleBar.cpp:164 in Update] -> (462, 178)
[2026-09-28 02:02:20.364] [INF] [default] [TitleBar.cpp:164 in Update] -> (464, 178)
[2026-09-28 02:02:20.370] [INF] [default] [TitleBar.cpp:164 in Update] -> (467, 178)
[2026-09-28 02:02:20.377] [INF] [default] [TitleBar.cpp:164 in Update] -> (470, 178)
[2026-09-28 02:02:20.384] [INF] [default] [TitleBar.cpp:164 in Update] -> (472, 178)
[2026-09-28 02:02:20.391] [INF] [default] [TitleBar.cpp:164 in Update] -> (475, 178)
[2026-09-28 02:02:20.399] [INF] [default] [TitleBar.cpp:164 in Update] -> (477, 178)
[2026-09-28 02:02:20.405] [INF] [default] [TitleBar.cpp:164 in Update] -> (479, 178)
[2026-09-28 02:02:20.412] [INF] [default] [TitleBar.cpp:164 in Update] -> (482, 178)
[2026-09-28 02:02:20.419] [INF] [default] [TitleBar.cpp:164 in Update] -> (485, 178)
[2026-09-28 02:02:20.426] [INF] [default] [TitleBar.cpp:164 in Update] -> (487, 178)
[2026-09-28 02:02:20.433] [INF] [default] [TitleBar.cpp:164 in Update] -> (490, 178)
[2026-09-28 02:02:20.440] [INF] [default] [TitleBar.cpp:164 in Update] -> (492, 179)
[2026-09-28 02:02:20.448] [INF] [default] [TitleBar.cpp:164 in Update] -> (494, 179)
[2026-09-28 02:02:20.454] [INF] [default] [TitleBar.cpp:164 in Update] -> (497, 180)
[2026-09-28 02:02:20.460] [INF] [default] [TitleBar.cpp:164 in Update] -> (499, 180)
[2026-09-28 02:02:20.468] [INF] [default] [TitleBar.cpp:164 in Update] -> (501, 181)
[2026-09-28 02:02:20.474] [INF] [default] [TitleBar.cpp:164 in Update] -> (503, 181)
[2026-09-28 02:02:20.482] [INF] [default] [TitleBar.cpp:164 in Update] -> (506, 181)
[2026-09-28 02:02:20.488] [INF] [default] [TitleBar.cpp:164 in Update] -> (507, 182)
[2026-09-28 02:02:20.496] [INF] [default] [TitleBar.cpp:164 in Update] -> (510, 182)
[2026-09-28 02:02:20.503] [INF] [default] [TitleBar.cpp:164 in Update] -> (513, 182)
[2026-09-28 02:02:20.509] [INF] [default] [TitleBar.cpp:164 in Update] -> (515, 182)
[2026-09-28 02:02:20.516] [INF] [default] [TitleBar.cpp:164 in Update] -> (518, 182)
[2026-09-28 02:02:20.522] [INF] [default] [TitleBar.cpp:164 in Update] -> (521, 182)
[2026-09-28 02:02:20.530] [INF] [default] [TitleBar.cpp:164 in Update] -> (523, 182)
[2026-09-28 02:02:20.537] [INF] [default] [TitleBar.cpp:164 in Update] -> (526, 182)
[2026-09-28 02:02:20.544] [INF] [default] [TitleBar.cpp:164 in Update] -> (529, 182)
[2026-09-28 02:02:20.550] [INF] [default] [TitleBar.cpp:164 in Update] -> (533, 183)
[2026-09-28 02:02:20.557] [INF] [default] [TitleBar.cpp:164 in Update] -> (536, 183)
[2026-09-28 02:02:20.564] [INF] [default] [TitleBar.cpp:164 in Update] -> (539, 183)
[2026-09-28 02:02:20.571] [INF] [default] [TitleBar.cpp:164 in Update] -> (543, 183)
[2026-09-28 02:02:20.578] [INF] [default] [TitleBar.cpp:164 in Update] -> (546, 183)
[2026-09-28 02:02:20.585] [INF] [default] [TitleBar.cpp:164 in Update] -> (549, 183)
[2026-09-28 02:02:20.592] [INF] [default] [TitleBar.cpp:164 in Update] -> (552, 184)
[2026-09-28 02:02:20.600] [INF] [default] [TitleBar.cpp:164 in Update] -> (556, 184)
[2026-09-28 02:02:20.606] [INF] [default] [TitleBar.cpp:164 in Update] -> (559, 185)
[2026-09-28 02:02:20.614] [INF] [default] [TitleBar.cpp:164 in Update] -> (562, 185)
[2026-09-28 02:02:20.620] [INF] [default] [TitleBar.cpp:164 in Update] -> (565, 186)
[2026-09-28 02:02:20.627] [INF] [default] [TitleBar.cpp:164 in Update] -> (569, 186)
[2026-09-28 02:02:20.634] [INF] [default] [TitleBar.cpp:164 in Update] -> (572, 186)
[2026-09-28 02:02:20.640] [INF] [default] [TitleBar.cpp:164 in Update] -> (576, 187)
[2026-09-28 02:02:20.648] [INF] [default] [TitleBar.cpp:164 in Update] -> (580, 187)
[2026-09-28 02:02:20.654] [INF] [default] [TitleBar.cpp:164 in Update] -> (584, 187)
[2026-09-28 02:02:20.661] [INF] [default] [TitleBar.cpp:164 in Update] -> (586, 187)
[2026-09-28 02:02:20.669] [INF] [default] [TitleBar.cpp:164 in Update] -> (590, 187)
[2026-09-28 02:02:20.674] [INF] [default] [TitleBar.cpp:164 in Update] -> (593, 187)
[2026-09-28 02:02:20.682] [INF] [default] [TitleBar.cpp:164 in Update] -> (596, 187)
[2026-09-28 02:02:20.689] [INF] [default] [TitleBar.cpp:164 in Update] -> (598, 187)
[2026-09-28 02:02:20.696] [INF] [default] [TitleBar.cpp:164 in Update] -> (601, 187)
[2026-09-28 02:02:20.703] [INF] [default] [TitleBar.cpp:164 in Update] -> (605, 188)
[2026-09-28 02:02:20.710] [INF] [default] [TitleBar.cpp:164 in Update] -> (607, 188)
[2026-09-28 02:02:20.716] [INF] [default] [TitleBar.cpp:164 in Update] -> (610, 188)
[2026-09-28 02:02:20.724] [INF] [default] [TitleBar.cpp:164 in Update] -> (614, 189)
[2026-09-28 02:02:20.731] [INF] [default] [TitleBar.cpp:164 in Update] -> (617, 189)
[2026-09-28 02:02:20.738] [INF] [default] [TitleBar.cpp:164 in Update] -> (620, 190)
[2026-09-28 02:02:20.744] [INF] [default] [TitleBar.cpp:164 in Update] -> (623, 190)
[2026-09-28 02:02:20.751] [INF] [default] [TitleBar.cpp:164 in Update] -> (627, 190)
[2026-09-28 02:02:20.758] [INF] [default] [TitleBar.cpp:164 in Update] -> (629, 190)
[2026-09-28 02:02:20.765] [INF] [default] [TitleBar.cpp:164 in Update] -> (633, 190)
[2026-09-28 02:02:20.771] [INF] [default] [TitleBar.cpp:164 in Update] -> (636, 190)
[2026-09-28 02:02:20.778] [INF] [default] [TitleBar.cpp:164 in Update] -> (639, 191)
[2026-09-28 02:02:20.786] [INF] [default] [TitleBar.cpp:164 in Update] -> (641, 191)
[2026-09-28 02:02:20.792] [INF] [default] [TitleBar.cpp:164 in Update] -> (644, 191)
[2026-09-28 02:02:20.800] [INF] [default] [TitleBar.cpp:164 in Update] -> (647, 191)
[2026-09-28 02:02:20.806] [INF] [default] [TitleBar.cpp:164 in Update] -> (650, 191)
[2026-09-28 02:02:20.813] [INF] [default] [TitleBar.cpp:164 in Update] -> (653, 191)
[2026-09-28 02:02:20.819] [INF] [default] [TitleBar.cpp:164 in Update] -> (657, 191)
[2026-09-28 02:02:20.827] [INF] [default] [TitleBar.cpp:164 in Update] -> (659, 191)
[2026-09-28 02:02:20.834] [INF] [default] [TitleBar.cpp:164 in Update] -> (663, 192)
[2026-09-28 02:02:20.841] [INF] [default] [TitleBar.cpp:164 in Update] -> (666, 192)
[2026-09-28 02:02:20.847] [INF] [default] [TitleBar.cpp:164 in Update] -> (670, 192)
[2026-09-28 02:02:20.854] [INF] [default] [TitleBar.cpp:164 in Update] -> (672, 192)
[2026-09-28 02:02:20.861] [INF] [default] [TitleBar.cpp:164 in Update] -> (676, 192)
[2026-09-28 02:02:20.868] [INF] [default] [TitleBar.cpp:164 in Update] -> (679, 192)
[2026-09-28 02:02:20.874] [INF] [default] [TitleBar.cpp:164 in Update] -> (683, 192)
[2026-09-28 02:02:20.883] [INF] [default] [TitleBar.cpp:164 in Update] -> (685, 192)
[2026-09-28 02:02:20.888] [INF] [default] [TitleBar.cpp:164 in Update] -> (689, 192)
[2026-09-28 02:02:20.897] [INF] [default] [TitleBar.cpp:164 in Update] -> (693, 192)
[2026-09-28 02:02:20.903] [INF] [default] [TitleBar.cpp:164 in Update] -> (695, 192)
[2026-09-28 02:02:20.910] [INF] [default] [TitleBar.cpp:164 in Update] -> (699, 192)
[2026-09-28 02:02:20.916] [INF] [default] [TitleBar.cpp:164 in Update] -> (703, 192)
[2026-09-28 02:02:20.924] [INF] [default] [TitleBar.cpp:164 in Update] -> (707, 193)
[2026-09-28 02:02:20.931] [INF] [default] [TitleBar.cpp:164 in Update] -> (710, 193)
[2026-09-28 02:02:20.937] [INF] [default] [TitleBar.cpp:164 in Update] -> (714, 193)
[2026-09-28 02:02:20.944] [INF] [default] [TitleBar.cpp:164 in Update] -> (718, 193)
[2026-09-28 02:02:20.951] [INF] [default] [TitleBar.cpp:164 in Update] -> (722, 194)
[2026-09-28 02:02:20.958] [INF] [default] [TitleBar.cpp:164 in Update] -> (725, 194)
[2026-09-28 02:02:20.965] [INF] [default] [TitleBar.cpp:164 in Update] -> (729, 195)
[2026-09-28 02:02:20.972] [INF] [default] [TitleBar.cpp:164 in Update] -> (732, 195)
[2026-09-28 02:02:20.980] [INF] [default] [TitleBar.cpp:164 in Update] -> (736, 196)
[2026-09-28 02:02:20.986] [INF] [default] [TitleBar.cpp:164 in Update] -> (739, 196)
[2026-09-28 02:02:20.993] [INF] [default] [TitleBar.cpp:164 in Update] -> (742, 196)
[2026-09-28 02:02:21.000] [INF] [default] [TitleBar.cpp:164 in Update] -> (746, 196)
[2026-09-28 02:02:21.006] [INF] [default] [TitleBar.cpp:164 in Update] -> (750, 196)
[2026-09-28 02:02:21.014] [INF] [default] [TitleBar.cpp:164 in Update] -> (753, 197)
[2026-09-28 02:02:21.021] [INF] [default] [TitleBar.cpp:164 in Update] -> (756, 197)
[2026-09-28 02:02:21.028] [INF] [default] [TitleBar.cpp:164 in Update] -> (760, 198)
[2026-09-28 02:02:21.036] [INF] [default] [TitleBar.cpp:164 in Update] -> (764, 198)
[2026-09-28 02:02:21.042] [INF] [default] [TitleBar.cpp:164 in Update] -> (767, 198)
[2026-09-28 02:02:21.049] [INF] [default] [TitleBar.cpp:164 in Update] -> (773, 199)
[2026-09-28 02:02:21.056] [INF] [default] [TitleBar.cpp:164 in Update] -> (778, 199)
[2026-09-28 02:02:21.063] [INF] [default] [TitleBar.cpp:164 in Update] -> (783, 200)
[2026-09-28 02:02:21.069] [INF] [default] [TitleBar.cpp:164 in Update] -> (787, 200)
[2026-09-28 02:02:21.077] [INF] [default] [TitleBar.cpp:164 in Update] -> (792, 200)
[2026-09-28 02:02:21.084] [INF] [default] [TitleBar.cpp:164 in Update] -> (796, 201)
[2026-09-28 02:02:21.091] [INF] [default] [TitleBar.cpp:164 in Update] -> (800, 201)
[2026-09-28 02:02:21.098] [INF] [default] [TitleBar.cpp:164 in Update] -> (804, 201)
[2026-09-28 02:02:21.104] [INF] [default] [TitleBar.cpp:164 in Update] -> (808, 202)
[2026-09-28 02:02:21.111] [INF] [default] [TitleBar.cpp:164 in Update] -> (812, 202)
[2026-09-28 02:02:21.119] [INF] [default] [TitleBar.cpp:164 in Update] -> (816, 202)
[2026-09-28 02:02:21.125] [INF] [default] [TitleBar.cpp:164 in Update] -> (820, 202)
[2026-09-28 02:02:21.133] [INF] [default] [TitleBar.cpp:164 in Update] -> (823, 202)
[2026-09-28 02:02:21.140] [INF] [default] [TitleBar.cpp:164 in Update] -> (827, 202)
[2026-09-28 02:02:21.147] [INF] [default] [TitleBar.cpp:164 in Update] -> (831, 202)
[2026-09-28 02:02:21.153] [INF] [default] [TitleBar.cpp:164 in Update] -> (833, 202)
[2026-09-28 02:02:21.161] [INF] [default] [TitleBar.cpp:164 in Update] -> (837, 202)
[2026-09-28 02:02:21.167] [INF] [default] [TitleBar.cpp:164 in Update] -> (841, 202)
[2026-09-28 02:02:21.175] [INF] [default] [TitleBar.cpp:164 in Update] -> (844, 202)
[2026-09-28 02:02:21.182] [INF] [default] [TitleBar.cpp:164 in Update] -> (847, 202)
[2026-09-28 02:02:21.189] [INF] [default] [TitleBar.cpp:164 in Update] -> (850, 202)
[2026-09-28 02:02:21.196] [INF] [default] [TitleBar.cpp:164 in Update] -> (852, 202)
[2026-09-28 02:02:21.202] [INF] [default] [TitleBar.cpp:164 in Update] -> (854, 202)
[2026-09-28 02:02:21.209] [INF] [default] [TitleBar.cpp:164 in Update] -> (856, 202)
[2026-09-28 02:02:21.216] [INF] [default] [TitleBar.cpp:164 in Update] -> (859, 202)
[2026-09-28 02:02:21.223] [INF] [default] [TitleBar.cpp:164 in Update] -> (860, 202)
[2026-09-28 02:02:21.230] [INF] [default] [TitleBar.cpp:164 in Update] -> (862, 202)
[2026-09-28 02:02:21.237] [INF] [default] [TitleBar.cpp:164 in Update] -> (863, 202)
[2026-09-28 02:02:21.244] [INF] [default] [TitleBar.cpp:164 in Update] -> (865, 202)
[2026-09-28 02:02:21.251] [INF] [default] [TitleBar.cpp:164 in Update] -> (868, 202)
[2026-09-28 02:02:21.258] [INF] [default] [TitleBar.cpp:164 in Update] -> (869, 202)
[2026-09-28 02:02:21.265] [INF] [default] [TitleBar.cpp:164 in Update] -> (871, 202)
[2026-09-28 02:02:21.271] [INF] [default] [TitleBar.cpp:164 in Update] -> (872, 202)
[2026-09-28 02:02:21.279] [INF] [default] [TitleBar.cpp:164 in Update] -> (873, 202)
[2026-09-28 02:02:21.286] [INF] [default] [TitleBar.cpp:164 in Update] -> (874, 202)
[2026-09-28 02:02:21.293] [INF] [default] [TitleBar.cpp:164 in Update] -> (875, 202)
[2026-09-28 02:02:21.300] [INF] [default] [TitleBar.cpp:164 in Update] -> (876, 202)
[2026-09-28 02:02:21.306] [INF] [default] [TitleBar.cpp:164 in Update] -> (877, 202)
[2026-09-28 02:02:21.314] [INF] [default] [TitleBar.cpp:164 in Update] -> (878, 202)
[2026-09-28 02:02:21.320] [INF] [default] [TitleBar.cpp:164 in Update] -> (879, 202)
[2026-09-28 02:02:21.335] [INF] [default] [TitleBar.cpp:164 in Update] -> (880, 202)
[2026-09-28 02:02:21.341] [INF] [default] [TitleBar.cpp:164 in Update] -> (881, 202)
[2026-09-28 02:02:21.349] [INF] [default] [TitleBar.cpp:164 in Update] -> (882, 202)
[2026-09-28 02:02:21.369] [INF] [default] [TitleBar.cpp:164 in Update] -> (883, 202)
[2026-09-28 02:02:21.384] [INF] [default] [TitleBar.cpp:164 in Update] -> (884, 202)
[2026-09-28 02:02:21.418] [INF] [default] [TitleBar.cpp:164 in Update] -> (885, 202)
[2026-09-28 02:02:21.948] [INF] [default] [TitleBar.cpp:145 in Update] -> [follow mouse ok] : (574, 574)
[2026-09-28 02:02:22.178] [INF] [default] [TitleBar.cpp:164 in Update] -> (886, 202)
[2026-09-28 02:02:22.185] [INF] [default] [TitleBar.cpp:164 in Update] -> (889, 202)
[2026-09-28 02:02:22.192] [INF] [default] [TitleBar.cpp:164 in Update] -> (894, 202)
[2026-09-28 02:02:22.198] [INF] [default] [TitleBar.cpp:164 in Update] -> (900, 202)
[2026-09-28 02:02:22.206] [INF] [default] [TitleBar.cpp:164 in Update] -> (908, 202)
[2026-09-28 02:02:22.213] [INF] [default] [TitleBar.cpp:164 in Update] -> (915, 202)
[2026-09-28 02:02:22.219] [INF] [default] [TitleBar.cpp:164 in Update] -> (923, 202)
[2026-09-28 02:02:22.226] [INF] [default] [TitleBar.cpp:164 in Update] -> (932, 202)
[2026-09-28 02:02:22.233] [INF] [default] [TitleBar.cpp:164 in Update] -> (940, 202)
[2026-09-28 02:02:22.241] [INF] [default] [TitleBar.cpp:164 in Update] -> (950, 203)
[2026-09-28 02:02:22.247] [INF] [default] [TitleBar.cpp:164 in Update] -> (959, 203)
[2026-09-28 02:02:22.255] [INF] [default] [TitleBar.cpp:164 in Update] -> (969, 203)
[2026-09-28 02:02:22.261] [INF] [default] [TitleBar.cpp:164 in Update] -> (979, 205)
[2026-09-28 02:02:22.269] [INF] [default] [TitleBar.cpp:164 in Update] -> (989, 206)
[2026-09-28 02:02:22.275] [INF] [default] [TitleBar.cpp:164 in Update] -> (999, 207)
[2026-09-28 02:02:22.282] [INF] [default] [TitleBar.cpp:164 in Update] -> (1010, 208)
[2026-09-28 02:02:22.289] [INF] [default] [TitleBar.cpp:164 in Update] -> (1021, 208)
[2026-09-28 02:02:22.297] [INF] [default] [TitleBar.cpp:164 in Update] -> (1033, 210)
[2026-09-28 02:02:22.304] [INF] [default] [TitleBar.cpp:164 in Update] -> (1045, 211)
[2026-09-28 02:02:22.310] [INF] [default] [TitleBar.cpp:164 in Update] -> (1057, 212)
[2026-09-28 02:02:22.318] [INF] [default] [TitleBar.cpp:164 in Update] -> (1069, 214)
[2026-09-28 02:02:22.324] [INF] [default] [TitleBar.cpp:164 in Update] -> (1080, 216)
[2026-09-28 02:02:22.331] [INF] [default] [TitleBar.cpp:164 in Update] -> (1090, 216)
[2026-09-28 02:02:22.338] [INF] [default] [TitleBar.cpp:164 in Update] -> (1101, 218)
[2026-09-28 02:02:22.345] [INF] [default] [TitleBar.cpp:164 in Update] -> (1111, 219)
[2026-09-28 02:02:22.353] [INF] [default] [TitleBar.cpp:164 in Update] -> (1119, 219)
[2026-09-28 02:02:22.359] [INF] [default] [TitleBar.cpp:164 in Update] -> (1130, 220)
[2026-09-28 02:02:22.366] [INF] [default] [TitleBar.cpp:164 in Update] -> (1140, 221)
[2026-09-28 02:02:22.374] [INF] [default] [TitleBar.cpp:164 in Update] -> (1148, 223)
[2026-09-28 02:02:22.380] [INF] [default] [TitleBar.cpp:164 in Update] -> (1154, 224)
[2026-09-28 02:02:22.387] [INF] [default] [TitleBar.cpp:164 in Update] -> (1159, 225)
[2026-09-28 02:02:22.394] [INF] [default] [TitleBar.cpp:164 in Update] -> (1163, 226)
[2026-09-28 02:02:22.401] [INF] [default] [TitleBar.cpp:164 in Update] -> (1167, 226)
[2026-09-28 02:02:22.408] [INF] [default] [TitleBar.cpp:164 in Update] -> (1170, 227)
[2026-09-28 02:02:22.415] [INF] [default] [TitleBar.cpp:164 in Update] -> (1171, 227)
[2026-09-28 02:02:22.422] [INF] [default] [TitleBar.cpp:164 in Update] -> (1174, 227)
[2026-09-28 02:02:22.428] [INF] [default] [TitleBar.cpp:164 in Update] -> (1175, 227)
[2026-09-28 02:02:22.443] [INF] [default] [TitleBar.cpp:164 in Update] -> (1176, 227)
