[2026-09-28 01:20:12.285] [INF] [default] [c3-exo10_main.cpp:40 in nkmain] -> [window] : (312, 160)
[2026-09-28 01:20:12.285] [INF] [default] [button.h:33 in Button] -> [button] size : NkRectT[pos(1130, 10); size(40, 30)]
[2026-09-28 01:20:12.285] [INF] [default] [button.h:33 in Button] -> [button] size : NkRectT[pos(1060, 10); size(40, 30)]
[2026-09-28 01:20:12.286] [INF] [default] [button.h:33 in Button] -> [button] size : NkRectT[pos(1020, 10); size(40, 30)]
[2026-09-28 01:20:12.286] [INF] [default] [c3-exo10_main.cpp:43 in nkmain] -> [button] : RECT : (1130, 10) (1170, 40)
[2026-09-28 01:20:14.204] [INF] [default] [TitleBar.cpp:145 in Update] -> [follow mouse ok] : (570, 570)
[2026-09-28 01:20:14.511] [INF] [default] [TitleBar.cpp:159 in Update] -> [follow mouse ok] : (0, 0)
[2026-09-28 01:20:14.525] [INF] [default] [TitleBar.cpp:159 in Update] -> [follow mouse ok] : (0, 0)
[2026-09-28 01:20:14.532] [INF] [default] [TitleBar.cpp:159 in Update] -> [follow mouse ok] : (0, 0)
[2026-09-28 01:20:14.546] [INF] [default] [TitleBar.cpp:159 in Update] -> [follow mouse ok] : (0, 0)
[2026-09-28 01:20:14.554] [INF] [default] [TitleBar.cpp:159 in Update] -> [follow mouse ok] : (0, 0)
[2026-09-28 01:20:14.560] [INF] [default] [TitleBar.cpp:159 in Update] -> [follow mouse ok] : (0, 0)
[2026-09-28 01:20:14.574] [INF] [default] [TitleBar.cpp:159 in Update] -> [follow mouse ok] : (0, 0)
[2026-09-28 01:20:14.581] [INF] [default] [TitleBar.cpp:159 in Update] -> [follow mouse ok] : (0, 0)
[2026-09-28 01:20:14.595] [INF] [default] [TitleBar.cpp:159 in Update] -> [follow mouse ok] : (0, 0)
[2026-09-28 01:20:14.630] [INF] [default] [TitleBar.cpp:159 in Update] -> [follow mouse ok] : (0, 0)
[2026-09-28 01:20:14.658] [INF] [default] [TitleBar.cpp:159 in Update] -> [follow mouse ok] : (0, 0)
[2026-09-28 01:20:14.721] [INF] [default] [TitleBar.cpp:159 in Update] -> [follow mouse ok] : (0, 0)
[2026-09-28 01:20:14.756] [INF] [default] [TitleBar.cpp:159 in Update] -> [follow mouse ok] : (0, 0)
[2026-09-28 01:20:14.776] [INF] [default] [TitleBar.cpp:159 in Update] -> [follow mouse ok] : (0, 0)
[2026-09-28 01:20:14.818] [INF] [default] [TitleBar.cpp:159 in Update] -> [follow mouse ok] : (0, 0)
[2026-09-28 01:20:14.881] [INF] [default] [TitleBar.cpp:159 in Update] -> [follow mouse ok] : (0, 0)
[2026-09-28 01:20:15.159] [INF] [default] [TitleBar.cpp:159 in Update] -> [follow mouse ok] : (0, 0)
[2026-09-28 01:20:15.236] [INF] [default] [TitleBar.cpp:159 in Update] -> [follow mouse ok] : (0, 0)
[2026-09-28 01:20:15.258] [INF] [default] [TitleBar.cpp:159 in Update] -> [follow mouse ok] : (0, 0)
[2026-09-28 01:20:15.278] [INF] [default] [TitleBar.cpp:159 in Update] -> [follow mouse ok] : (0, 0)
[2026-09-28 01:20:15.285] [INF] [default] [TitleBar.cpp:159 in Update] -> [follow mouse ok] : (0, 0)
[2026-09-28 01:20:15.299] [INF] [default] [TitleBar.cpp:159 in Update] -> [follow mouse ok] : (0, 0)
[2026-09-28 01:20:15.334] [INF] [default] [TitleBar.cpp:159 in Update] -> [follow mouse ok] : (0, 0)
[2026-09-28 01:20:15.403] [INF] [default] [TitleBar.cpp:159 in Update] -> [follow mouse ok] : (0, 0)
[2026-09-28 01:20:15.480] [INF] [default] [TitleBar.cpp:159 in Update] -> [follow mouse ok] : (0, 0)
[2026-09-28 01:20:15.563] [INF] [default] [TitleBar.cpp:159 in Update] -> [follow mouse ok] : (0, 0)
[2026-09-28 01:20:15.571] [INF] [default] [TitleBar.cpp:159 in Update] -> [follow mouse ok] : (0, 0)
[2026-09-28 01:20:15.584] [INF] [default] [TitleBar.cpp:159 in Update] -> [follow mouse ok] : (0, 0)
[2026-09-28 01:20:15.592] [INF] [default] [TitleBar.cpp:159 in Update] -> [follow mouse ok] : (0, 0)
[2026-09-28 01:20:15.598] [INF] [default] [TitleBar.cpp:159 in Update] -> [follow mouse ok] : (0, 0)
[2026-09-28 01:20:15.620] [INF] [default] [TitleBar.cpp:159 in Update] -> [follow mouse ok] : (0, 0)
[2026-09-28 01:20:15.626] [INF] [default] [TitleBar.cpp:159 in Update] -> [follow mouse ok] : (0, 0)
[2026-09-28 01:20:15.640] [INF] [default] [TitleBar.cpp:159 in Update] -> [follow mouse ok] : (0, 0)
[2026-09-28 01:20:15.648] [INF] [default] [TitleBar.cpp:159 in Update] -> [follow mouse ok] : (0, 0)
[2026-09-28 01:20:15.668] [INF] [default] [TitleBar.cpp:159 in Update] -> [follow mouse ok] : (0, 0)
[2026-09-28 01:20:15.682] [INF] [default] [TitleBar.cpp:159 in Update] -> [follow mouse ok] : (0, 0)
[2026-09-28 01:20:15.690] [INF] [default] [TitleBar.cpp:159 in Update] -> [follow mouse ok] : (0, 0)
[2026-09-28 01:20:15.703] [INF] [default] [TitleBar.cpp:159 in Update] -> [follow mouse ok] : (0, 0)
[2026-09-28 01:20:15.717] [INF] [default] [TitleBar.cpp:159 in Update] -> [follow mouse ok] : (0, 0)
[2026-09-28 01:20:15.725] [INF] [default] [TitleBar.cpp:159 in Update] -> [follow mouse ok] : (0, 0)
[2026-09-28 01:20:15.737] [INF] [default] [TitleBar.cpp:159 in Update] -> [follow mouse ok] : (0, 0)
[2026-09-28 01:20:15.745] [INF] [default] [TitleBar.cpp:159 in Update] -> [follow mouse ok] : (0, 0)
[2026-09-28 01:20:15.759] [INF] [default] [TitleBar.cpp:159 in Update] -> [follow mouse ok] : (0, 0)
[2026-09-28 01:20:15.773] [INF] [default] [TitleBar.cpp:159 in Update] -> [follow mouse ok] : (0, 0)
[2026-09-28 01:20:15.794] [INF] [default] [TitleBar.cpp:159 in Update] -> [follow mouse ok] : (0, 0)
[2026-09-28 01:20:15.800] [INF] [default] [TitleBar.cpp:159 in Update] -> [follow mouse ok] : (0, 0)
[2026-09-28 01:20:15.815] [INF] [default] [TitleBar.cpp:159 in Update] -> [follow mouse ok] : (0, 0)
[2026-09-28 01:20:15.822] [INF] [default] [TitleBar.cpp:159 in Update] -> [follow mouse ok] : (0, 0)
[2026-09-28 01:20:15.835] [INF] [default] [TitleBar.cpp:159 in Update] -> [follow mouse ok] : (0, 0)
[2026-09-28 01:20:15.842] [INF] [default] [TitleBar.cpp:159 in Update] -> [follow mouse ok] : (0, 0)
[2026-09-28 01:20:15.857] [INF] [default] [TitleBar.cpp:159 in Update] -> [follow mouse ok] : (0, 0)
[2026-09-28 01:20:15.863] [INF] [default] [TitleBar.cpp:159 in Update] -> [follow mouse ok] : (0, 0)
[2026-09-28 01:20:15.870] [INF] [default] [TitleBar.cpp:159 in Update] -> [follow mouse ok] : (0, 0)
[2026-09-28 01:20:15.877] [INF] [default] [TitleBar.cpp:159 in Update] -> [follow mouse ok] : (0, 0)
[2026-09-28 01:20:15.884] [INF] [default] [TitleBar.cpp:159 in Update] -> [follow mouse ok] : (0, 0)
[2026-09-28 01:20:15.898] [INF] [default] [TitleBar.cpp:159 in Update] -> [follow mouse ok] : (0, 0)
[2026-09-28 01:20:15.905] [INF] [default] [TitleBar.cpp:159 in Update] -> [follow mouse ok] : (0, 0)
[2026-09-28 01:20:15.919] [INF] [default] [TitleBar.cpp:159 in Update] -> [follow mouse ok] : (0, 0)
[2026-09-28 01:20:15.941] [INF] [default] [TitleBar.cpp:159 in Update] -> [follow mouse ok] : (0, 0)
[2026-09-28 01:20:15.954] [INF] [default] [TitleBar.cpp:159 in Update] -> [follow mouse ok] : (0, 0)
[2026-09-28 01:20:16.254] [INF] [default] [TitleBar.cpp:159 in Update] -> [follow mouse ok] : (0, 0)
[2026-09-28 01:20:16.302] [INF] [default] [TitleBar.cpp:159 in Update] -> [follow mouse ok] : (0, 0)
[2026-09-28 01:20:16.344] [INF] [default] [TitleBar.cpp:159 in Update] -> [follow mouse ok] : (0, 0)
[2026-09-28 01:20:16.386] [INF] [default] [TitleBar.cpp:159 in Update] -> [follow mouse ok] : (0, 0)
[2026-09-28 01:20:16.407] [INF] [default] [TitleBar.cpp:159 in Update] -> [follow mouse ok] : (0, 0)
[2026-09-28 01:20:16.421] [INF] [default] [TitleBar.cpp:159 in Update] -> [follow mouse ok] : (0, 0)
[2026-09-28 01:20:16.429] [INF] [default] [TitleBar.cpp:159 in Update] -> [follow mouse ok] : (0, 0)
[2026-09-28 01:20:16.441] [INF] [default] [TitleBar.cpp:159 in Update] -> [follow mouse ok] : (0, 0)
[2026-09-28 01:20:16.456] [INF] [default] [TitleBar.cpp:159 in Update] -> [follow mouse ok] : (0, 0)
[2026-09-28 01:20:16.463] [INF] [default] [TitleBar.cpp:159 in Update] -> [follow mouse ok] : (0, 0)
[2026-09-28 01:20:16.484] [INF] [default] [TitleBar.cpp:159 in Update] -> [follow mouse ok] : (0, 0)
[2026-09-28 01:20:16.491] [INF] [default] [TitleBar.cpp:159 in Update] -> [follow mouse ok] : (0, 0)
[2026-09-28 01:20:16.505] [INF] [default] [TitleBar.cpp:159 in Update] -> [follow mouse ok] : (0, 0)
[2026-09-28 01:20:16.512] [INF] [default] [TitleBar.cpp:159 in Update] -> [follow mouse ok] : (0, 0)
[2026-09-28 01:20:16.526] [INF] [default] [TitleBar.cpp:159 in Update] -> [follow mouse ok] : (0, 0)
[2026-09-28 01:20:16.546] [INF] [default] [TitleBar.cpp:159 in Update] -> [follow mouse ok] : (0, 0)
[2026-09-28 01:20:16.553] [INF] [default] [TitleBar.cpp:159 in Update] -> [follow mouse ok] : (0, 0)
[2026-09-28 01:20:16.567] [INF] [default] [TitleBar.cpp:159 in Update] -> [follow mouse ok] : (0, 0)
[2026-09-28 01:20:16.582] [INF] [default] [TitleBar.cpp:159 in Update] -> [follow mouse ok] : (0, 0)
[2026-09-28 01:20:16.589] [INF] [default] [TitleBar.cpp:159 in Update] -> [follow mouse ok] : (0, 0)
[2026-09-28 01:20:16.609] [INF] [default] [TitleBar.cpp:159 in Update] -> [follow mouse ok] : (0, 0)
[2026-09-28 01:20:16.616] [INF] [default] [TitleBar.cpp:159 in Update] -> [follow mouse ok] : (0, 0)
[2026-09-28 01:20:16.637] [INF] [default] [TitleBar.cpp:159 in Update] -> [follow mouse ok] : (0, 0)
[2026-09-28 01:20:16.644] [INF] [default] [TitleBar.cpp:159 in Update] -> [follow mouse ok] : (0, 0)
[2026-09-28 01:20:16.658] [INF] [default] [TitleBar.cpp:159 in Update] -> [follow mouse ok] : (0, 0)
[2026-09-28 01:20:16.672] [INF] [default] [TitleBar.cpp:159 in Update] -> [follow mouse ok] : (0, 0)
[2026-09-28 01:20:16.685] [INF] [default] [TitleBar.cpp:159 in Update] -> [follow mouse ok] : (0, 0)
[2026-09-28 01:20:16.706] [INF] [default] [TitleBar.cpp:159 in Update] -> [follow mouse ok] : (0, 0)
[2026-09-28 01:20:16.714] [INF] [default] [TitleBar.cpp:159 in Update] -> [follow mouse ok] : (0, 0)
[2026-09-28 01:20:16.735] [INF] [default] [TitleBar.cpp:159 in Update] -> [follow mouse ok] : (0, 0)
[2026-09-28 01:20:16.741] [INF] [default] [TitleBar.cpp:159 in Update] -> [follow mouse ok] : (0, 0)
[2026-09-28 01:20:16.749] [INF] [default] [TitleBar.cpp:159 in Update] -> [follow mouse ok] : (0, 0)
[2026-09-28 01:20:16.763] [INF] [default] [TitleBar.cpp:159 in Update] -> [follow mouse ok] : (0, 0)
[2026-09-28 01:20:16.769] [INF] [default] [TitleBar.cpp:159 in Update] -> [follow mouse ok] : (0, 0)
[2026-09-28 01:20:16.776] [INF] [default] [TitleBar.cpp:159 in Update] -> [follow mouse ok] : (0, 0)
[2026-09-28 01:20:16.791] [INF] [default] [TitleBar.cpp:159 in Update] -> [follow mouse ok] : (0, 0)
[2026-09-28 01:20:16.797] [INF] [default] [TitleBar.cpp:159 in Update] -> [follow mouse ok] : (0, 0)
[2026-09-28 01:20:16.817] [INF] [default] [TitleBar.cpp:159 in Update] -> [follow mouse ok] : (0, 0)
[2026-09-28 01:20:16.825] [INF] [default] [TitleBar.cpp:159 in Update] -> [follow mouse ok] : (0, 0)
[2026-09-28 01:20:16.832] [INF] [default] [TitleBar.cpp:159 in Update] -> [follow mouse ok] : (0, 0)
[2026-09-28 01:20:16.847] [INF] [default] [TitleBar.cpp:159 in Update] -> [follow mouse ok] : (0, 0)
[2026-09-28 01:20:16.861] [INF] [default] [TitleBar.cpp:159 in Update] -> [follow mouse ok] : (0, 0)
[2026-09-28 01:20:16.874] [INF] [default] [TitleBar.cpp:159 in Update] -> [follow mouse ok] : (0, 0)
[2026-09-28 01:20:16.881] [INF] [default] [TitleBar.cpp:159 in Update] -> [follow mouse ok] : (0, 0)
[2026-09-28 01:20:16.887] [INF] [default] [TitleBar.cpp:159 in Update] -> [follow mouse ok] : (0, 0)
[2026-09-28 01:20:16.902] [INF] [default] [TitleBar.cpp:159 in Update] -> [follow mouse ok] : (0, 0)
[2026-09-28 01:20:16.916] [INF] [default] [TitleBar.cpp:159 in Update] -> [follow mouse ok] : (0, 0)
[2026-09-28 01:20:16.930] [INF] [default] [TitleBar.cpp:159 in Update] -> [follow mouse ok] : (0, 0)
[2026-09-28 01:20:16.937] [INF] [default] [TitleBar.cpp:159 in Update] -> [follow mouse ok] : (0, 0)
[2026-09-28 01:20:16.944] [INF] [default] [TitleBar.cpp:159 in Update] -> [follow mouse ok] : (0, 0)
[2026-09-28 01:20:16.958] [INF] [default] [TitleBar.cpp:159 in Update] -> [follow mouse ok] : (0, 0)
[2026-09-28 01:20:16.971] [INF] [default] [TitleBar.cpp:159 in Update] -> [follow mouse ok] : (0, 0)
[2026-09-28 01:20:16.985] [INF] [default] [TitleBar.cpp:159 in Update] -> [follow mouse ok] : (0, 0)
[2026-09-28 01:20:16.993] [INF] [default] [TitleBar.cpp:159 in Update] -> [follow mouse ok] : (0, 0)
[2026-09-28 01:20:16.999] [INF] [default] [TitleBar.cpp:159 in Update] -> [follow mouse ok] : (0, 0)
[2026-09-28 01:20:17.020] [INF] [default] [TitleBar.cpp:159 in Update] -> [follow mouse ok] : (0, 0)
[2026-09-28 01:20:17.027] [INF] [default] [TitleBar.cpp:159 in Update] -> [follow mouse ok] : (0, 0)
[2026-09-28 01:20:17.041] [INF] [default] [TitleBar.cpp:159 in Update] -> [follow mouse ok] : (0, 0)
[2026-09-28 01:20:17.048] [INF] [default] [TitleBar.cpp:159 in Update] -> [follow mouse ok] : (0, 0)
[2026-09-28 01:20:17.062] [INF] [default] [TitleBar.cpp:159 in Update] -> [follow mouse ok] : (0, 0)
[2026-09-28 01:20:17.069] [INF] [default] [TitleBar.cpp:159 in Update] -> [follow mouse ok] : (0, 0)
[2026-09-28 01:20:17.083] [INF] [default] [TitleBar.cpp:159 in Update] -> [follow mouse ok] : (0, 0)
[2026-09-28 01:20:17.091] [INF] [default] [TitleBar.cpp:159 in Update] -> [follow mouse ok] : (0, 0)
[2026-09-28 01:20:17.097] [INF] [default] [TitleBar.cpp:159 in Update] -> [follow mouse ok] : (0, 0)
[2026-09-28 01:20:17.112] [INF] [default] [TitleBar.cpp:159 in Update] -> [follow mouse ok] : (0, 0)
[2026-09-28 01:20:17.118] [INF] [default] [TitleBar.cpp:159 in Update] -> [follow mouse ok] : (0, 0)
[2026-09-28 01:20:17.125] [INF] [default] [TitleBar.cpp:159 in Update] -> [follow mouse ok] : (0, 0)
[2026-09-28 01:20:17.131] [INF] [default] [TitleBar.cpp:159 in Update] -> [follow mouse ok] : (0, 0)
[2026-09-28 01:20:17.139] [INF] [default] [TitleBar.cpp:159 in Update] -> [follow mouse ok] : (0, 0)
[2026-09-28 01:20:17.145] [INF] [default] [TitleBar.cpp:159 in Update] -> [follow mouse ok] : (0, 0)
[2026-09-28 01:20:17.152] [INF] [default] [TitleBar.cpp:159 in Update] -> [follow mouse ok] : (0, 0)
[2026-09-28 01:20:17.167] [INF] [default] [TitleBar.cpp:159 in Update] -> [follow mouse ok] : (0, 0)
[2026-09-28 01:20:17.174] [INF] [default] [TitleBar.cpp:159 in Update] -> [follow mouse ok] : (0, 0)
[2026-09-28 01:20:17.181] [INF] [default] [TitleBar.cpp:159 in Update] -> [follow mouse ok] : (0, 0)
[2026-09-28 01:20:17.188] [INF] [default] [TitleBar.cpp:159 in Update] -> [follow mouse ok] : (0, 0)
[2026-09-28 01:20:17.195] [INF] [default] [TitleBar.cpp:159 in Update] -> [follow mouse ok] : (0, 0)
[2026-09-28 01:20:17.201] [INF] [default] [TitleBar.cpp:159 in Update] -> [follow mouse ok] : (0, 0)
[2026-09-28 01:20:17.209] [INF] [default] [TitleBar.cpp:159 in Update] -> [follow mouse ok] : (0, 0)
[2026-09-28 01:20:17.223] [INF] [default] [TitleBar.cpp:159 in Update] -> [follow mouse ok] : (0, 0)
[2026-09-28 01:20:17.229] [INF] [default] [TitleBar.cpp:159 in Update] -> [follow mouse ok] : (0, 0)
[2026-09-28 01:20:17.236] [INF] [default] [TitleBar.cpp:159 in Update] -> [follow mouse ok] : (0, 0)
[2026-09-28 01:20:17.243] [INF] [default] [TitleBar.cpp:159 in Update] -> [follow mouse ok] : (0, 0)
[2026-09-28 01:20:17.250] [INF] [default] [TitleBar.cpp:159 in Update] -> [follow mouse ok] : (0, 0)
[2026-09-28 01:20:17.257] [INF] [default] [TitleBar.cpp:159 in Update] -> [follow mouse ok] : (0, 0)
[2026-09-28 01:20:17.264] [INF] [default] [TitleBar.cpp:159 in Update] -> [follow mouse ok] : (0, 0)
[2026-09-28 01:20:17.279] [INF] [default] [TitleBar.cpp:159 in Update] -> [follow mouse ok] : (0, 0)
[2026-09-28 01:20:17.286] [INF] [default] [TitleBar.cpp:159 in Update] -> [follow mouse ok] : (0, 0)
[2026-09-28 01:20:17.299] [INF] [default] [TitleBar.cpp:159 in Update] -> [follow mouse ok] : (0, 0)
[2026-09-28 01:20:17.306] [INF] [default] [TitleBar.cpp:159 in Update] -> [follow mouse ok] : (0, 0)
[2026-09-28 01:20:17.320] [INF] [default] [TitleBar.cpp:159 in Update] -> [follow mouse ok] : (0, 0)
[2026-09-28 01:20:17.327] [INF] [default] [TitleBar.cpp:159 in Update] -> [follow mouse ok] : (0, 0)
[2026-09-28 01:20:17.342] [INF] [default] [TitleBar.cpp:159 in Update] -> [follow mouse ok] : (0, 0)
[2026-09-28 01:20:17.348] [INF] [default] [TitleBar.cpp:159 in Update] -> [follow mouse ok] : (0, 0)
[2026-09-28 01:20:17.355] [INF] [default] [TitleBar.cpp:159 in Update] -> [follow mouse ok] : (0, 0)
[2026-09-28 01:20:17.362] [INF] [default] [TitleBar.cpp:159 in Update] -> [follow mouse ok] : (0, 0)
[2026-09-28 01:20:17.369] [INF] [default] [TitleBar.cpp:159 in Update] -> [follow mouse ok] : (0, 0)
[2026-09-28 01:20:17.376] [INF] [default] [TitleBar.cpp:159 in Update] -> [follow mouse ok] : (0, 0)
[2026-09-28 01:20:17.382] [INF] [default] [TitleBar.cpp:159 in Update] -> [follow mouse ok] : (0, 0)
[2026-09-28 01:20:17.390] [INF] [default] [TitleBar.cpp:159 in Update] -> [follow mouse ok] : (0, 0)
[2026-09-28 01:20:17.397] [INF] [default] [TitleBar.cpp:159 in Update] -> [follow mouse ok] : (0, 0)
[2026-09-28 01:20:17.403] [INF] [default] [TitleBar.cpp:159 in Update] -> [follow mouse ok] : (0, 0)
[2026-09-28 01:20:17.417] [INF] [default] [TitleBar.cpp:159 in Update] -> [follow mouse ok] : (0, 0)
[2026-09-28 01:20:17.424] [INF] [default] [TitleBar.cpp:159 in Update] -> [follow mouse ok] : (0, 0)
[2026-09-28 01:20:17.431] [INF] [default] [TitleBar.cpp:159 in Update] -> [follow mouse ok] : (0, 0)
[2026-09-28 01:20:17.453] [INF] [default] [TitleBar.cpp:159 in Update] -> [follow mouse ok] : (0, 0)
[2026-09-28 01:20:17.460] [INF] [default] [TitleBar.cpp:159 in Update] -> [follow mouse ok] : (0, 0)
[2026-09-28 01:20:17.474] [INF] [default] [TitleBar.cpp:159 in Update] -> [follow mouse ok] : (0, 0)
[2026-09-28 01:20:17.480] [INF] [default] [TitleBar.cpp:159 in Update] -> [follow mouse ok] : (0, 0)
[2026-09-28 01:20:17.501] [INF] [default] [TitleBar.cpp:159 in Update] -> [follow mouse ok] : (0, 0)
[2026-09-28 01:20:17.507] [INF] [default] [TitleBar.cpp:159 in Update] -> [follow mouse ok] : (0, 0)
[2026-09-28 01:20:17.522] [INF] [default] [TitleBar.cpp:159 in Update] -> [follow mouse ok] : (0, 0)
[2026-09-28 01:20:17.536] [INF] [default] [TitleBar.cpp:159 in Update] -> [follow mouse ok] : (0, 0)
[2026-09-28 01:20:17.549] [INF] [default] [TitleBar.cpp:159 in Update] -> [follow mouse ok] : (0, 0)
[2026-09-28 01:20:17.558] [INF] [default] [TitleBar.cpp:159 in Update] -> [follow mouse ok] : (0, 0)
[2026-09-28 01:20:17.571] [INF] [default] [TitleBar.cpp:159 in Update] -> [follow mouse ok] : (0, 0)
[2026-09-28 01:20:17.577] [INF] [default] [TitleBar.cpp:159 in Update] -> [follow mouse ok] : (0, 0)
[2026-09-28 01:20:17.592] [INF] [default] [TitleBar.cpp:159 in Update] -> [follow mouse ok] : (0, 0)
[2026-09-28 01:20:17.598] [INF] [default] [TitleBar.cpp:159 in Update] -> [follow mouse ok] : (0, 0)
[2026-09-28 01:20:17.613] [INF] [default] [TitleBar.cpp:159 in Update] -> [follow mouse ok] : (0, 0)
[2026-09-28 01:20:17.619] [INF] [default] [TitleBar.cpp:159 in Update] -> [follow mouse ok] : (0, 0)
[2026-09-28 01:20:17.634] [INF] [default] [TitleBar.cpp:159 in Update] -> [follow mouse ok] : (0, 0)
[2026-09-28 01:20:17.641] [INF] [default] [TitleBar.cpp:159 in Update] -> [follow mouse ok] : (0, 0)
[2026-09-28 01:20:17.655] [INF] [default] [TitleBar.cpp:159 in Update] -> [follow mouse ok] : (0, 0)
[2026-09-28 01:20:17.661] [INF] [default] [TitleBar.cpp:159 in Update] -> [follow mouse ok] : (0, 0)
[2026-09-28 01:20:17.676] [INF] [default] [TitleBar.cpp:159 in Update] -> [follow mouse ok] : (0, 0)
[2026-09-28 01:20:17.682] [INF] [default] [TitleBar.cpp:159 in Update] -> [follow mouse ok] : (0, 0)
[2026-09-28 01:20:17.697] [INF] [default] [TitleBar.cpp:159 in Update] -> [follow mouse ok] : (0, 0)
[2026-09-28 01:20:17.703] [INF] [default] [TitleBar.cpp:159 in Update] -> [follow mouse ok] : (0, 0)
[2026-09-28 01:20:17.717] [INF] [default] [TitleBar.cpp:159 in Update] -> [follow mouse ok] : (0, 0)
[2026-09-28 01:20:17.724] [INF] [default] [TitleBar.cpp:159 in Update] -> [follow mouse ok] : (0, 0)
[2026-09-28 01:20:17.731] [INF] [default] [TitleBar.cpp:159 in Update] -> [follow mouse ok] : (0, 0)
[2026-09-28 01:20:17.752] [INF] [default] [TitleBar.cpp:159 in Update] -> [follow mouse ok] : (0, 0)
[2026-09-28 01:20:17.759] [INF] [default] [TitleBar.cpp:159 in Update] -> [follow mouse ok] : (0, 0)
[2026-09-28 01:20:17.773] [INF] [default] [TitleBar.cpp:159 in Update] -> [follow mouse ok] : (0, 0)
[2026-09-28 01:20:17.780] [INF] [default] [TitleBar.cpp:159 in Update] -> [follow mouse ok] : (0, 0)
[2026-09-28 01:20:17.787] [INF] [default] [TitleBar.cpp:159 in Update] -> [follow mouse ok] : (0, 0)
[2026-09-28 01:20:17.808] [INF] [default] [TitleBar.cpp:159 in Update] -> [follow mouse ok] : (0, 0)
[2026-09-28 01:20:17.815] [INF] [default] [TitleBar.cpp:159 in Update] -> [follow mouse ok] : (0, 0)
[2026-09-28 01:20:17.836] [INF] [default] [TitleBar.cpp:159 in Update] -> [follow mouse ok] : (0, 0)
[2026-09-28 01:20:17.850] [INF] [default] [TitleBar.cpp:159 in Update] -> [follow mouse ok] : (0, 0)
[2026-09-28 01:20:17.864] [INF] [default] [TitleBar.cpp:159 in Update] -> [follow mouse ok] : (0, 0)
[2026-09-28 01:20:17.871] [INF] [default] [TitleBar.cpp:159 in Update] -> [follow mouse ok] : (0, 0)
[2026-09-28 01:20:17.884] [INF] [default] [TitleBar.cpp:159 in Update] -> [follow mouse ok] : (0, 0)
[2026-09-28 01:20:17.898] [INF] [default] [TitleBar.cpp:159 in Update] -> [follow mouse ok] : (0, 0)
[2026-09-28 01:20:17.906] [INF] [default] [TitleBar.cpp:159 in Update] -> [follow mouse ok] : (0, 0)
[2026-09-28 01:20:17.920] [INF] [default] [TitleBar.cpp:159 in Update] -> [follow mouse ok] : (0, 0)
[2026-09-28 01:20:17.927] [INF] [default] [TitleBar.cpp:159 in Update] -> [follow mouse ok] : (0, 0)
[2026-09-28 01:20:17.947] [INF] [default] [TitleBar.cpp:159 in Update] -> [follow mouse ok] : (0, 0)
[2026-09-28 01:20:17.954] [INF] [default] [TitleBar.cpp:159 in Update] -> [follow mouse ok] : (0, 0)
[2026-09-28 01:20:17.961] [INF] [default] [TitleBar.cpp:159 in Update] -> [follow mouse ok] : (0, 0)
[2026-09-28 01:20:17.975] [INF] [default] [TitleBar.cpp:159 in Update] -> [follow mouse ok] : (0, 0)
[2026-09-28 01:20:17.989] [INF] [default] [TitleBar.cpp:159 in Update] -> [follow mouse ok] : (0, 0)
[2026-09-28 01:20:17.996] [INF] [default] [TitleBar.cpp:159 in Update] -> [follow mouse ok] : (0, 0)
[2026-09-28 01:20:18.003] [INF] [default] [TitleBar.cpp:159 in Update] -> [follow mouse ok] : (0, 0)
[2026-09-28 01:20:18.010] [INF] [default] [TitleBar.cpp:159 in Update] -> [follow mouse ok] : (0, 0)
[2026-09-28 01:20:18.024] [INF] [default] [TitleBar.cpp:159 in Update] -> [follow mouse ok] : (0, 0)
[2026-09-28 01:20:18.030] [INF] [default] [TitleBar.cpp:159 in Update] -> [follow mouse ok] : (0, 0)
[2026-09-28 01:20:18.038] [INF] [default] [TitleBar.cpp:159 in Update] -> [follow mouse ok] : (0, 0)
[2026-09-28 01:20:18.059] [INF] [default] [TitleBar.cpp:159 in Update] -> [follow mouse ok] : (0, 0)
[2026-09-28 01:20:18.066] [INF] [default] [TitleBar.cpp:159 in Update] -> [follow mouse ok] : (0, 0)
[2026-09-28 01:20:18.080] [INF] [default] [TitleBar.cpp:159 in Update] -> [follow mouse ok] : (0, 0)
[2026-09-28 01:20:18.087] [INF] [default] [TitleBar.cpp:159 in Update] -> [follow mouse ok] : (0, 0)
[2026-09-28 01:20:18.100] [INF] [default] [TitleBar.cpp:159 in Update] -> [follow mouse ok] : (0, 0)
[2026-09-28 01:20:18.107] [INF] [default] [TitleBar.cpp:159 in Update] -> [follow mouse ok] : (0, 0)
[2026-09-28 01:20:18.121] [INF] [default] [TitleBar.cpp:159 in Update] -> [follow mouse ok] : (0, 0)
[2026-09-28 01:20:18.129] [INF] [default] [TitleBar.cpp:159 in Update] -> [follow mouse ok] : (0, 0)
[2026-09-28 01:20:18.135] [INF] [default] [TitleBar.cpp:159 in Update] -> [follow mouse ok] : (0, 0)
[2026-09-28 01:20:18.142] [INF] [default] [TitleBar.cpp:159 in Update] -> [follow mouse ok] : (0, 0)
[2026-09-28 01:20:18.150] [INF] [default] [TitleBar.cpp:159 in Update] -> [follow mouse ok] : (0, 0)
[2026-09-28 01:20:18.157] [INF] [default] [TitleBar.cpp:159 in Update] -> [follow mouse ok] : (0, 0)
[2026-09-28 01:20:18.163] [INF] [default] [TitleBar.cpp:159 in Update] -> [follow mouse ok] : (0, 0)
[2026-09-28 01:20:18.171] [INF] [default] [TitleBar.cpp:159 in Update] -> [follow mouse ok] : (0, 0)
[2026-09-28 01:20:18.177] [INF] [default] [TitleBar.cpp:159 in Update] -> [follow mouse ok] : (0, 0)
[2026-09-28 01:20:18.184] [INF] [default] [TitleBar.cpp:159 in Update] -> [follow mouse ok] : (0, 0)
[2026-09-28 01:20:18.192] [INF] [default] [TitleBar.cpp:159 in Update] -> [follow mouse ok] : (0, 0)
[2026-09-28 01:20:18.198] [INF] [default] [TitleBar.cpp:159 in Update] -> [follow mouse ok] : (0, 0)
[2026-09-28 01:20:18.206] [INF] [default] [TitleBar.cpp:159 in Update] -> [follow mouse ok] : (0, 0)
[2026-09-28 01:20:18.212] [INF] [default] [TitleBar.cpp:159 in Update] -> [follow mouse ok] : (0, 0)
[2026-09-28 01:20:18.219] [INF] [default] [TitleBar.cpp:159 in Update] -> [follow mouse ok] : (0, 0)
[2026-09-28 01:20:18.226] [INF] [default] [TitleBar.cpp:159 in Update] -> [follow mouse ok] : (0, 0)
[2026-09-28 01:20:18.233] [INF] [default] [TitleBar.cpp:159 in Update] -> [follow mouse ok] : (0, 0)
[2026-09-28 01:20:18.240] [INF] [default] [TitleBar.cpp:159 in Update] -> [follow mouse ok] : (0, 0)
[2026-09-28 01:20:18.247] [INF] [default] [TitleBar.cpp:159 in Update] -> [follow mouse ok] : (0, 0)
[2026-09-28 01:20:18.254] [INF] [default] [TitleBar.cpp:159 in Update] -> [follow mouse ok] : (0, 0)
[2026-09-28 01:20:18.260] [INF] [default] [TitleBar.cpp:159 in Update] -> [follow mouse ok] : (0, 0)
[2026-09-28 01:20:18.267] [INF] [default] [TitleBar.cpp:159 in Update] -> [follow mouse ok] : (0, 0)
[2026-09-28 01:20:18.275] [INF] [default] [TitleBar.cpp:159 in Update] -> [follow mouse ok] : (0, 0)
[2026-09-28 01:20:18.282] [INF] [default] [TitleBar.cpp:159 in Update] -> [follow mouse ok] : (0, 0)
[2026-09-28 01:20:18.296] [INF] [default] [TitleBar.cpp:159 in Update] -> [follow mouse ok] : (0, 0)
[2026-09-28 01:20:18.317] [INF] [default] [TitleBar.cpp:159 in Update] -> [follow mouse ok] : (0, 0)
[2026-09-28 01:20:18.490] [INF] [default] [TitleBar.cpp:159 in Update] -> [follow mouse ok] : (0, 0)
[2026-09-28 01:20:18.512] [INF] [default] [TitleBar.cpp:159 in Update] -> [follow mouse ok] : (0, 0)
[2026-09-28 01:20:18.553] [INF] [default] [TitleBar.cpp:159 in Update] -> [follow mouse ok] : (0, 0)
[2026-09-28 01:20:18.568] [INF] [default] [TitleBar.cpp:159 in Update] -> [follow mouse ok] : (0, 0)
[2026-09-28 01:20:18.574] [INF] [default] [TitleBar.cpp:159 in Update] -> [follow mouse ok] : (0, 0)
[2026-09-28 01:20:18.602] [INF] [default] [TitleBar.cpp:159 in Update] -> [follow mouse ok] : (0, 0)
[2026-09-28 01:20:18.609] [INF] [default] [TitleBar.cpp:159 in Update] -> [follow mouse ok] : (0, 0)
[2026-09-28 01:20:18.672] [INF] [default] [TitleBar.cpp:159 in Update] -> [follow mouse ok] : (0, 0)
[2026-09-28 01:20:19.125] [INF] [default] [TitleBar.cpp:159 in Update] -> [follow mouse ok] : (0, 0)
[2026-09-28 01:20:19.132] [INF] [default] [TitleBar.cpp:159 in Update] -> [follow mouse ok] : (0, 0)
[2026-09-28 01:20:19.139] [INF] [default] [TitleBar.cpp:159 in Update] -> [follow mouse ok] : (0, 0)
[2026-09-28 01:20:19.145] [INF] [default] [TitleBar.cpp:159 in Update] -> [follow mouse ok] : (0, 0)
[2026-09-28 01:20:19.153] [INF] [default] [TitleBar.cpp:159 in Update] -> [follow mouse ok] : (0, 0)
[2026-09-28 01:20:19.160] [INF] [default] [TitleBar.cpp:159 in Update] -> [follow mouse ok] : (0, 0)
[2026-09-28 01:20:19.167] [INF] [default] [TitleBar.cpp:159 in Update] -> [follow mouse ok] : (0, 0)
[2026-09-28 01:20:19.174] [INF] [default] [TitleBar.cpp:159 in Update] -> [follow mouse ok] : (0, 0)
[2026-09-28 01:20:19.181] [INF] [default] [TitleBar.cpp:159 in Update] -> [follow mouse ok] : (0, 0)
[2026-09-28 01:20:19.187] [INF] [default] [TitleBar.cpp:159 in Update] -> [follow mouse ok] : (0, 0)
[2026-09-28 01:20:19.195] [INF] [default] [TitleBar.cpp:159 in Update] -> [follow mouse ok] : (0, 0)
[2026-09-28 01:20:19.202] [INF] [default] [TitleBar.cpp:159 in Update] -> [follow mouse ok] : (0, 0)
[2026-09-28 01:20:19.209] [INF] [default] [TitleBar.cpp:159 in Update] -> [follow mouse ok] : (0, 0)
[2026-09-28 01:20:19.217] [INF] [default] [TitleBar.cpp:159 in Update] -> [follow mouse ok] : (0, 0)
[2026-09-28 01:20:19.222] [INF] [default] [TitleBar.cpp:159 in Update] -> [follow mouse ok] : (0, 0)
[2026-09-28 01:20:19.230] [INF] [default] [TitleBar.cpp:159 in Update] -> [follow mouse ok] : (0, 0)
[2026-09-28 01:20:19.237] [INF] [default] [TitleBar.cpp:159 in Update] -> [follow mouse ok] : (0, 0)
[2026-09-28 01:20:19.243] [INF] [default] [TitleBar.cpp:159 in Update] -> [follow mouse ok] : (0, 0)
[2026-09-28 01:20:19.251] [INF] [default] [TitleBar.cpp:159 in Update] -> [follow mouse ok] : (0, 0)
[2026-09-28 01:20:19.257] [INF] [default] [TitleBar.cpp:159 in Update] -> [follow mouse ok] : (0, 0)
[2026-09-28 01:20:19.264] [INF] [default] [TitleBar.cpp:159 in Update] -> [follow mouse ok] : (0, 0)
[2026-09-28 01:20:19.272] [INF] [default] [TitleBar.cpp:159 in Update] -> [follow mouse ok] : (0, 0)
[2026-09-28 01:20:19.279] [INF] [default] [TitleBar.cpp:159 in Update] -> [follow mouse ok] : (0, 0)
[2026-09-28 01:20:19.286] [INF] [default] [TitleBar.cpp:159 in Update] -> [follow mouse ok] : (0, 0)
[2026-09-28 01:20:19.292] [INF] [default] [TitleBar.cpp:159 in Update] -> [follow mouse ok] : (0, 0)
[2026-09-28 01:20:19.300] [INF] [default] [TitleBar.cpp:159 in Update] -> [follow mouse ok] : (0, 0)
[2026-09-28 01:20:19.307] [INF] [default] [TitleBar.cpp:159 in Update] -> [follow mouse ok] : (0, 0)
[2026-09-28 01:20:19.314] [INF] [default] [TitleBar.cpp:159 in Update] -> [follow mouse ok] : (0, 0)
[2026-09-28 01:20:19.321] [INF] [default] [TitleBar.cpp:159 in Update] -> [follow mouse ok] : (0, 0)
[2026-09-28 01:20:19.328] [INF] [default] [TitleBar.cpp:159 in Update] -> [follow mouse ok] : (0, 0)
[2026-09-28 01:20:19.334] [INF] [default] [TitleBar.cpp:159 in Update] -> [follow mouse ok] : (0, 0)
[2026-09-28 01:20:19.341] [INF] [default] [TitleBar.cpp:159 in Update] -> [follow mouse ok] : (0, 0)
[2026-09-28 01:20:19.349] [INF] [default] [TitleBar.cpp:159 in Update] -> [follow mouse ok] : (0, 0)
[2026-09-28 01:20:19.355] [INF] [default] [TitleBar.cpp:159 in Update] -> [follow mouse ok] : (0, 0)
[2026-09-28 01:20:19.361] [INF] [default] [TitleBar.cpp:159 in Update] -> [follow mouse ok] : (0, 0)
[2026-09-28 01:20:19.368] [INF] [default] [TitleBar.cpp:159 in Update] -> [follow mouse ok] : (0, 0)
[2026-09-28 01:20:19.376] [INF] [default] [TitleBar.cpp:159 in Update] -> [follow mouse ok] : (0, 0)
[2026-09-28 01:20:19.383] [INF] [default] [TitleBar.cpp:159 in Update] -> [follow mouse ok] : (0, 0)
[2026-09-28 01:20:19.391] [INF] [default] [TitleBar.cpp:159 in Update] -> [follow mouse ok] : (0, 0)
[2026-09-28 01:20:19.397] [INF] [default] [TitleBar.cpp:159 in Update] -> [follow mouse ok] : (0, 0)
[2026-09-28 01:20:19.404] [INF] [default] [TitleBar.cpp:159 in Update] -> [follow mouse ok] : (0, 0)
[2026-09-28 01:20:19.411] [INF] [default] [TitleBar.cpp:159 in Update] -> [follow mouse ok] : (0, 0)
[2026-09-28 01:20:19.418] [INF] [default] [TitleBar.cpp:159 in Update] -> [follow mouse ok] : (0, 0)
[2026-09-28 01:20:19.425] [INF] [default] [TitleBar.cpp:159 in Update] -> [follow mouse ok] : (0, 0)
[2026-09-28 01:20:19.432] [INF] [default] [TitleBar.cpp:159 in Update] -> [follow mouse ok] : (0, 0)
[2026-09-28 01:20:19.439] [INF] [default] [TitleBar.cpp:159 in Update] -> [follow mouse ok] : (0, 0)
[2026-09-28 01:20:19.445] [INF] [default] [TitleBar.cpp:159 in Update] -> [follow mouse ok] : (0, 0)
[2026-09-28 01:20:19.453] [INF] [default] [TitleBar.cpp:159 in Update] -> [follow mouse ok] : (0, 0)
[2026-09-28 01:20:19.459] [INF] [default] [TitleBar.cpp:159 in Update] -> [follow mouse ok] : (0, 0)
[2026-09-28 01:20:19.467] [INF] [default] [TitleBar.cpp:159 in Update] -> [follow mouse ok] : (0, 0)
[2026-09-28 01:20:19.474] [INF] [default] [TitleBar.cpp:159 in Update] -> [follow mouse ok] : (0, 0)
[2026-09-28 01:20:19.481] [INF] [default] [TitleBar.cpp:159 in Update] -> [follow mouse ok] : (0, 0)
[2026-09-28 01:20:19.487] [INF] [default] [TitleBar.cpp:159 in Update] -> [follow mouse ok] : (0, 0)
[2026-09-28 01:20:19.495] [INF] [default] [TitleBar.cpp:159 in Update] -> [follow mouse ok] : (0, 0)
[2026-09-28 01:20:19.501] [INF] [default] [TitleBar.cpp:159 in Update] -> [follow mouse ok] : (0, 0)
[2026-09-28 01:20:19.508] [INF] [default] [TitleBar.cpp:159 in Update] -> [follow mouse ok] : (0, 0)
[2026-09-28 01:20:19.516] [INF] [default] [TitleBar.cpp:159 in Update] -> [follow mouse ok] : (0, 0)
[2026-09-28 01:20:19.522] [INF] [default] [TitleBar.cpp:159 in Update] -> [follow mouse ok] : (0, 0)
[2026-09-28 01:20:19.529] [INF] [default] [TitleBar.cpp:159 in Update] -> [follow mouse ok] : (0, 0)
[2026-09-28 01:20:19.536] [INF] [default] [TitleBar.cpp:159 in Update] -> [follow mouse ok] : (0, 0)
[2026-09-28 01:20:19.544] [INF] [default] [TitleBar.cpp:159 in Update] -> [follow mouse ok] : (0, 0)
[2026-09-28 01:20:19.551] [INF] [default] [TitleBar.cpp:159 in Update] -> [follow mouse ok] : (0, 0)
[2026-09-28 01:20:19.558] [INF] [default] [TitleBar.cpp:159 in Update] -> [follow mouse ok] : (0, 0)
[2026-09-28 01:20:19.564] [INF] [default] [TitleBar.cpp:159 in Update] -> [follow mouse ok] : (0, 0)
[2026-09-28 01:20:19.571] [INF] [default] [TitleBar.cpp:159 in Update] -> [follow mouse ok] : (0, 0)
[2026-09-28 01:20:19.579] [INF] [default] [TitleBar.cpp:159 in Update] -> [follow mouse ok] : (0, 0)
[2026-09-28 01:20:19.585] [INF] [default] [TitleBar.cpp:159 in Update] -> [follow mouse ok] : (0, 0)
[2026-09-28 01:20:19.593] [INF] [default] [TitleBar.cpp:159 in Update] -> [follow mouse ok] : (0, 0)
[2026-09-28 01:20:19.599] [INF] [default] [TitleBar.cpp:159 in Update] -> [follow mouse ok] : (0, 0)
[2026-09-28 01:20:19.606] [INF] [default] [TitleBar.cpp:159 in Update] -> [follow mouse ok] : (0, 0)
[2026-09-28 01:20:19.613] [INF] [default] [TitleBar.cpp:159 in Update] -> [follow mouse ok] : (0, 0)
[2026-09-28 01:20:19.620] [INF] [default] [TitleBar.cpp:159 in Update] -> [follow mouse ok] : (0, 0)
[2026-09-28 01:20:19.627] [INF] [default] [TitleBar.cpp:159 in Update] -> [follow mouse ok] : (0, 0)
[2026-09-28 01:20:19.634] [INF] [default] [TitleBar.cpp:159 in Update] -> [follow mouse ok] : (0, 0)
[2026-09-28 01:20:19.641] [INF] [default] [TitleBar.cpp:159 in Update] -> [follow mouse ok] : (0, 0)
[2026-09-28 01:20:19.654] [INF] [default] [TitleBar.cpp:159 in Update] -> [follow mouse ok] : (0, 0)
[2026-09-28 01:20:19.662] [INF] [default] [TitleBar.cpp:159 in Update] -> [follow mouse ok] : (0, 0)
[2026-09-28 01:20:19.668] [INF] [default] [TitleBar.cpp:159 in Update] -> [follow mouse ok] : (0, 0)
[2026-09-28 01:20:19.675] [INF] [default] [TitleBar.cpp:159 in Update] -> [follow mouse ok] : (0, 0)
[2026-09-28 01:20:19.689] [INF] [default] [TitleBar.cpp:159 in Update] -> [follow mouse ok] : (0, 0)
[2026-09-28 01:20:19.696] [INF] [default] [TitleBar.cpp:159 in Update] -> [follow mouse ok] : (0, 0)
[2026-09-28 01:20:19.704] [INF] [default] [TitleBar.cpp:159 in Update] -> [follow mouse ok] : (0, 0)
[2026-09-28 01:20:19.710] [INF] [default] [TitleBar.cpp:159 in Update] -> [follow mouse ok] : (0, 0)
[2026-09-28 01:20:19.725] [INF] [default] [TitleBar.cpp:159 in Update] -> [follow mouse ok] : (0, 0)
[2026-09-28 01:20:19.732] [INF] [default] [TitleBar.cpp:159 in Update] -> [follow mouse ok] : (0, 0)
[2026-09-28 01:20:19.738] [INF] [default] [TitleBar.cpp:159 in Update] -> [follow mouse ok] : (0, 0)
[2026-09-28 01:20:19.745] [INF] [default] [TitleBar.cpp:159 in Update] -> [follow mouse ok] : (0, 0)
[2026-09-28 01:20:19.753] [INF] [default] [TitleBar.cpp:159 in Update] -> [follow mouse ok] : (0, 0)
[2026-09-28 01:20:19.759] [INF] [default] [TitleBar.cpp:159 in Update] -> [follow mouse ok] : (0, 0)
[2026-09-28 01:20:19.766] [INF] [default] [TitleBar.cpp:159 in Update] -> [follow mouse ok] : (0, 0)
[2026-09-28 01:20:19.773] [INF] [default] [TitleBar.cpp:159 in Update] -> [follow mouse ok] : (0, 0)
[2026-09-28 01:20:19.781] [INF] [default] [TitleBar.cpp:159 in Update] -> [follow mouse ok] : (0, 0)
[2026-09-28 01:20:19.788] [INF] [default] [TitleBar.cpp:159 in Update] -> [follow mouse ok] : (0, 0)
[2026-09-28 01:20:19.794] [INF] [default] [TitleBar.cpp:159 in Update] -> [follow mouse ok] : (0, 0)
[2026-09-28 01:20:19.802] [INF] [default] [TitleBar.cpp:159 in Update] -> [follow mouse ok] : (0, 0)
[2026-09-28 01:20:19.808] [INF] [default] [TitleBar.cpp:159 in Update] -> [follow mouse ok] : (0, 0)
[2026-09-28 01:20:19.816] [INF] [default] [TitleBar.cpp:159 in Update] -> [follow mouse ok] : (0, 0)
[2026-09-28 01:20:19.822] [INF] [default] [TitleBar.cpp:159 in Update] -> [follow mouse ok] : (0, 0)
[2026-09-28 01:20:19.829] [INF] [default] [TitleBar.cpp:159 in Update] -> [follow mouse ok] : (0, 0)
[2026-09-28 01:20:19.835] [INF] [default] [TitleBar.cpp:159 in Update] -> [follow mouse ok] : (0, 0)
[2026-09-28 01:20:19.843] [INF] [default] [TitleBar.cpp:159 in Update] -> [follow mouse ok] : (0, 0)
[2026-09-28 01:20:19.850] [INF] [default] [TitleBar.cpp:159 in Update] -> [follow mouse ok] : (0, 0)
[2026-09-28 01:20:19.857] [INF] [default] [TitleBar.cpp:159 in Update] -> [follow mouse ok] : (0, 0)
[2026-09-28 01:20:19.864] [INF] [default] [TitleBar.cpp:159 in Update] -> [follow mouse ok] : (0, 0)
[2026-09-28 01:20:19.871] [INF] [default] [TitleBar.cpp:159 in Update] -> [follow mouse ok] : (0, 0)
[2026-09-28 01:20:19.878] [INF] [default] [TitleBar.cpp:159 in Update] -> [follow mouse ok] : (0, 0)
[2026-09-28 01:20:19.884] [INF] [default] [TitleBar.cpp:159 in Update] -> [follow mouse ok] : (0, 0)
[2026-09-28 01:20:19.892] [INF] [default] [TitleBar.cpp:159 in Update] -> [follow mouse ok] : (0, 0)
[2026-09-28 01:20:19.899] [INF] [default] [TitleBar.cpp:159 in Update] -> [follow mouse ok] : (0, 0)
[2026-09-28 01:20:19.906] [INF] [default] [TitleBar.cpp:159 in Update] -> [follow mouse ok] : (0, 0)
[2026-09-28 01:20:19.912] [INF] [default] [TitleBar.cpp:159 in Update] -> [follow mouse ok] : (0, 0)
[2026-09-28 01:20:19.920] [INF] [default] [TitleBar.cpp:159 in Update] -> [follow mouse ok] : (0, 0)
[2026-09-28 01:20:19.927] [INF] [default] [TitleBar.cpp:159 in Update] -> [follow mouse ok] : (0, 0)
[2026-09-28 01:20:19.941] [INF] [default] [TitleBar.cpp:159 in Update] -> [follow mouse ok] : (0, 0)
[2026-09-28 01:20:19.947] [INF] [default] [TitleBar.cpp:159 in Update] -> [follow mouse ok] : (0, 0)
[2026-09-28 01:20:19.961] [INF] [default] [TitleBar.cpp:159 in Update] -> [follow mouse ok] : (0, 0)
[2026-09-28 01:20:19.970] [INF] [default] [TitleBar.cpp:159 in Update] -> [follow mouse ok] : (0, 0)
[2026-09-28 01:20:19.982] [INF] [default] [TitleBar.cpp:159 in Update] -> [follow mouse ok] : (0, 0)
[2026-09-28 01:20:19.990] [INF] [default] [TitleBar.cpp:159 in Update] -> [follow mouse ok] : (0, 0)
[2026-09-28 01:20:19.996] [INF] [default] [TitleBar.cpp:159 in Update] -> [follow mouse ok] : (0, 0)
[2026-09-28 01:20:20.011] [INF] [default] [TitleBar.cpp:159 in Update] -> [follow mouse ok] : (0, 0)
[2026-09-28 01:20:20.018] [INF] [default] [TitleBar.cpp:159 in Update] -> [follow mouse ok] : (0, 0)
[2026-09-28 01:20:20.024] [INF] [default] [TitleBar.cpp:159 in Update] -> [follow mouse ok] : (0, 0)
[2026-09-28 01:20:20.031] [INF] [default] [TitleBar.cpp:159 in Update] -> [follow mouse ok] : (0, 0)
[2026-09-28 01:20:20.045] [INF] [default] [TitleBar.cpp:159 in Update] -> [follow mouse ok] : (0, 0)
[2026-09-28 01:20:20.052] [INF] [default] [TitleBar.cpp:159 in Update] -> [follow mouse ok] : (0, 0)
[2026-09-28 01:20:20.059] [INF] [default] [TitleBar.cpp:159 in Update] -> [follow mouse ok] : (0, 0)
[2026-09-28 01:20:20.066] [INF] [default] [TitleBar.cpp:159 in Update] -> [follow mouse ok] : (0, 0)
[2026-09-28 01:20:20.073] [INF] [default] [TitleBar.cpp:159 in Update] -> [follow mouse ok] : (0, 0)
[2026-09-28 01:20:20.079] [INF] [default] [TitleBar.cpp:159 in Update] -> [follow mouse ok] : (0, 0)
[2026-09-28 01:20:20.086] [INF] [default] [TitleBar.cpp:159 in Update] -> [follow mouse ok] : (0, 0)
[2026-09-28 01:20:20.094] [INF] [default] [TitleBar.cpp:159 in Update] -> [follow mouse ok] : (0, 0)
[2026-09-28 01:20:20.100] [INF] [default] [TitleBar.cpp:159 in Update] -> [follow mouse ok] : (0, 0)
[2026-09-28 01:20:20.107] [INF] [default] [TitleBar.cpp:159 in Update] -> [follow mouse ok] : (0, 0)
[2026-09-28 01:20:20.115] [INF] [default] [TitleBar.cpp:159 in Update] -> [follow mouse ok] : (0, 0)
[2026-09-28 01:20:20.122] [INF] [default] [TitleBar.cpp:159 in Update] -> [follow mouse ok] : (0, 0)
[2026-09-28 01:20:20.129] [INF] [default] [TitleBar.cpp:159 in Update] -> [follow mouse ok] : (0, 0)
[2026-09-28 01:20:20.136] [INF] [default] [TitleBar.cpp:159 in Update] -> [follow mouse ok] : (0, 0)
[2026-09-28 01:20:20.143] [INF] [default] [TitleBar.cpp:159 in Update] -> [follow mouse ok] : (0, 0)
[2026-09-28 01:20:20.151] [INF] [default] [TitleBar.cpp:159 in Update] -> [follow mouse ok] : (0, 0)
[2026-09-28 01:20:20.157] [INF] [default] [TitleBar.cpp:159 in Update] -> [follow mouse ok] : (0, 0)
[2026-09-28 01:20:20.163] [INF] [default] [TitleBar.cpp:159 in Update] -> [follow mouse ok] : (0, 0)
[2026-09-28 01:20:20.171] [INF] [default] [TitleBar.cpp:159 in Update] -> [follow mouse ok] : (0, 0)
[2026-09-28 01:20:20.178] [INF] [default] [TitleBar.cpp:159 in Update] -> [follow mouse ok] : (0, 0)
[2026-09-28 01:20:20.184] [INF] [default] [TitleBar.cpp:159 in Update] -> [follow mouse ok] : (0, 0)
[2026-09-28 01:20:20.192] [INF] [default] [TitleBar.cpp:159 in Update] -> [follow mouse ok] : (0, 0)
[2026-09-28 01:20:20.199] [INF] [default] [TitleBar.cpp:159 in Update] -> [follow mouse ok] : (0, 0)
[2026-09-28 01:20:20.205] [INF] [default] [TitleBar.cpp:159 in Update] -> [follow mouse ok] : (0, 0)
[2026-09-28 01:20:20.213] [INF] [default] [TitleBar.cpp:159 in Update] -> [follow mouse ok] : (0, 0)
[2026-09-28 01:20:20.219] [INF] [default] [TitleBar.cpp:159 in Update] -> [follow mouse ok] : (0, 0)
[2026-09-28 01:20:20.226] [INF] [default] [TitleBar.cpp:159 in Update] -> [follow mouse ok] : (0, 0)
[2026-09-28 01:20:20.234] [INF] [default] [TitleBar.cpp:159 in Update] -> [follow mouse ok] : (0, 0)
[2026-09-28 01:20:20.240] [INF] [default] [TitleBar.cpp:159 in Update] -> [follow mouse ok] : (0, 0)
[2026-09-28 01:20:20.248] [INF] [default] [TitleBar.cpp:159 in Update] -> [follow mouse ok] : (0, 0)
[2026-09-28 01:20:20.254] [INF] [default] [TitleBar.cpp:159 in Update] -> [follow mouse ok] : (0, 0)
[2026-09-28 01:20:20.262] [INF] [default] [TitleBar.cpp:159 in Update] -> [follow mouse ok] : (0, 0)
[2026-09-28 01:20:20.269] [INF] [default] [TitleBar.cpp:159 in Update] -> [follow mouse ok] : (0, 0)
[2026-09-28 01:20:20.275] [INF] [default] [TitleBar.cpp:159 in Update] -> [follow mouse ok] : (0, 0)
[2026-09-28 01:20:20.283] [INF] [default] [TitleBar.cpp:159 in Update] -> [follow mouse ok] : (0, 0)
[2026-09-28 01:20:20.289] [INF] [default] [TitleBar.cpp:159 in Update] -> [follow mouse ok] : (0, 0)
[2026-09-28 01:20:20.295] [INF] [default] [TitleBar.cpp:159 in Update] -> [follow mouse ok] : (0, 0)
[2026-09-28 01:20:20.303] [INF] [default] [TitleBar.cpp:159 in Update] -> [follow mouse ok] : (0, 0)
[2026-09-28 01:20:20.310] [INF] [default] [TitleBar.cpp:159 in Update] -> [follow mouse ok] : (0, 0)
[2026-09-28 01:20:20.318] [INF] [default] [TitleBar.cpp:159 in Update] -> [follow mouse ok] : (0, 0)
[2026-09-28 01:20:20.332] [INF] [default] [TitleBar.cpp:159 in Update] -> [follow mouse ok] : (0, 0)
[2026-09-28 01:20:20.344] [INF] [default] [TitleBar.cpp:159 in Update] -> [follow mouse ok] : (0, 0)
[2026-09-28 01:20:20.352] [INF] [default] [TitleBar.cpp:159 in Update] -> [follow mouse ok] : (0, 0)
[2026-09-28 01:20:20.366] [INF] [default] [TitleBar.cpp:159 in Update] -> [follow mouse ok] : (0, 0)
[2026-09-28 01:20:20.372] [INF] [default] [TitleBar.cpp:159 in Update] -> [follow mouse ok] : (0, 0)
[2026-09-28 01:20:20.380] [INF] [default] [TitleBar.cpp:159 in Update] -> [follow mouse ok] : (0, 0)
[2026-09-28 01:20:20.387] [INF] [default] [TitleBar.cpp:159 in Update] -> [follow mouse ok] : (0, 0)
[2026-09-28 01:20:20.393] [INF] [default] [TitleBar.cpp:159 in Update] -> [follow mouse ok] : (0, 0)
[2026-09-28 01:20:20.401] [INF] [default] [TitleBar.cpp:159 in Update] -> [follow mouse ok] : (0, 0)
[2026-09-28 01:20:20.407] [INF] [default] [TitleBar.cpp:159 in Update] -> [follow mouse ok] : (0, 0)
[2026-09-28 01:20:20.422] [INF] [default] [TitleBar.cpp:159 in Update] -> [follow mouse ok] : (0, 0)
[2026-09-28 01:20:20.429] [INF] [default] [TitleBar.cpp:159 in Update] -> [follow mouse ok] : (0, 0)
[2026-09-28 01:20:20.442] [INF] [default] [TitleBar.cpp:159 in Update] -> [follow mouse ok] : (0, 0)
[2026-09-28 01:20:20.449] [INF] [default] [TitleBar.cpp:159 in Update] -> [follow mouse ok] : (0, 0)
[2026-09-28 01:20:20.470] [INF] [default] [TitleBar.cpp:159 in Update] -> [follow mouse ok] : (0, 0)
[2026-09-28 01:20:20.484] [INF] [default] [TitleBar.cpp:159 in Update] -> [follow mouse ok] : (0, 0)
[2026-09-28 01:20:20.491] [INF] [default] [TitleBar.cpp:159 in Update] -> [follow mouse ok] : (0, 0)
[2026-09-28 01:20:20.499] [INF] [default] [TitleBar.cpp:159 in Update] -> [follow mouse ok] : (0, 0)
[2026-09-28 01:20:20.505] [INF] [default] [TitleBar.cpp:159 in Update] -> [follow mouse ok] : (0, 0)
[2026-09-28 01:20:20.519] [INF] [default] [TitleBar.cpp:159 in Update] -> [follow mouse ok] : (0, 0)
[2026-09-28 01:20:20.533] [INF] [default] [TitleBar.cpp:159 in Update] -> [follow mouse ok] : (0, 0)
[2026-09-28 01:20:20.547] [INF] [default] [TitleBar.cpp:159 in Update] -> [follow mouse ok] : (0, 0)
[2026-09-28 01:20:20.554] [INF] [default] [TitleBar.cpp:159 in Update] -> [follow mouse ok] : (0, 0)
[2026-09-28 01:20:20.561] [INF] [default] [TitleBar.cpp:159 in Update] -> [follow mouse ok] : (0, 0)
[2026-09-28 01:20:20.575] [INF] [default] [TitleBar.cpp:159 in Update] -> [follow mouse ok] : (0, 0)
[2026-09-28 01:20:20.589] [INF] [default] [TitleBar.cpp:159 in Update] -> [follow mouse ok] : (0, 0)
[2026-09-28 01:20:20.609] [INF] [default] [TitleBar.cpp:159 in Update] -> [follow mouse ok] : (0, 0)
[2026-09-28 01:20:20.616] [INF] [default] [TitleBar.cpp:159 in Update] -> [follow mouse ok] : (0, 0)
[2026-09-28 01:20:20.624] [INF] [default] [TitleBar.cpp:159 in Update] -> [follow mouse ok] : (0, 0)
[2026-09-28 01:20:20.637] [INF] [default] [TitleBar.cpp:159 in Update] -> [follow mouse ok] : (0, 0)
[2026-09-28 01:20:20.644] [INF] [default] [TitleBar.cpp:159 in Update] -> [follow mouse ok] : (0, 0)
[2026-09-28 01:20:20.659] [INF] [default] [TitleBar.cpp:159 in Update] -> [follow mouse ok] : (0, 0)
[2026-09-28 01:20:20.666] [INF] [default] [TitleBar.cpp:159 in Update] -> [follow mouse ok] : (0, 0)
[2026-09-28 01:20:20.672] [INF] [default] [TitleBar.cpp:159 in Update] -> [follow mouse ok] : (0, 0)
[2026-09-28 01:20:20.686] [INF] [default] [TitleBar.cpp:159 in Update] -> [follow mouse ok] : (0, 0)
[2026-09-28 01:20:20.693] [INF] [default] [TitleBar.cpp:159 in Update] -> [follow mouse ok] : (0, 0)
[2026-09-28 01:20:20.707] [INF] [default] [TitleBar.cpp:159 in Update] -> [follow mouse ok] : (0, 0)
[2026-09-28 01:20:20.715] [INF] [default] [TitleBar.cpp:159 in Update] -> [follow mouse ok] : (0, 0)
[2026-09-28 01:20:20.727] [INF] [default] [TitleBar.cpp:159 in Update] -> [follow mouse ok] : (0, 0)
[2026-09-28 01:20:20.736] [INF] [default] [TitleBar.cpp:159 in Update] -> [follow mouse ok] : (0, 0)
[2026-09-28 01:20:20.750] [INF] [default] [TitleBar.cpp:159 in Update] -> [follow mouse ok] : (0, 0)
[2026-09-28 01:20:20.756] [INF] [default] [TitleBar.cpp:159 in Update] -> [follow mouse ok] : (0, 0)
[2026-09-28 01:20:20.770] [INF] [default] [TitleBar.cpp:159 in Update] -> [follow mouse ok] : (0, 0)
[2026-09-28 01:20:20.777] [INF] [default] [TitleBar.cpp:159 in Update] -> [follow mouse ok] : (0, 0)
[2026-09-28 01:20:20.784] [INF] [default] [TitleBar.cpp:159 in Update] -> [follow mouse ok] : (0, 0)
[2026-09-28 01:20:20.791] [INF] [default] [TitleBar.cpp:159 in Update] -> [follow mouse ok] : (0, 0)
[2026-09-28 01:20:20.799] [INF] [default] [TitleBar.cpp:159 in Update] -> [follow mouse ok] : (0, 0)
[2026-09-28 01:20:20.805] [INF] [default] [TitleBar.cpp:159 in Update] -> [follow mouse ok] : (0, 0)
[2026-09-28 01:20:20.812] [INF] [default] [TitleBar.cpp:159 in Update] -> [follow mouse ok] : (0, 0)
[2026-09-28 01:20:20.819] [INF] [default] [TitleBar.cpp:159 in Update] -> [follow mouse ok] : (0, 0)
[2026-09-28 01:20:20.826] [INF] [default] [TitleBar.cpp:159 in Update] -> [follow mouse ok] : (0, 0)
[2026-09-28 01:20:20.833] [INF] [default] [TitleBar.cpp:159 in Update] -> [follow mouse ok] : (0, 0)
[2026-09-28 01:20:20.840] [INF] [default] [TitleBar.cpp:159 in Update] -> [follow mouse ok] : (0, 0)
[2026-09-28 01:20:20.847] [INF] [default] [TitleBar.cpp:159 in Update] -> [follow mouse ok] : (0, 0)
[2026-09-28 01:20:20.854] [INF] [default] [TitleBar.cpp:159 in Update] -> [follow mouse ok] : (0, 0)
[2026-09-28 01:20:20.860] [INF] [default] [TitleBar.cpp:159 in Update] -> [follow mouse ok] : (0, 0)
[2026-09-28 01:20:20.867] [INF] [default] [TitleBar.cpp:159 in Update] -> [follow mouse ok] : (0, 0)
[2026-09-28 01:20:20.875] [INF] [default] [TitleBar.cpp:159 in Update] -> [follow mouse ok] : (0, 0)
[2026-09-28 01:20:20.882] [INF] [default] [TitleBar.cpp:159 in Update] -> [follow mouse ok] : (0, 0)
[2026-09-28 01:20:20.889] [INF] [default] [TitleBar.cpp:159 in Update] -> [follow mouse ok] : (0, 0)
[2026-09-28 01:20:20.896] [INF] [default] [TitleBar.cpp:159 in Update] -> [follow mouse ok] : (0, 0)
[2026-09-28 01:20:20.902] [INF] [default] [TitleBar.cpp:159 in Update] -> [follow mouse ok] : (0, 0)
[2026-09-28 01:20:20.910] [INF] [default] [TitleBar.cpp:159 in Update] -> [follow mouse ok] : (0, 0)
[2026-09-28 01:20:20.917] [INF] [default] [TitleBar.cpp:159 in Update] -> [follow mouse ok] : (0, 0)
[2026-09-28 01:20:20.923] [INF] [default] [TitleBar.cpp:159 in Update] -> [follow mouse ok] : (0, 0)
[2026-09-28 01:20:20.930] [INF] [default] [TitleBar.cpp:159 in Update] -> [follow mouse ok] : (0, 0)
[2026-09-28 01:20:20.937] [INF] [default] [TitleBar.cpp:159 in Update] -> [follow mouse ok] : (0, 0)
[2026-09-28 01:20:20.944] [INF] [default] [TitleBar.cpp:159 in Update] -> [follow mouse ok] : (0, 0)
[2026-09-28 01:20:20.951] [INF] [default] [TitleBar.cpp:159 in Update] -> [follow mouse ok] : (0, 0)
[2026-09-28 01:20:20.958] [INF] [default] [TitleBar.cpp:159 in Update] -> [follow mouse ok] : (0, 0)
[2026-09-28 01:20:20.965] [INF] [default] [TitleBar.cpp:159 in Update] -> [follow mouse ok] : (0, 0)
[2026-09-28 01:20:20.979] [INF] [default] [TitleBar.cpp:159 in Update] -> [follow mouse ok] : (0, 0)
[2026-09-28 01:20:20.986] [INF] [default] [TitleBar.cpp:159 in Update] -> [follow mouse ok] : (0, 0)
[2026-09-28 01:20:20.993] [INF] [default] [TitleBar.cpp:159 in Update] -> [follow mouse ok] : (0, 0)
[2026-09-28 01:20:21.001] [INF] [default] [TitleBar.cpp:159 in Update] -> [follow mouse ok] : (0, 0)
[2026-09-28 01:20:21.013] [INF] [default] [TitleBar.cpp:159 in Update] -> [follow mouse ok] : (0, 0)
[2026-09-28 01:20:21.021] [INF] [default] [TitleBar.cpp:159 in Update] -> [follow mouse ok] : (0, 0)
[2026-09-28 01:20:21.027] [INF] [default] [TitleBar.cpp:159 in Update] -> [follow mouse ok] : (0, 0)
[2026-09-28 01:20:21.041] [INF] [default] [TitleBar.cpp:159 in Update] -> [follow mouse ok] : (0, 0)
[2026-09-28 01:20:21.063] [INF] [default] [TitleBar.cpp:159 in Update] -> [follow mouse ok] : (0, 0)
[2026-09-28 01:20:21.091] [INF] [default] [TitleBar.cpp:159 in Update] -> [follow mouse ok] : (0, 0)
[2026-09-28 01:20:21.133] [INF] [default] [TitleBar.cpp:159 in Update] -> [follow mouse ok] : (0, 0)
[2026-09-28 01:20:21.160] [INF] [default] [TitleBar.cpp:159 in Update] -> [follow mouse ok] : (0, 0)
[2026-09-28 01:20:21.182] [INF] [default] [TitleBar.cpp:159 in Update] -> [follow mouse ok] : (0, 0)
[2026-09-28 01:20:21.202] [INF] [default] [TitleBar.cpp:159 in Update] -> [follow mouse ok] : (0, 0)
[2026-09-28 01:20:21.223] [INF] [default] [TitleBar.cpp:159 in Update] -> [follow mouse ok] : (0, 0)
[2026-09-28 01:20:21.244] [INF] [default] [TitleBar.cpp:159 in Update] -> [follow mouse ok] : (0, 0)
[2026-09-28 01:20:21.265] [INF] [default] [TitleBar.cpp:159 in Update] -> [follow mouse ok] : (0, 0)
[2026-09-28 01:20:21.334] [INF] [default] [TitleBar.cpp:159 in Update] -> [follow mouse ok] : (0, 0)
[2026-09-28 01:20:21.362] [INF] [default] [TitleBar.cpp:159 in Update] -> [follow mouse ok] : (0, 0)
[2026-09-28 01:20:21.370] [INF] [default] [TitleBar.cpp:159 in Update] -> [follow mouse ok] : (0, 0)
[2026-09-28 01:20:21.398] [INF] [default] [TitleBar.cpp:159 in Update] -> [follow mouse ok] : (0, 0)
[2026-09-28 01:20:21.467] [INF] [default] [TitleBar.cpp:159 in Update] -> [follow mouse ok] : (0, 0)
[2026-09-28 01:20:21.495] [INF] [default] [TitleBar.cpp:159 in Update] -> [follow mouse ok] : (0, 0)
[2026-09-28 01:20:21.515] [INF] [default] [TitleBar.cpp:159 in Update] -> [follow mouse ok] : (0, 0)
[2026-09-28 01:20:21.578] [INF] [default] [TitleBar.cpp:159 in Update] -> [follow mouse ok] : (0, 0)
[2026-09-28 01:20:21.634] [INF] [default] [TitleBar.cpp:159 in Update] -> [follow mouse ok] : (0, 0)
[2026-09-28 01:20:21.690] [INF] [default] [TitleBar.cpp:159 in Update] -> [follow mouse ok] : (0, 0)
[2026-09-28 01:20:21.738] [INF] [default] [TitleBar.cpp:159 in Update] -> [follow mouse ok] : (0, 0)
[2026-09-28 01:20:21.759] [INF] [default] [TitleBar.cpp:159 in Update] -> [follow mouse ok] : (0, 0)
[2026-09-28 01:20:21.802] [INF] [default] [TitleBar.cpp:159 in Update] -> [follow mouse ok] : (0, 0)
[2026-09-28 01:20:21.816] [INF] [default] [TitleBar.cpp:159 in Update] -> [follow mouse ok] : (0, 0)
[2026-09-28 01:20:21.829] [INF] [default] [TitleBar.cpp:159 in Update] -> [follow mouse ok] : (0, 0)
[2026-09-28 01:20:21.851] [INF] [default] [TitleBar.cpp:159 in Update] -> [follow mouse ok] : (0, 0)
[2026-09-28 01:20:21.871] [INF] [default] [TitleBar.cpp:159 in Update] -> [follow mouse ok] : (0, 0)
[2026-09-28 01:20:21.899] [INF] [default] [TitleBar.cpp:159 in Update] -> [follow mouse ok] : (0, 0)
[2026-09-28 01:20:21.955] [INF] [default] [TitleBar.cpp:159 in Update] -> [follow mouse ok] : (0, 0)
[2026-09-28 01:20:21.983] [INF] [default] [TitleBar.cpp:159 in Update] -> [follow mouse ok] : (0, 0)
[2026-09-28 01:20:22.017] [INF] [default] [TitleBar.cpp:159 in Update] -> [follow mouse ok] : (0, 0)
[2026-09-28 01:20:22.032] [INF] [default] [TitleBar.cpp:159 in Update] -> [follow mouse ok] : (0, 0)
[2026-09-28 01:20:22.039] [INF] [default] [TitleBar.cpp:159 in Update] -> [follow mouse ok] : (0, 0)
[2026-09-28 01:20:22.047] [INF] [default] [TitleBar.cpp:159 in Update] -> [follow mouse ok] : (0, 0)
[2026-09-28 01:20:22.060] [INF] [default] [TitleBar.cpp:159 in Update] -> [follow mouse ok] : (0, 0)
[2026-09-28 01:20:22.067] [INF] [default] [TitleBar.cpp:159 in Update] -> [follow mouse ok] : (0, 0)
[2026-09-28 01:20:22.073] [INF] [default] [TitleBar.cpp:159 in Update] -> [follow mouse ok] : (0, 0)
[2026-09-28 01:20:22.080] [INF] [default] [TitleBar.cpp:159 in Update] -> [follow mouse ok] : (0, 0)
[2026-09-28 01:20:22.087] [INF] [default] [TitleBar.cpp:159 in Update] -> [follow mouse ok] : (0, 0)
[2026-09-28 01:20:22.095] [INF] [default] [TitleBar.cpp:159 in Update] -> [follow mouse ok] : (0, 0)
[2026-09-28 01:20:22.101] [INF] [default] [TitleBar.cpp:159 in Update] -> [follow mouse ok] : (0, 0)
[2026-09-28 01:20:22.107] [INF] [default] [TitleBar.cpp:159 in Update] -> [follow mouse ok] : (0, 0)
[2026-09-28 01:20:22.116] [INF] [default] [TitleBar.cpp:159 in Update] -> [follow mouse ok] : (0, 0)
[2026-09-28 01:20:22.122] [INF] [default] [TitleBar.cpp:159 in Update] -> [follow mouse ok] : (0, 0)
[2026-09-28 01:20:22.129] [INF] [default] [TitleBar.cpp:159 in Update] -> [follow mouse ok] : (0, 0)
[2026-09-28 01:20:22.136] [INF] [default] [TitleBar.cpp:159 in Update] -> [follow mouse ok] : (0, 0)
[2026-09-28 01:20:22.143] [INF] [default] [TitleBar.cpp:159 in Update] -> [follow mouse ok] : (0, 0)
[2026-09-28 01:20:22.150] [INF] [default] [TitleBar.cpp:159 in Update] -> [follow mouse ok] : (0, 0)
[2026-09-28 01:20:22.157] [INF] [default] [TitleBar.cpp:159 in Update] -> [follow mouse ok] : (0, 0)
[2026-09-28 01:20:22.164] [INF] [default] [TitleBar.cpp:159 in Update] -> [follow mouse ok] : (0, 0)
[2026-09-28 01:20:22.170] [INF] [default] [TitleBar.cpp:159 in Update] -> [follow mouse ok] : (0, 0)
[2026-09-28 01:20:22.178] [INF] [default] [TitleBar.cpp:159 in Update] -> [follow mouse ok] : (0, 0)
[2026-09-28 01:20:22.185] [INF] [default] [TitleBar.cpp:159 in Update] -> [follow mouse ok] : (0, 0)
[2026-09-28 01:20:22.192] [INF] [default] [TitleBar.cpp:159 in Update] -> [follow mouse ok] : (0, 0)
[2026-09-28 01:20:22.198] [INF] [default] [TitleBar.cpp:159 in Update] -> [follow mouse ok] : (0, 0)
[2026-09-28 01:20:22.206] [INF] [default] [TitleBar.cpp:159 in Update] -> [follow mouse ok] : (0, 0)
[2026-09-28 01:20:22.212] [INF] [default] [TitleBar.cpp:159 in Update] -> [follow mouse ok] : (0, 0)
[2026-09-28 01:20:22.220] [INF] [default] [TitleBar.cpp:159 in Update] -> [follow mouse ok] : (0, 0)
[2026-09-28 01:20:22.227] [INF] [default] [TitleBar.cpp:159 in Update] -> [follow mouse ok] : (0, 0)
[2026-09-28 01:20:22.233] [INF] [default] [TitleBar.cpp:159 in Update] -> [follow mouse ok] : (0, 0)
[2026-09-28 01:20:22.240] [INF] [default] [TitleBar.cpp:159 in Update] -> [follow mouse ok] : (0, 0)
[2026-09-28 01:20:22.352] [INF] [default] [TitleBar.cpp:159 in Update] -> [follow mouse ok] : (0, 0)
[2026-09-28 01:20:22.359] [INF] [default] [TitleBar.cpp:159 in Update] -> [follow mouse ok] : (0, 0)
[2026-09-28 01:20:22.366] [INF] [default] [TitleBar.cpp:159 in Update] -> [follow mouse ok] : (0, 0)
[2026-09-28 01:20:22.373] [INF] [default] [TitleBar.cpp:159 in Update] -> [follow mouse ok] : (0, 0)
[2026-09-28 01:20:22.379] [INF] [default] [TitleBar.cpp:159 in Update] -> [follow mouse ok] : (0, 0)
[2026-09-28 01:20:22.387] [INF] [default] [TitleBar.cpp:159 in Update] -> [follow mouse ok] : (0, 0)
[2026-09-28 01:20:22.394] [INF] [default] [TitleBar.cpp:159 in Update] -> [follow mouse ok] : (0, 0)
[2026-09-28 01:20:22.400] [INF] [default] [TitleBar.cpp:159 in Update] -> [follow mouse ok] : (0, 0)
[2026-09-28 01:20:22.407] [INF] [default] [TitleBar.cpp:159 in Update] -> [follow mouse ok] : (0, 0)
[2026-09-28 01:20:22.416] [INF] [default] [TitleBar.cpp:159 in Update] -> [follow mouse ok] : (0, 0)
[2026-09-28 01:20:22.421] [INF] [default] [TitleBar.cpp:159 in Update] -> [follow mouse ok] : (0, 0)
[2026-09-28 01:20:22.429] [INF] [default] [TitleBar.cpp:159 in Update] -> [follow mouse ok] : (0, 0)
[2026-09-28 01:20:22.436] [INF] [default] [TitleBar.cpp:159 in Update] -> [follow mouse ok] : (0, 0)
[2026-09-28 01:20:22.442] [INF] [default] [TitleBar.cpp:159 in Update] -> [follow mouse ok] : (0, 0)
[2026-09-28 01:20:22.450] [INF] [default] [TitleBar.cpp:159 in Update] -> [follow mouse ok] : (0, 0)
[2026-09-28 01:20:22.457] [INF] [default] [TitleBar.cpp:159 in Update] -> [follow mouse ok] : (0, 0)
[2026-09-28 01:20:22.463] [INF] [default] [TitleBar.cpp:159 in Update] -> [follow mouse ok] : (0, 0)
[2026-09-28 01:20:22.470] [INF] [default] [TitleBar.cpp:159 in Update] -> [follow mouse ok] : (0, 0)
[2026-09-28 01:20:22.477] [INF] [default] [TitleBar.cpp:159 in Update] -> [follow mouse ok] : (0, 0)
[2026-09-28 01:20:22.485] [INF] [default] [TitleBar.cpp:159 in Update] -> [follow mouse ok] : (0, 0)
[2026-09-28 01:20:22.492] [INF] [default] [TitleBar.cpp:159 in Update] -> [follow mouse ok] : (0, 0)
[2026-09-28 01:20:22.499] [INF] [default] [TitleBar.cpp:159 in Update] -> [follow mouse ok] : (0, 0)
[2026-09-28 01:20:22.506] [INF] [default] [TitleBar.cpp:159 in Update] -> [follow mouse ok] : (0, 0)
[2026-09-28 01:20:22.512] [INF] [default] [TitleBar.cpp:159 in Update] -> [follow mouse ok] : (0, 0)
[2026-09-28 01:20:22.519] [INF] [default] [TitleBar.cpp:159 in Update] -> [follow mouse ok] : (0, 0)
[2026-09-28 01:20:22.534] [INF] [default] [TitleBar.cpp:159 in Update] -> [follow mouse ok] : (0, 0)
[2026-09-28 01:20:22.540] [INF] [default] [TitleBar.cpp:159 in Update] -> [follow mouse ok] : (0, 0)
[2026-09-28 01:20:22.547] [INF] [default] [TitleBar.cpp:159 in Update] -> [follow mouse ok] : (0, 0)
[2026-09-28 01:20:22.554] [INF] [default] [TitleBar.cpp:159 in Update] -> [follow mouse ok] : (0, 0)
[2026-09-28 01:20:22.561] [INF] [default] [TitleBar.cpp:159 in Update] -> [follow mouse ok] : (0, 0)
[2026-09-28 01:20:22.568] [INF] [default] [TitleBar.cpp:159 in Update] -> [follow mouse ok] : (0, 0)
[2026-09-28 01:20:22.575] [INF] [default] [TitleBar.cpp:159 in Update] -> [follow mouse ok] : (0, 0)
[2026-09-28 01:20:22.582] [INF] [default] [TitleBar.cpp:159 in Update] -> [follow mouse ok] : (0, 0)
[2026-09-28 01:20:22.589] [INF] [default] [TitleBar.cpp:159 in Update] -> [follow mouse ok] : (0, 0)
[2026-09-28 01:20:22.596] [INF] [default] [TitleBar.cpp:159 in Update] -> [follow mouse ok] : (0, 0)
[2026-09-28 01:20:22.603] [INF] [default] [TitleBar.cpp:159 in Update] -> [follow mouse ok] : (0, 0)
[2026-09-28 01:20:22.610] [INF] [default] [TitleBar.cpp:159 in Update] -> [follow mouse ok] : (0, 0)
[2026-09-28 01:20:22.617] [INF] [default] [TitleBar.cpp:159 in Update] -> [follow mouse ok] : (0, 0)
[2026-09-28 01:20:22.624] [INF] [default] [TitleBar.cpp:159 in Update] -> [follow mouse ok] : (0, 0)
[2026-09-28 01:20:22.631] [INF] [default] [TitleBar.cpp:159 in Update] -> [follow mouse ok] : (0, 0)
[2026-09-28 01:20:22.637] [INF] [default] [TitleBar.cpp:159 in Update] -> [follow mouse ok] : (0, 0)
[2026-09-28 01:20:22.645] [INF] [default] [TitleBar.cpp:159 in Update] -> [follow mouse ok] : (0, 0)
[2026-09-28 01:20:22.652] [INF] [default] [TitleBar.cpp:159 in Update] -> [follow mouse ok] : (0, 0)
[2026-09-28 01:20:22.658] [INF] [default] [TitleBar.cpp:159 in Update] -> [follow mouse ok] : (0, 0)
[2026-09-28 01:20:22.666] [INF] [default] [TitleBar.cpp:159 in Update] -> [follow mouse ok] : (0, 0)
[2026-09-28 01:20:22.673] [INF] [default] [TitleBar.cpp:159 in Update] -> [follow mouse ok] : (0, 0)
[2026-09-28 01:20:22.680] [INF] [default] [TitleBar.cpp:159 in Update] -> [follow mouse ok] : (0, 0)
[2026-09-28 01:20:22.686] [INF] [default] [TitleBar.cpp:159 in Update] -> [follow mouse ok] : (0, 0)
[2026-09-28 01:20:22.693] [INF] [default] [TitleBar.cpp:159 in Update] -> [follow mouse ok] : (0, 0)
[2026-09-28 01:20:22.701] [INF] [default] [TitleBar.cpp:159 in Update] -> [follow mouse ok] : (0, 0)
[2026-09-28 01:20:22.708] [INF] [default] [TitleBar.cpp:159 in Update] -> [follow mouse ok] : (0, 0)
[2026-09-28 01:20:22.714] [INF] [default] [TitleBar.cpp:159 in Update] -> [follow mouse ok] : (0, 0)
[2026-09-28 01:20:22.722] [INF] [default] [TitleBar.cpp:159 in Update] -> [follow mouse ok] : (0, 0)
[2026-09-28 01:20:22.729] [INF] [default] [TitleBar.cpp:159 in Update] -> [follow mouse ok] : (0, 0)
[2026-09-28 01:20:22.735] [INF] [default] [TitleBar.cpp:159 in Update] -> [follow mouse ok] : (0, 0)
[2026-09-28 01:20:22.743] [INF] [default] [TitleBar.cpp:159 in Update] -> [follow mouse ok] : (0, 0)
[2026-09-28 01:20:22.750] [INF] [default] [TitleBar.cpp:159 in Update] -> [follow mouse ok] : (0, 0)
[2026-09-28 01:20:22.757] [INF] [default] [TitleBar.cpp:159 in Update] -> [follow mouse ok] : (0, 0)
[2026-09-28 01:20:22.763] [INF] [default] [TitleBar.cpp:159 in Update] -> [follow mouse ok] : (0, 0)
[2026-09-28 01:20:22.771] [INF] [default] [TitleBar.cpp:159 in Update] -> [follow mouse ok] : (0, 0)
[2026-09-28 01:20:22.777] [INF] [default] [TitleBar.cpp:159 in Update] -> [follow mouse ok] : (0, 0)
[2026-09-28 01:20:22.784] [INF] [default] [TitleBar.cpp:159 in Update] -> [follow mouse ok] : (0, 0)
[2026-09-28 01:20:22.791] [INF] [default] [TitleBar.cpp:159 in Update] -> [follow mouse ok] : (0, 0)
[2026-09-28 01:20:22.799] [INF] [default] [TitleBar.cpp:159 in Update] -> [follow mouse ok] : (0, 0)
[2026-09-28 01:20:22.805] [INF] [default] [TitleBar.cpp:159 in Update] -> [follow mouse ok] : (0, 0)
[2026-09-28 01:20:22.812] [INF] [default] [TitleBar.cpp:159 in Update] -> [follow mouse ok] : (0, 0)
[2026-09-28 01:20:22.819] [INF] [default] [TitleBar.cpp:159 in Update] -> [follow mouse ok] : (0, 0)
[2026-09-28 01:20:22.825] [INF] [default] [TitleBar.cpp:159 in Update] -> [follow mouse ok] : (0, 0)
[2026-09-28 01:20:22.840] [INF] [default] [TitleBar.cpp:159 in Update] -> [follow mouse ok] : (0, 0)
[2026-09-28 01:20:22.847] [INF] [default] [TitleBar.cpp:159 in Update] -> [follow mouse ok] : (0, 0)
[2026-09-28 01:20:22.854] [INF] [default] [TitleBar.cpp:159 in Update] -> [follow mouse ok] : (0, 0)
[2026-09-28 01:20:22.861] [INF] [default] [TitleBar.cpp:159 in Update] -> [follow mouse ok] : (0, 0)
[2026-09-28 01:20:22.869] [INF] [default] [TitleBar.cpp:159 in Update] -> [follow mouse ok] : (0, 0)
[2026-09-28 01:20:22.875] [INF] [default] [TitleBar.cpp:159 in Update] -> [follow mouse ok] : (0, 0)
[2026-09-28 01:20:22.882] [INF] [default] [TitleBar.cpp:159 in Update] -> [follow mouse ok] : (0, 0)
[2026-09-28 01:20:22.889] [INF] [default] [TitleBar.cpp:159 in Update] -> [follow mouse ok] : (0, 0)
[2026-09-28 01:20:22.895] [INF] [default] [TitleBar.cpp:159 in Update] -> [follow mouse ok] : (0, 0)
[2026-09-28 01:20:22.903] [INF] [default] [TitleBar.cpp:159 in Update] -> [follow mouse ok] : (0, 0)
[2026-09-28 01:20:22.909] [INF] [default] [TitleBar.cpp:159 in Update] -> [follow mouse ok] : (0, 0)
[2026-09-28 01:20:22.917] [INF] [default] [TitleBar.cpp:159 in Update] -> [follow mouse ok] : (0, 0)
[2026-09-28 01:20:22.924] [INF] [default] [TitleBar.cpp:159 in Update] -> [follow mouse ok] : (0, 0)
[2026-09-28 01:20:22.938] [INF] [default] [TitleBar.cpp:159 in Update] -> [follow mouse ok] : (0, 0)
[2026-09-28 01:20:22.952] [INF] [default] [TitleBar.cpp:159 in Update] -> [follow mouse ok] : (0, 0)
[2026-09-28 01:20:22.958] [INF] [default] [TitleBar.cpp:159 in Update] -> [follow mouse ok] : (0, 0)
[2026-09-28 01:20:22.966] [INF] [default] [TitleBar.cpp:159 in Update] -> [follow mouse ok] : (0, 0)
[2026-09-28 01:20:22.972] [INF] [default] [TitleBar.cpp:159 in Update] -> [follow mouse ok] : (0, 0)
[2026-09-28 01:20:22.979] [INF] [default] [TitleBar.cpp:159 in Update] -> [follow mouse ok] : (0, 0)
[2026-09-28 01:20:22.986] [INF] [default] [TitleBar.cpp:159 in Update] -> [follow mouse ok] : (0, 0)
[2026-09-28 01:20:22.993] [INF] [default] [TitleBar.cpp:159 in Update] -> [follow mouse ok] : (0, 0)
[2026-09-28 01:20:23.001] [INF] [default] [TitleBar.cpp:159 in Update] -> [follow mouse ok] : (0, 0)
[2026-09-28 01:20:23.008] [INF] [default] [TitleBar.cpp:159 in Update] -> [follow mouse ok] : (0, 0)
[2026-09-28 01:20:23.015] [INF] [default] [TitleBar.cpp:159 in Update] -> [follow mouse ok] : (0, 0)
[2026-09-28 01:20:23.022] [INF] [default] [TitleBar.cpp:159 in Update] -> [follow mouse ok] : (0, 0)
[2026-09-28 01:20:23.028] [INF] [default] [TitleBar.cpp:159 in Update] -> [follow mouse ok] : (0, 0)
[2026-09-28 01:20:23.035] [INF] [default] [TitleBar.cpp:159 in Update] -> [follow mouse ok] : (0, 0)
[2026-09-28 01:20:23.042] [INF] [default] [TitleBar.cpp:159 in Update] -> [follow mouse ok] : (0, 0)
[2026-09-28 01:20:23.050] [INF] [default] [TitleBar.cpp:159 in Update] -> [follow mouse ok] : (0, 0)
[2026-09-28 01:20:23.056] [INF] [default] [TitleBar.cpp:159 in Update] -> [follow mouse ok] : (0, 0)
[2026-09-28 01:20:23.062] [INF] [default] [TitleBar.cpp:159 in Update] -> [follow mouse ok] : (0, 0)
[2026-09-28 01:20:23.070] [INF] [default] [TitleBar.cpp:159 in Update] -> [follow mouse ok] : (0, 0)
[2026-09-28 01:20:23.077] [INF] [default] [TitleBar.cpp:159 in Update] -> [follow mouse ok] : (0, 0)
[2026-09-28 01:20:23.084] [INF] [default] [TitleBar.cpp:159 in Update] -> [follow mouse ok] : (0, 0)
[2026-09-28 01:20:23.091] [INF] [default] [TitleBar.cpp:159 in Update] -> [follow mouse ok] : (0, 0)
[2026-09-28 01:20:23.099] [INF] [default] [TitleBar.cpp:159 in Update] -> [follow mouse ok] : (0, 0)
[2026-09-28 01:20:23.105] [INF] [default] [TitleBar.cpp:159 in Update] -> [follow mouse ok] : (0, 0)
[2026-09-28 01:20:23.111] [INF] [default] [TitleBar.cpp:159 in Update] -> [follow mouse ok] : (0, 0)
[2026-09-28 01:20:23.119] [INF] [default] [TitleBar.cpp:159 in Update] -> [follow mouse ok] : (0, 0)
[2026-09-28 01:20:23.126] [INF] [default] [TitleBar.cpp:159 in Update] -> [follow mouse ok] : (0, 0)
[2026-09-28 01:20:23.132] [INF] [default] [TitleBar.cpp:159 in Update] -> [follow mouse ok] : (0, 0)
[2026-09-28 01:20:23.140] [INF] [default] [TitleBar.cpp:159 in Update] -> [follow mouse ok] : (0, 0)
[2026-09-28 01:20:23.146] [INF] [default] [TitleBar.cpp:159 in Update] -> [follow mouse ok] : (0, 0)
[2026-09-28 01:20:23.154] [INF] [default] [TitleBar.cpp:159 in Update] -> [follow mouse ok] : (0, 0)
[2026-09-28 01:20:23.160] [INF] [default] [TitleBar.cpp:159 in Update] -> [follow mouse ok] : (0, 0)
[2026-09-28 01:20:23.168] [INF] [default] [TitleBar.cpp:159 in Update] -> [follow mouse ok] : (0, 0)
[2026-09-28 01:20:23.174] [INF] [default] [TitleBar.cpp:159 in Update] -> [follow mouse ok] : (0, 0)
[2026-09-28 01:20:23.182] [INF] [default] [TitleBar.cpp:159 in Update] -> [follow mouse ok] : (0, 0)
[2026-09-28 01:20:23.189] [INF] [default] [TitleBar.cpp:159 in Update] -> [follow mouse ok] : (0, 0)
[2026-09-28 01:20:23.195] [INF] [default] [TitleBar.cpp:159 in Update] -> [follow mouse ok] : (0, 0)
[2026-09-28 01:20:23.203] [INF] [default] [TitleBar.cpp:159 in Update] -> [follow mouse ok] : (0, 0)
[2026-09-28 01:20:23.210] [INF] [default] [TitleBar.cpp:159 in Update] -> [follow mouse ok] : (0, 0)
[2026-09-28 01:20:23.217] [INF] [default] [TitleBar.cpp:159 in Update] -> [follow mouse ok] : (0, 0)
[2026-09-28 01:20:23.223] [INF] [default] [TitleBar.cpp:159 in Update] -> [follow mouse ok] : (0, 0)
[2026-09-28 01:20:23.230] [INF] [default] [TitleBar.cpp:159 in Update] -> [follow mouse ok] : (0, 0)
[2026-09-28 01:20:23.237] [INF] [default] [TitleBar.cpp:159 in Update] -> [follow mouse ok] : (0, 0)
[2026-09-28 01:20:23.245] [INF] [default] [TitleBar.cpp:159 in Update] -> [follow mouse ok] : (0, 0)
[2026-09-28 01:20:23.252] [INF] [default] [TitleBar.cpp:159 in Update] -> [follow mouse ok] : (0, 0)
[2026-09-28 01:20:23.258] [INF] [default] [TitleBar.cpp:159 in Update] -> [follow mouse ok] : (0, 0)
[2026-09-28 01:20:23.266] [INF] [default] [TitleBar.cpp:159 in Update] -> [follow mouse ok] : (0, 0)
[2026-09-28 01:20:23.272] [INF] [default] [TitleBar.cpp:159 in Update] -> [follow mouse ok] : (0, 0)
[2026-09-28 01:20:23.279] [INF] [default] [TitleBar.cpp:159 in Update] -> [follow mouse ok] : (0, 0)
[2026-09-28 01:20:23.286] [INF] [default] [TitleBar.cpp:159 in Update] -> [follow mouse ok] : (0, 0)
[2026-09-28 01:20:23.294] [INF] [default] [TitleBar.cpp:159 in Update] -> [follow mouse ok] : (0, 0)
[2026-09-28 01:20:23.300] [INF] [default] [TitleBar.cpp:159 in Update] -> [follow mouse ok] : (0, 0)
[2026-09-28 01:20:23.307] [INF] [default] [TitleBar.cpp:159 in Update] -> [follow mouse ok] : (0, 0)
[2026-09-28 01:20:23.315] [INF] [default] [TitleBar.cpp:159 in Update] -> [follow mouse ok] : (0, 0)
[2026-09-28 01:20:23.321] [INF] [default] [TitleBar.cpp:159 in Update] -> [follow mouse ok] : (0, 0)
[2026-09-28 01:20:23.327] [INF] [default] [TitleBar.cpp:159 in Update] -> [follow mouse ok] : (0, 0)
[2026-09-28 01:20:23.336] [INF] [default] [TitleBar.cpp:159 in Update] -> [follow mouse ok] : (0, 0)
[2026-09-28 01:20:23.342] [INF] [default] [TitleBar.cpp:159 in Update] -> [follow mouse ok] : (0, 0)
[2026-09-28 01:20:23.349] [INF] [default] [TitleBar.cpp:159 in Update] -> [follow mouse ok] : (0, 0)
[2026-09-28 01:20:23.356] [INF] [default] [TitleBar.cpp:159 in Update] -> [follow mouse ok] : (0, 0)
[2026-09-28 01:20:23.363] [INF] [default] [TitleBar.cpp:159 in Update] -> [follow mouse ok] : (0, 0)
[2026-09-28 01:20:23.370] [INF] [default] [TitleBar.cpp:159 in Update] -> [follow mouse ok] : (0, 0)
[2026-09-28 01:20:23.376] [INF] [default] [TitleBar.cpp:159 in Update] -> [follow mouse ok] : (0, 0)
[2026-09-28 01:20:23.384] [INF] [default] [TitleBar.cpp:159 in Update] -> [follow mouse ok] : (0, 0)
[2026-09-28 01:20:23.391] [INF] [default] [TitleBar.cpp:159 in Update] -> [follow mouse ok] : (0, 0)
[2026-09-28 01:20:23.398] [INF] [default] [TitleBar.cpp:159 in Update] -> [follow mouse ok] : (0, 0)
[2026-09-28 01:20:23.405] [INF] [default] [TitleBar.cpp:159 in Update] -> [follow mouse ok] : (0, 0)
[2026-09-28 01:20:23.411] [INF] [default] [TitleBar.cpp:159 in Update] -> [follow mouse ok] : (0, 0)
[2026-09-28 01:20:23.418] [INF] [default] [TitleBar.cpp:159 in Update] -> [follow mouse ok] : (0, 0)
[2026-09-28 01:20:23.425] [INF] [default] [TitleBar.cpp:159 in Update] -> [follow mouse ok] : (0, 0)
[2026-09-28 01:20:23.433] [INF] [default] [TitleBar.cpp:159 in Update] -> [follow mouse ok] : (0, 0)
[2026-09-28 01:20:23.446] [INF] [default] [TitleBar.cpp:159 in Update] -> [follow mouse ok] : (0, 0)
[2026-09-28 01:20:23.453] [INF] [default] [TitleBar.cpp:159 in Update] -> [follow mouse ok] : (0, 0)
[2026-09-28 01:20:23.460] [INF] [default] [TitleBar.cpp:159 in Update] -> [follow mouse ok] : (0, 0)
[2026-09-28 01:20:23.467] [INF] [default] [TitleBar.cpp:159 in Update] -> [follow mouse ok] : (0, 0)
[2026-09-28 01:20:23.474] [INF] [default] [TitleBar.cpp:159 in Update] -> [follow mouse ok] : (0, 0)
[2026-09-28 01:20:23.481] [INF] [default] [TitleBar.cpp:159 in Update] -> [follow mouse ok] : (0, 0)
[2026-09-28 01:20:23.488] [INF] [default] [TitleBar.cpp:159 in Update] -> [follow mouse ok] : (0, 0)
[2026-09-28 01:20:23.495] [INF] [default] [TitleBar.cpp:159 in Update] -> [follow mouse ok] : (0, 0)
[2026-09-28 01:20:23.502] [INF] [default] [TitleBar.cpp:159 in Update] -> [follow mouse ok] : (0, 0)
[2026-09-28 01:20:23.508] [INF] [default] [TitleBar.cpp:159 in Update] -> [follow mouse ok] : (0, 0)
[2026-09-28 01:20:23.517] [INF] [default] [TitleBar.cpp:159 in Update] -> [follow mouse ok] : (0, 0)
[2026-09-28 01:20:23.537] [INF] [default] [TitleBar.cpp:159 in Update] -> [follow mouse ok] : (0, 0)
[2026-09-28 01:20:23.544] [INF] [default] [TitleBar.cpp:159 in Update] -> [follow mouse ok] : (0, 0)
[2026-09-28 01:20:23.557] [INF] [default] [TitleBar.cpp:159 in Update] -> [follow mouse ok] : (0, 0)
[2026-09-28 01:20:23.565] [INF] [default] [TitleBar.cpp:159 in Update] -> [follow mouse ok] : (0, 0)
[2026-09-28 01:20:23.579] [INF] [default] [TitleBar.cpp:159 in Update] -> [follow mouse ok] : (0, 0)
[2026-09-28 01:20:23.586] [INF] [default] [TitleBar.cpp:159 in Update] -> [follow mouse ok] : (0, 0)
[2026-09-28 01:20:23.593] [INF] [default] [TitleBar.cpp:159 in Update] -> [follow mouse ok] : (0, 0)
[2026-09-28 01:20:23.606] [INF] [default] [TitleBar.cpp:159 in Update] -> [follow mouse ok] : (0, 0)
[2026-09-28 01:20:23.614] [INF] [default] [TitleBar.cpp:159 in Update] -> [follow mouse ok] : (0, 0)
[2026-09-28 01:20:23.627] [INF] [default] [TitleBar.cpp:159 in Update] -> [follow mouse ok] : (0, 0)
[2026-09-28 01:20:23.635] [INF] [default] [TitleBar.cpp:159 in Update] -> [follow mouse ok] : (0, 0)
[2026-09-28 01:20:23.641] [INF] [default] [TitleBar.cpp:159 in Update] -> [follow mouse ok] : (0, 0)
[2026-09-28 01:20:23.656] [INF] [default] [TitleBar.cpp:159 in Update] -> [follow mouse ok] : (0, 0)
[2026-09-28 01:20:23.662] [INF] [default] [TitleBar.cpp:159 in Update] -> [follow mouse ok] : (0, 0)
[2026-09-28 01:20:23.676] [INF] [default] [TitleBar.cpp:159 in Update] -> [follow mouse ok] : (0, 0)
[2026-09-28 01:20:23.683] [INF] [default] [TitleBar.cpp:159 in Update] -> [follow mouse ok] : (0, 0)
[2026-09-28 01:20:23.697] [INF] [default] [TitleBar.cpp:159 in Update] -> [follow mouse ok] : (0, 0)
[2026-09-28 01:20:23.704] [INF] [default] [TitleBar.cpp:159 in Update] -> [follow mouse ok] : (0, 0)
[2026-09-28 01:20:23.711] [INF] [default] [TitleBar.cpp:159 in Update] -> [follow mouse ok] : (0, 0)
[2026-09-28 01:20:23.718] [INF] [default] [TitleBar.cpp:159 in Update] -> [follow mouse ok] : (0, 0)
[2026-09-28 01:20:23.726] [INF] [default] [TitleBar.cpp:159 in Update] -> [follow mouse ok] : (0, 0)
[2026-09-28 01:20:23.732] [INF] [default] [TitleBar.cpp:159 in Update] -> [follow mouse ok] : (0, 0)
[2026-09-28 01:20:23.740] [INF] [default] [TitleBar.cpp:159 in Update] -> [follow mouse ok] : (0, 0)
[2026-09-28 01:20:23.753] [INF] [default] [TitleBar.cpp:159 in Update] -> [follow mouse ok] : (0, 0)
[2026-09-28 01:20:23.760] [INF] [default] [TitleBar.cpp:159 in Update] -> [follow mouse ok] : (0, 0)
[2026-09-28 01:20:23.767] [INF] [default] [TitleBar.cpp:159 in Update] -> [follow mouse ok] : (0, 0)
[2026-09-28 01:20:23.775] [INF] [default] [TitleBar.cpp:159 in Update] -> [follow mouse ok] : (0, 0)
[2026-09-28 01:20:23.781] [INF] [default] [TitleBar.cpp:159 in Update] -> [follow mouse ok] : (0, 0)
[2026-09-28 01:20:23.787] [INF] [default] [TitleBar.cpp:159 in Update] -> [follow mouse ok] : (0, 0)
[2026-09-28 01:20:23.795] [INF] [default] [TitleBar.cpp:159 in Update] -> [follow mouse ok] : (0, 0)
[2026-09-28 01:20:23.808] [INF] [default] [TitleBar.cpp:159 in Update] -> [follow mouse ok] : (0, 0)
[2026-09-28 01:20:23.817] [INF] [default] [TitleBar.cpp:159 in Update] -> [follow mouse ok] : (0, 0)
[2026-09-28 01:20:23.822] [INF] [default] [TitleBar.cpp:159 in Update] -> [follow mouse ok] : (0, 0)
[2026-09-28 01:20:23.837] [INF] [default] [TitleBar.cpp:159 in Update] -> [follow mouse ok] : (0, 0)
[2026-09-28 01:20:23.851] [INF] [default] [TitleBar.cpp:159 in Update] -> [follow mouse ok] : (0, 0)
[2026-09-28 01:20:23.858] [INF] [default] [TitleBar.cpp:159 in Update] -> [follow mouse ok] : (0, 0)
[2026-09-28 01:20:23.865] [INF] [default] [TitleBar.cpp:159 in Update] -> [follow mouse ok] : (0, 0)
[2026-09-28 01:20:23.872] [INF] [default] [TitleBar.cpp:159 in Update] -> [follow mouse ok] : (0, 0)
[2026-09-28 01:20:23.878] [INF] [default] [TitleBar.cpp:159 in Update] -> [follow mouse ok] : (0, 0)
[2026-09-28 01:20:23.885] [INF] [default] [TitleBar.cpp:159 in Update] -> [follow mouse ok] : (0, 0)
[2026-09-28 01:20:23.892] [INF] [default] [TitleBar.cpp:159 in Update] -> [follow mouse ok] : (0, 0)
[2026-09-28 01:20:23.901] [INF] [default] [TitleBar.cpp:159 in Update] -> [follow mouse ok] : (0, 0)
[2026-09-28 01:20:23.907] [INF] [default] [TitleBar.cpp:159 in Update] -> [follow mouse ok] : (0, 0)
[2026-09-28 01:20:23.913] [INF] [default] [TitleBar.cpp:159 in Update] -> [follow mouse ok] : (0, 0)
[2026-09-28 01:20:23.921] [INF] [default] [TitleBar.cpp:159 in Update] -> [follow mouse ok] : (0, 0)
[2026-09-28 01:20:23.934] [INF] [default] [TitleBar.cpp:159 in Update] -> [follow mouse ok] : (0, 0)
[2026-09-28 01:20:23.941] [INF] [default] [TitleBar.cpp:159 in Update] -> [follow mouse ok] : (0, 0)
[2026-09-28 01:20:23.948] [INF] [default] [TitleBar.cpp:159 in Update] -> [follow mouse ok] : (0, 0)
[2026-09-28 01:20:23.954] [INF] [default] [TitleBar.cpp:159 in Update] -> [follow mouse ok] : (0, 0)
[2026-09-28 01:20:23.969] [INF] [default] [TitleBar.cpp:159 in Update] -> [follow mouse ok] : (0, 0)
[2026-09-28 01:20:23.983] [INF] [default] [TitleBar.cpp:159 in Update] -> [follow mouse ok] : (0, 0)
[2026-09-28 01:20:23.990] [INF] [default] [TitleBar.cpp:159 in Update] -> [follow mouse ok] : (0, 0)
[2026-09-28 01:20:23.997] [INF] [default] [TitleBar.cpp:159 in Update] -> [follow mouse ok] : (0, 0)
[2026-09-28 01:20:24.004] [INF] [default] [TitleBar.cpp:159 in Update] -> [follow mouse ok] : (0, 0)
[2026-09-28 01:20:24.011] [INF] [default] [TitleBar.cpp:159 in Update] -> [follow mouse ok] : (0, 0)
[2026-09-28 01:20:24.018] [INF] [default] [TitleBar.cpp:159 in Update] -> [follow mouse ok] : (0, 0)
[2026-09-28 01:20:24.025] [INF] [default] [TitleBar.cpp:159 in Update] -> [follow mouse ok] : (0, 0)
[2026-09-28 01:20:24.032] [INF] [default] [TitleBar.cpp:159 in Update] -> [follow mouse ok] : (0, 0)
[2026-09-28 01:20:24.038] [INF] [default] [TitleBar.cpp:159 in Update] -> [follow mouse ok] : (0, 0)
[2026-09-28 01:20:24.046] [INF] [default] [TitleBar.cpp:159 in Update] -> [follow mouse ok] : (0, 0)
[2026-09-28 01:20:24.052] [INF] [default] [TitleBar.cpp:159 in Update] -> [follow mouse ok] : (0, 0)
[2026-09-28 01:20:24.060] [INF] [default] [TitleBar.cpp:159 in Update] -> [follow mouse ok] : (0, 0)
[2026-09-28 01:20:24.067] [INF] [default] [TitleBar.cpp:159 in Update] -> [follow mouse ok] : (0, 0)
[2026-09-28 01:20:24.074] [INF] [default] [TitleBar.cpp:159 in Update] -> [follow mouse ok] : (0, 0)
[2026-09-28 01:20:24.081] [INF] [default] [TitleBar.cpp:159 in Update] -> [follow mouse ok] : (0, 0)
[2026-09-28 01:20:24.087] [INF] [default] [TitleBar.cpp:159 in Update] -> [follow mouse ok] : (0, 0)
[2026-09-28 01:20:24.095] [INF] [default] [TitleBar.cpp:159 in Update] -> [follow mouse ok] : (0, 0)
[2026-09-28 01:20:24.102] [INF] [default] [TitleBar.cpp:159 in Update] -> [follow mouse ok] : (0, 0)
[2026-09-28 01:20:24.109] [INF] [default] [TitleBar.cpp:159 in Update] -> [follow mouse ok] : (0, 0)
[2026-09-28 01:20:24.116] [INF] [default] [TitleBar.cpp:159 in Update] -> [follow mouse ok] : (0, 0)
[2026-09-28 01:20:24.122] [INF] [default] [TitleBar.cpp:159 in Update] -> [follow mouse ok] : (0, 0)
[2026-09-28 01:20:24.130] [INF] [default] [TitleBar.cpp:159 in Update] -> [follow mouse ok] : (0, 0)
[2026-09-28 01:20:24.136] [INF] [default] [TitleBar.cpp:159 in Update] -> [follow mouse ok] : (0, 0)
[2026-09-28 01:20:24.144] [INF] [default] [TitleBar.cpp:159 in Update] -> [follow mouse ok] : (0, 0)
[2026-09-28 01:20:24.150] [INF] [default] [TitleBar.cpp:159 in Update] -> [follow mouse ok] : (0, 0)
[2026-09-28 01:20:24.157] [INF] [default] [TitleBar.cpp:159 in Update] -> [follow mouse ok] : (0, 0)
[2026-09-28 01:20:24.165] [INF] [default] [TitleBar.cpp:159 in Update] -> [follow mouse ok] : (0, 0)
[2026-09-28 01:20:24.171] [INF] [default] [TitleBar.cpp:159 in Update] -> [follow mouse ok] : (0, 0)
[2026-09-28 01:20:24.177] [INF] [default] [TitleBar.cpp:159 in Update] -> [follow mouse ok] : (0, 0)
[2026-09-28 01:20:24.185] [INF] [default] [TitleBar.cpp:159 in Update] -> [follow mouse ok] : (0, 0)
[2026-09-28 01:20:24.192] [INF] [default] [TitleBar.cpp:159 in Update] -> [follow mouse ok] : (0, 0)
[2026-09-28 01:20:24.200] [INF] [default] [TitleBar.cpp:159 in Update] -> [follow mouse ok] : (0, 0)
[2026-09-28 01:20:24.206] [INF] [default] [TitleBar.cpp:159 in Update] -> [follow mouse ok] : (0, 0)
[2026-09-28 01:20:24.213] [INF] [default] [TitleBar.cpp:159 in Update] -> [follow mouse ok] : (0, 0)
[2026-09-28 01:20:24.220] [INF] [default] [TitleBar.cpp:159 in Update] -> [follow mouse ok] : (0, 0)
[2026-09-28 01:20:24.227] [INF] [default] [TitleBar.cpp:159 in Update] -> [follow mouse ok] : (0, 0)
[2026-09-28 01:20:24.234] [INF] [default] [TitleBar.cpp:159 in Update] -> [follow mouse ok] : (0, 0)
[2026-09-28 01:20:24.241] [INF] [default] [TitleBar.cpp:159 in Update] -> [follow mouse ok] : (0, 0)
[2026-09-28 01:20:24.249] [INF] [default] [TitleBar.cpp:159 in Update] -> [follow mouse ok] : (0, 0)
[2026-09-28 01:20:24.255] [INF] [default] [TitleBar.cpp:159 in Update] -> [follow mouse ok] : (0, 0)
[2026-09-28 01:20:24.262] [INF] [default] [TitleBar.cpp:159 in Update] -> [follow mouse ok] : (0, 0)
[2026-09-28 01:20:24.269] [INF] [default] [TitleBar.cpp:159 in Update] -> [follow mouse ok] : (0, 0)
[2026-09-28 01:20:24.276] [INF] [default] [TitleBar.cpp:159 in Update] -> [follow mouse ok] : (0, 0)
[2026-09-28 01:20:24.283] [INF] [default] [TitleBar.cpp:159 in Update] -> [follow mouse ok] : (0, 0)
[2026-09-28 01:20:24.290] [INF] [default] [TitleBar.cpp:159 in Update] -> [follow mouse ok] : (0, 0)
[2026-09-28 01:20:24.296] [INF] [default] [TitleBar.cpp:159 in Update] -> [follow mouse ok] : (0, 0)
[2026-09-28 01:20:24.304] [INF] [default] [TitleBar.cpp:159 in Update] -> [follow mouse ok] : (0, 0)
[2026-09-28 01:20:24.310] [INF] [default] [TitleBar.cpp:159 in Update] -> [follow mouse ok] : (0, 0)
[2026-09-28 01:20:24.317] [INF] [default] [TitleBar.cpp:159 in Update] -> [follow mouse ok] : (0, 0)
[2026-09-28 01:20:24.325] [INF] [default] [TitleBar.cpp:159 in Update] -> [follow mouse ok] : (0, 0)
[2026-09-28 01:20:24.332] [INF] [default] [TitleBar.cpp:159 in Update] -> [follow mouse ok] : (0, 0)
[2026-09-28 01:20:24.339] [INF] [default] [TitleBar.cpp:159 in Update] -> [follow mouse ok] : (0, 0)
[2026-09-28 01:20:24.346] [INF] [default] [TitleBar.cpp:159 in Update] -> [follow mouse ok] : (0, 0)
[2026-09-28 01:20:24.352] [INF] [default] [TitleBar.cpp:159 in Update] -> [follow mouse ok] : (0, 0)
[2026-09-28 01:20:24.360] [INF] [default] [TitleBar.cpp:159 in Update] -> [follow mouse ok] : (0, 0)
[2026-09-28 01:20:24.367] [INF] [default] [TitleBar.cpp:159 in Update] -> [follow mouse ok] : (0, 0)
[2026-09-28 01:20:24.373] [INF] [default] [TitleBar.cpp:159 in Update] -> [follow mouse ok] : (0, 0)
[2026-09-28 01:20:24.381] [INF] [default] [TitleBar.cpp:159 in Update] -> [follow mouse ok] : (0, 0)
[2026-09-28 01:20:24.387] [INF] [default] [TitleBar.cpp:159 in Update] -> [follow mouse ok] : (0, 0)
[2026-09-28 01:20:24.395] [INF] [default] [TitleBar.cpp:159 in Update] -> [follow mouse ok] : (0, 0)
[2026-09-28 01:20:24.401] [INF] [default] [TitleBar.cpp:159 in Update] -> [follow mouse ok] : (0, 0)
[2026-09-28 01:20:24.409] [INF] [default] [TitleBar.cpp:159 in Update] -> [follow mouse ok] : (0, 0)
[2026-09-28 01:20:24.416] [INF] [default] [TitleBar.cpp:159 in Update] -> [follow mouse ok] : (0, 0)
[2026-09-28 01:20:24.422] [INF] [default] [TitleBar.cpp:159 in Update] -> [follow mouse ok] : (0, 0)
[2026-09-28 01:20:24.430] [INF] [default] [TitleBar.cpp:159 in Update] -> [follow mouse ok] : (0, 0)
[2026-09-28 01:20:24.436] [INF] [default] [TitleBar.cpp:159 in Update] -> [follow mouse ok] : (0, 0)
[2026-09-28 01:20:24.443] [INF] [default] [TitleBar.cpp:159 in Update] -> [follow mouse ok] : (0, 0)
[2026-09-28 01:20:24.450] [INF] [default] [TitleBar.cpp:159 in Update] -> [follow mouse ok] : (0, 0)
[2026-09-28 01:20:24.457] [INF] [default] [TitleBar.cpp:159 in Update] -> [follow mouse ok] : (0, 0)
[2026-09-28 01:20:24.464] [INF] [default] [TitleBar.cpp:159 in Update] -> [follow mouse ok] : (0, 0)
[2026-09-28 01:20:24.471] [INF] [default] [TitleBar.cpp:159 in Update] -> [follow mouse ok] : (0, 0)
[2026-09-28 01:20:24.478] [INF] [default] [TitleBar.cpp:159 in Update] -> [follow mouse ok] : (0, 0)
[2026-09-28 01:20:24.485] [INF] [default] [TitleBar.cpp:159 in Update] -> [follow mouse ok] : (0, 0)
[2026-09-28 01:20:24.492] [INF] [default] [TitleBar.cpp:159 in Update] -> [follow mouse ok] : (0, 0)
[2026-09-28 01:20:24.499] [INF] [default] [TitleBar.cpp:159 in Update] -> [follow mouse ok] : (0, 0)
[2026-09-28 01:20:24.505] [INF] [default] [TitleBar.cpp:159 in Update] -> [follow mouse ok] : (0, 0)
[2026-09-28 01:20:24.513] [INF] [default] [TitleBar.cpp:159 in Update] -> [follow mouse ok] : (0, 0)
[2026-09-28 01:20:24.519] [INF] [default] [TitleBar.cpp:159 in Update] -> [follow mouse ok] : (0, 0)
[2026-09-28 01:20:24.526] [INF] [default] [TitleBar.cpp:159 in Update] -> [follow mouse ok] : (0, 0)
[2026-09-28 01:20:24.534] [INF] [default] [TitleBar.cpp:159 in Update] -> [follow mouse ok] : (0, 0)
[2026-09-28 01:20:24.540] [INF] [default] [TitleBar.cpp:159 in Update] -> [follow mouse ok] : (0, 0)
[2026-09-28 01:20:24.548] [INF] [default] [TitleBar.cpp:159 in Update] -> [follow mouse ok] : (0, 0)
[2026-09-28 01:20:24.555] [INF] [default] [TitleBar.cpp:159 in Update] -> [follow mouse ok] : (0, 0)
[2026-09-28 01:20:24.561] [INF] [default] [TitleBar.cpp:159 in Update] -> [follow mouse ok] : (0, 0)
[2026-09-28 01:20:24.568] [INF] [default] [TitleBar.cpp:159 in Update] -> [follow mouse ok] : (0, 0)
[2026-09-28 01:20:24.575] [INF] [default] [TitleBar.cpp:159 in Update] -> [follow mouse ok] : (0, 0)
[2026-09-28 01:20:24.582] [INF] [default] [TitleBar.cpp:159 in Update] -> [follow mouse ok] : (0, 0)
[2026-09-28 01:20:24.589] [INF] [default] [TitleBar.cpp:159 in Update] -> [follow mouse ok] : (0, 0)
[2026-09-28 01:20:24.596] [INF] [default] [TitleBar.cpp:159 in Update] -> [follow mouse ok] : (0, 0)
[2026-09-28 01:20:24.603] [INF] [default] [TitleBar.cpp:159 in Update] -> [follow mouse ok] : (0, 0)
[2026-09-28 01:20:24.610] [INF] [default] [TitleBar.cpp:159 in Update] -> [follow mouse ok] : (0, 0)
[2026-09-28 01:20:24.617] [INF] [default] [TitleBar.cpp:159 in Update] -> [follow mouse ok] : (0, 0)
[2026-09-28 01:20:24.624] [INF] [default] [TitleBar.cpp:159 in Update] -> [follow mouse ok] : (0, 0)
[2026-09-28 01:20:24.632] [INF] [default] [TitleBar.cpp:159 in Update] -> [follow mouse ok] : (0, 0)
[2026-09-28 01:20:24.638] [INF] [default] [TitleBar.cpp:159 in Update] -> [follow mouse ok] : (0, 0)
[2026-09-28 01:20:24.652] [INF] [default] [TitleBar.cpp:159 in Update] -> [follow mouse ok] : (0, 0)
[2026-09-28 01:20:24.659] [INF] [default] [TitleBar.cpp:159 in Update] -> [follow mouse ok] : (0, 0)
[2026-09-28 01:20:24.666] [INF] [default] [TitleBar.cpp:159 in Update] -> [follow mouse ok] : (0, 0)
[2026-09-28 01:20:24.673] [INF] [default] [TitleBar.cpp:159 in Update] -> [follow mouse ok] : (0, 0)
[2026-09-28 01:20:24.680] [INF] [default] [TitleBar.cpp:159 in Update] -> [follow mouse ok] : (0, 0)
[2026-09-28 01:20:24.687] [INF] [default] [TitleBar.cpp:159 in Update] -> [follow mouse ok] : (0, 0)
[2026-09-28 01:20:24.694] [INF] [default] [TitleBar.cpp:159 in Update] -> [follow mouse ok] : (0, 0)
[2026-09-28 01:20:24.701] [INF] [default] [TitleBar.cpp:159 in Update] -> [follow mouse ok] : (0, 0)
[2026-09-28 01:20:24.716] [INF] [default] [TitleBar.cpp:159 in Update] -> [follow mouse ok] : (0, 0)
[2026-09-28 01:20:24.722] [INF] [default] [TitleBar.cpp:159 in Update] -> [follow mouse ok] : (0, 0)
[2026-09-28 01:20:24.736] [INF] [default] [TitleBar.cpp:159 in Update] -> [follow mouse ok] : (0, 0)
[2026-09-28 01:20:24.743] [INF] [default] [TitleBar.cpp:159 in Update] -> [follow mouse ok] : (0, 0)
[2026-09-28 01:20:24.750] [INF] [default] [TitleBar.cpp:159 in Update] -> [follow mouse ok] : (0, 0)
[2026-09-28 01:20:24.763] [INF] [default] [TitleBar.cpp:159 in Update] -> [follow mouse ok] : (0, 0)
[2026-09-28 01:20:24.771] [INF] [default] [TitleBar.cpp:159 in Update] -> [follow mouse ok] : (0, 0)
[2026-09-28 01:20:24.777] [INF] [default] [TitleBar.cpp:159 in Update] -> [follow mouse ok] : (0, 0)
[2026-09-28 01:20:24.785] [INF] [default] [TitleBar.cpp:159 in Update] -> [follow mouse ok] : (0, 0)
[2026-09-28 01:20:24.791] [INF] [default] [TitleBar.cpp:159 in Update] -> [follow mouse ok] : (0, 0)
[2026-09-28 01:20:24.800] [INF] [default] [TitleBar.cpp:159 in Update] -> [follow mouse ok] : (0, 0)
[2026-09-28 01:20:24.806] [INF] [default] [TitleBar.cpp:159 in Update] -> [follow mouse ok] : (0, 0)
[2026-09-28 01:20:24.812] [INF] [default] [TitleBar.cpp:159 in Update] -> [follow mouse ok] : (0, 0)
[2026-09-28 01:20:24.820] [INF] [default] [TitleBar.cpp:159 in Update] -> [follow mouse ok] : (0, 0)
[2026-09-28 01:20:24.826] [INF] [default] [TitleBar.cpp:159 in Update] -> [follow mouse ok] : (0, 0)
[2026-09-28 01:20:24.833] [INF] [default] [TitleBar.cpp:159 in Update] -> [follow mouse ok] : (0, 0)
[2026-09-28 01:20:24.840] [INF] [default] [TitleBar.cpp:159 in Update] -> [follow mouse ok] : (0, 0)
[2026-09-28 01:20:24.847] [INF] [default] [TitleBar.cpp:159 in Update] -> [follow mouse ok] : (0, 0)
[2026-09-28 01:20:24.854] [INF] [default] [TitleBar.cpp:159 in Update] -> [follow mouse ok] : (0, 0)
[2026-09-28 01:20:24.861] [INF] [default] [TitleBar.cpp:159 in Update] -> [follow mouse ok] : (0, 0)
[2026-09-28 01:20:24.869] [INF] [default] [TitleBar.cpp:159 in Update] -> [follow mouse ok] : (0, 0)
[2026-09-28 01:20:24.875] [INF] [default] [TitleBar.cpp:159 in Update] -> [follow mouse ok] : (0, 0)
[2026-09-28 01:20:24.882] [INF] [default] [TitleBar.cpp:159 in Update] -> [follow mouse ok] : (0, 0)
[2026-09-28 01:20:24.889] [INF] [default] [TitleBar.cpp:159 in Update] -> [follow mouse ok] : (0, 0)
[2026-09-28 01:20:24.896] [INF] [default] [TitleBar.cpp:159 in Update] -> [follow mouse ok] : (0, 0)
[2026-09-28 01:20:24.903] [INF] [default] [TitleBar.cpp:159 in Update] -> [follow mouse ok] : (0, 0)
[2026-09-28 01:20:24.910] [INF] [default] [TitleBar.cpp:159 in Update] -> [follow mouse ok] : (0, 0)
[2026-09-28 01:20:24.918] [INF] [default] [TitleBar.cpp:159 in Update] -> [follow mouse ok] : (0, 0)
[2026-09-28 01:20:24.924] [INF] [default] [TitleBar.cpp:159 in Update] -> [follow mouse ok] : (0, 0)
[2026-09-28 01:20:24.932] [INF] [default] [TitleBar.cpp:159 in Update] -> [follow mouse ok] : (0, 0)
[2026-09-28 01:20:24.938] [INF] [default] [TitleBar.cpp:159 in Update] -> [follow mouse ok] : (0, 0)
[2026-09-28 01:20:24.945] [INF] [default] [TitleBar.cpp:159 in Update] -> [follow mouse ok] : (0, 0)
[2026-09-28 01:20:24.952] [INF] [default] [TitleBar.cpp:159 in Update] -> [follow mouse ok] : (0, 0)
[2026-09-28 01:20:24.958] [INF] [default] [TitleBar.cpp:159 in Update] -> [follow mouse ok] : (0, 0)
[2026-09-28 01:20:24.967] [INF] [default] [TitleBar.cpp:159 in Update] -> [follow mouse ok] : (0, 0)
[2026-09-28 01:20:24.973] [INF] [default] [TitleBar.cpp:159 in Update] -> [follow mouse ok] : (0, 0)
[2026-09-28 01:20:24.980] [INF] [default] [TitleBar.cpp:159 in Update] -> [follow mouse ok] : (0, 0)
[2026-09-28 01:20:24.987] [INF] [default] [TitleBar.cpp:159 in Update] -> [follow mouse ok] : (0, 0)
[2026-09-28 01:20:24.993] [INF] [default] [TitleBar.cpp:159 in Update] -> [follow mouse ok] : (0, 0)
[2026-09-28 01:20:25.001] [INF] [default] [TitleBar.cpp:159 in Update] -> [follow mouse ok] : (0, 0)
[2026-09-28 01:20:25.008] [INF] [default] [TitleBar.cpp:159 in Update] -> [follow mouse ok] : (0, 0)
[2026-09-28 01:20:25.015] [INF] [default] [TitleBar.cpp:159 in Update] -> [follow mouse ok] : (0, 0)
[2026-09-28 01:20:25.022] [INF] [default] [TitleBar.cpp:159 in Update] -> [follow mouse ok] : (0, 0)
[2026-09-28 01:20:25.028] [INF] [default] [TitleBar.cpp:159 in Update] -> [follow mouse ok] : (0, 0)
[2026-09-28 01:20:25.035] [INF] [default] [TitleBar.cpp:159 in Update] -> [follow mouse ok] : (0, 0)
[2026-09-28 01:20:25.043] [INF] [default] [TitleBar.cpp:159 in Update] -> [follow mouse ok] : (0, 0)
[2026-09-28 01:20:25.050] [INF] [default] [TitleBar.cpp:159 in Update] -> [follow mouse ok] : (0, 0)
[2026-09-28 01:20:25.056] [INF] [default] [TitleBar.cpp:159 in Update] -> [follow mouse ok] : (0, 0)
[2026-09-28 01:20:25.063] [INF] [default] [TitleBar.cpp:159 in Update] -> [follow mouse ok] : (0, 0)
[2026-09-28 01:20:25.070] [INF] [default] [TitleBar.cpp:159 in Update] -> [follow mouse ok] : (0, 0)
[2026-09-28 01:20:25.077] [INF] [default] [TitleBar.cpp:159 in Update] -> [follow mouse ok] : (0, 0)
[2026-09-28 01:20:25.085] [INF] [default] [TitleBar.cpp:159 in Update] -> [follow mouse ok] : (0, 0)
[2026-09-28 01:20:25.091] [INF] [default] [TitleBar.cpp:159 in Update] -> [follow mouse ok] : (0, 0)
[2026-09-28 01:20:25.098] [INF] [default] [TitleBar.cpp:159 in Update] -> [follow mouse ok] : (0, 0)
[2026-09-28 01:20:25.106] [INF] [default] [TitleBar.cpp:159 in Update] -> [follow mouse ok] : (0, 0)
[2026-09-28 01:20:25.112] [INF] [default] [TitleBar.cpp:159 in Update] -> [follow mouse ok] : (0, 0)
[2026-09-28 01:20:25.120] [INF] [default] [TitleBar.cpp:159 in Update] -> [follow mouse ok] : (0, 0)
[2026-09-28 01:20:25.126] [INF] [default] [TitleBar.cpp:159 in Update] -> [follow mouse ok] : (0, 0)
[2026-09-28 01:20:25.133] [INF] [default] [TitleBar.cpp:159 in Update] -> [follow mouse ok] : (0, 0)
[2026-09-28 01:20:25.140] [INF] [default] [TitleBar.cpp:159 in Update] -> [follow mouse ok] : (0, 0)
[2026-09-28 01:20:25.147] [INF] [default] [TitleBar.cpp:159 in Update] -> [follow mouse ok] : (0, 0)
[2026-09-28 01:20:25.155] [INF] [default] [TitleBar.cpp:159 in Update] -> [follow mouse ok] : (0, 0)
[2026-09-28 01:20:25.161] [INF] [default] [TitleBar.cpp:159 in Update] -> [follow mouse ok] : (0, 0)
[2026-09-28 01:20:25.168] [INF] [default] [TitleBar.cpp:159 in Update] -> [follow mouse ok] : (0, 0)
[2026-09-28 01:20:25.175] [INF] [default] [TitleBar.cpp:159 in Update] -> [follow mouse ok] : (0, 0)
[2026-09-28 01:20:25.182] [INF] [default] [TitleBar.cpp:159 in Update] -> [follow mouse ok] : (0, 0)
[2026-09-28 01:20:25.189] [INF] [default] [TitleBar.cpp:159 in Update] -> [follow mouse ok] : (0, 0)
[2026-09-28 01:20:25.196] [INF] [default] [TitleBar.cpp:159 in Update] -> [follow mouse ok] : (0, 0)
[2026-09-28 01:20:25.203] [INF] [default] [TitleBar.cpp:159 in Update] -> [follow mouse ok] : (0, 0)
[2026-09-28 01:20:25.210] [INF] [default] [TitleBar.cpp:159 in Update] -> [follow mouse ok] : (0, 0)
[2026-09-28 01:20:25.217] [INF] [default] [TitleBar.cpp:159 in Update] -> [follow mouse ok] : (0, 0)
[2026-09-28 01:20:25.223] [INF] [default] [TitleBar.cpp:159 in Update] -> [follow mouse ok] : (0, 0)
[2026-09-28 01:20:25.231] [INF] [default] [TitleBar.cpp:159 in Update] -> [follow mouse ok] : (0, 0)
[2026-09-28 01:20:25.238] [INF] [default] [TitleBar.cpp:159 in Update] -> [follow mouse ok] : (0, 0)
[2026-09-28 01:20:25.244] [INF] [default] [TitleBar.cpp:159 in Update] -> [follow mouse ok] : (0, 0)
[2026-09-28 01:20:25.251] [INF] [default] [TitleBar.cpp:159 in Update] -> [follow mouse ok] : (0, 0)
[2026-09-28 01:20:25.259] [INF] [default] [TitleBar.cpp:159 in Update] -> [follow mouse ok] : (0, 0)
[2026-09-28 01:20:25.266] [INF] [default] [TitleBar.cpp:159 in Update] -> [follow mouse ok] : (0, 0)
[2026-09-28 01:20:25.272] [INF] [default] [TitleBar.cpp:159 in Update] -> [follow mouse ok] : (0, 0)
[2026-09-28 01:20:25.280] [INF] [default] [TitleBar.cpp:159 in Update] -> [follow mouse ok] : (0, 0)
[2026-09-28 01:20:25.287] [INF] [default] [TitleBar.cpp:159 in Update] -> [follow mouse ok] : (0, 0)
[2026-09-28 01:20:25.293] [INF] [default] [TitleBar.cpp:159 in Update] -> [follow mouse ok] : (0, 0)
[2026-09-28 01:20:25.300] [INF] [default] [TitleBar.cpp:159 in Update] -> [follow mouse ok] : (0, 0)
[2026-09-28 01:20:25.307] [INF] [default] [TitleBar.cpp:159 in Update] -> [follow mouse ok] : (0, 0)
[2026-09-28 01:20:25.316] [INF] [default] [TitleBar.cpp:159 in Update] -> [follow mouse ok] : (0, 0)
[2026-09-28 01:20:25.321] [INF] [default] [TitleBar.cpp:159 in Update] -> [follow mouse ok] : (0, 0)
[2026-09-28 01:20:25.329] [INF] [default] [TitleBar.cpp:159 in Update] -> [follow mouse ok] : (0, 0)
[2026-09-28 01:20:25.336] [INF] [default] [TitleBar.cpp:159 in Update] -> [follow mouse ok] : (0, 0)
[2026-09-28 01:20:25.342] [INF] [default] [TitleBar.cpp:159 in Update] -> [follow mouse ok] : (0, 0)
[2026-09-28 01:20:25.349] [INF] [default] [TitleBar.cpp:159 in Update] -> [follow mouse ok] : (0, 0)
[2026-09-28 01:20:25.356] [INF] [default] [TitleBar.cpp:159 in Update] -> [follow mouse ok] : (0, 0)
[2026-09-28 01:20:25.364] [INF] [default] [TitleBar.cpp:159 in Update] -> [follow mouse ok] : (0, 0)
[2026-09-28 01:20:25.370] [INF] [default] [TitleBar.cpp:159 in Update] -> [follow mouse ok] : (0, 0)
[2026-09-28 01:20:25.377] [INF] [default] [TitleBar.cpp:159 in Update] -> [follow mouse ok] : (0, 0)
[2026-09-28 01:20:25.384] [INF] [default] [TitleBar.cpp:159 in Update] -> [follow mouse ok] : (0, 0)
[2026-09-28 01:20:25.391] [INF] [default] [TitleBar.cpp:159 in Update] -> [follow mouse ok] : (0, 0)
[2026-09-28 01:20:25.399] [INF] [default] [TitleBar.cpp:159 in Update] -> [follow mouse ok] : (0, 0)
[2026-09-28 01:20:25.405] [INF] [default] [TitleBar.cpp:159 in Update] -> [follow mouse ok] : (0, 0)
[2026-09-28 01:20:25.412] [INF] [default] [TitleBar.cpp:159 in Update] -> [follow mouse ok] : (0, 0)
[2026-09-28 01:20:25.419] [INF] [default] [TitleBar.cpp:159 in Update] -> [follow mouse ok] : (0, 0)
[2026-09-28 01:20:25.426] [INF] [default] [TitleBar.cpp:159 in Update] -> [follow mouse ok] : (0, 0)
[2026-09-28 01:20:25.433] [INF] [default] [TitleBar.cpp:159 in Update] -> [follow mouse ok] : (0, 0)
[2026-09-28 01:20:25.440] [INF] [default] [TitleBar.cpp:159 in Update] -> [follow mouse ok] : (0, 0)
[2026-09-28 01:20:25.447] [INF] [default] [TitleBar.cpp:159 in Update] -> [follow mouse ok] : (0, 0)
[2026-09-28 01:20:25.454] [INF] [default] [TitleBar.cpp:159 in Update] -> [follow mouse ok] : (0, 0)
[2026-09-28 01:20:25.461] [INF] [default] [TitleBar.cpp:159 in Update] -> [follow mouse ok] : (0, 0)
[2026-09-28 01:20:25.468] [INF] [default] [TitleBar.cpp:159 in Update] -> [follow mouse ok] : (0, 0)
[2026-09-28 01:20:25.475] [INF] [default] [TitleBar.cpp:159 in Update] -> [follow mouse ok] : (0, 0)
[2026-09-28 01:20:25.482] [INF] [default] [TitleBar.cpp:159 in Update] -> [follow mouse ok] : (0, 0)
[2026-09-28 01:20:25.489] [INF] [default] [TitleBar.cpp:159 in Update] -> [follow mouse ok] : (0, 0)
[2026-09-28 01:20:25.496] [INF] [default] [TitleBar.cpp:159 in Update] -> [follow mouse ok] : (0, 0)
[2026-09-28 01:20:25.502] [INF] [default] [TitleBar.cpp:159 in Update] -> [follow mouse ok] : (0, 0)
[2026-09-28 01:20:25.510] [INF] [default] [TitleBar.cpp:159 in Update] -> [follow mouse ok] : (0, 0)
[2026-09-28 01:20:25.517] [INF] [default] [TitleBar.cpp:159 in Update] -> [follow mouse ok] : (0, 0)
[2026-09-28 01:20:25.524] [INF] [default] [TitleBar.cpp:159 in Update] -> [follow mouse ok] : (0, 0)
[2026-09-28 01:20:25.530] [INF] [default] [TitleBar.cpp:159 in Update] -> [follow mouse ok] : (0, 0)
[2026-09-28 01:20:25.537] [INF] [default] [TitleBar.cpp:159 in Update] -> [follow mouse ok] : (0, 0)
[2026-09-28 01:20:25.544] [INF] [default] [TitleBar.cpp:159 in Update] -> [follow mouse ok] : (0, 0)
[2026-09-28 01:20:25.551] [INF] [default] [TitleBar.cpp:159 in Update] -> [follow mouse ok] : (0, 0)
[2026-09-28 01:20:25.559] [INF] [default] [TitleBar.cpp:159 in Update] -> [follow mouse ok] : (0, 0)
[2026-09-28 01:20:25.566] [INF] [default] [TitleBar.cpp:159 in Update] -> [follow mouse ok] : (0, 0)
[2026-09-28 01:20:25.572] [INF] [default] [TitleBar.cpp:159 in Update] -> [follow mouse ok] : (0, 0)
[2026-09-28 01:20:25.580] [INF] [default] [TitleBar.cpp:159 in Update] -> [follow mouse ok] : (0, 0)
[2026-09-28 01:20:25.587] [INF] [default] [TitleBar.cpp:159 in Update] -> [follow mouse ok] : (0, 0)
[2026-09-28 01:20:25.593] [INF] [default] [TitleBar.cpp:159 in Update] -> [follow mouse ok] : (0, 0)
[2026-09-28 01:20:25.601] [INF] [default] [TitleBar.cpp:159 in Update] -> [follow mouse ok] : (0, 0)
[2026-09-28 01:20:25.607] [INF] [default] [TitleBar.cpp:159 in Update] -> [follow mouse ok] : (0, 0)
[2026-09-28 01:20:25.614] [INF] [default] [TitleBar.cpp:159 in Update] -> [follow mouse ok] : (0, 0)
[2026-09-28 01:20:25.622] [INF] [default] [TitleBar.cpp:159 in Update] -> [follow mouse ok] : (0, 0)
[2026-09-28 01:20:25.628] [INF] [default] [TitleBar.cpp:159 in Update] -> [follow mouse ok] : (0, 0)
[2026-09-28 01:20:25.635] [INF] [default] [TitleBar.cpp:159 in Update] -> [follow mouse ok] : (0, 0)
[2026-09-28 01:20:25.641] [INF] [default] [TitleBar.cpp:159 in Update] -> [follow mouse ok] : (0, 0)
[2026-09-28 01:20:25.649] [INF] [default] [TitleBar.cpp:159 in Update] -> [follow mouse ok] : (0, 0)
[2026-09-28 01:20:25.656] [INF] [default] [TitleBar.cpp:159 in Update] -> [follow mouse ok] : (0, 0)
[2026-09-28 01:20:25.670] [INF] [default] [TitleBar.cpp:159 in Update] -> [follow mouse ok] : (0, 0)
[2026-09-28 01:20:25.676] [INF] [default] [TitleBar.cpp:159 in Update] -> [follow mouse ok] : (0, 0)
[2026-09-28 01:20:25.690] [INF] [default] [TitleBar.cpp:159 in Update] -> [follow mouse ok] : (0, 0)
[2026-09-28 01:20:25.699] [INF] [default] [TitleBar.cpp:159 in Update] -> [follow mouse ok] : (0, 0)
[2026-09-28 01:20:25.711] [INF] [default] [TitleBar.cpp:159 in Update] -> [follow mouse ok] : (0, 0)
[2026-09-28 01:20:25.719] [INF] [default] [TitleBar.cpp:159 in Update] -> [follow mouse ok] : (0, 0)
[2026-09-28 01:20:25.740] [INF] [default] [TitleBar.cpp:159 in Update] -> [follow mouse ok] : (0, 0)
[2026-09-28 01:20:25.746] [INF] [default] [TitleBar.cpp:159 in Update] -> [follow mouse ok] : (0, 0)
[2026-09-28 01:20:25.768] [INF] [default] [TitleBar.cpp:159 in Update] -> [follow mouse ok] : (0, 0)
[2026-09-28 01:20:25.782] [INF] [default] [TitleBar.cpp:159 in Update] -> [follow mouse ok] : (0, 0)
[2026-09-28 01:20:25.789] [INF] [default] [TitleBar.cpp:159 in Update] -> [follow mouse ok] : (0, 0)
[2026-09-28 01:20:25.844] [INF] [default] [TitleBar.cpp:159 in Update] -> [follow mouse ok] : (0, 0)
