[2026-09-28 02:02:58.528] [INF] [default] [c3-exo10_main.cpp:40 in nkmain] -> [window] : (312, 160)
[2026-09-28 02:02:58.529] [INF] [default] [button.h:33 in Button] -> [button] size : NkRectT[pos(1130, 10); size(40, 30)]
[2026-09-28 02:02:58.529] [INF] [default] [button.h:33 in Button] -> [button] size : NkRectT[pos(1060, 10); size(40, 30)]
[2026-09-28 02:02:58.529] [INF] [default] [button.h:33 in Button] -> [button] size : NkRectT[pos(1020, 10); size(40, 30)]
[2026-09-28 02:02:58.530] [INF] [default] [c3-exo10_main.cpp:43 in nkmain] -> [button] : RECT : (1130, 10) (1170, 40)
[2026-09-28 02:03:00.557] [INF] [default] [TitleBar.cpp:145 in Update] -> [follow mouse ok] : (474, 474)
[2026-09-28 02:03:00.786] [INF] [default] [TitleBar.cpp:165 in Update] -> (0.969706, 0.244277)
[2026-09-28 02:03:00.788] [INF] [default] [TitleBar.cpp:165 in Update] -> (0.969925, 0.243403)
[2026-09-28 02:03:00.793] [INF] [default] [TitleBar.cpp:165 in Update] -> (0.969925, 0.243403)
[2026-09-28 02:03:00.801] [INF] [default] [TitleBar.cpp:165 in Update] -> (0.970287, 0.241958)
[2026-09-28 02:03:00.805] [INF] [default] [TitleBar.cpp:165 in Update] -> (0.970717, 0.240228)
[2026-09-28 02:03:00.807] [INF] [default] [TitleBar.cpp:165 in Update] -> (0.970717, 0.240228)
[2026-09-28 02:03:00.813] [INF] [default] [TitleBar.cpp:165 in Update] -> (0.971141, 0.238504)
[2026-09-28 02:03:00.821] [INF] [default] [TitleBar.cpp:165 in Update] -> (0.971493, 0.237069)
[2026-09-28 02:03:00.823] [INF] [default] [TitleBar.cpp:165 in Update] -> (0.97163, 0.236507)
[2026-09-28 02:03:00.829] [INF] [default] [TitleBar.cpp:165 in Update] -> (0.97163, 0.236507)
[2026-09-28 02:03:00.835] [INF] [default] [TitleBar.cpp:165 in Update] -> (0.971698, 0.236227)
[2026-09-28 02:03:00.839] [INF] [default] [TitleBar.cpp:165 in Update] -> (0.971766, 0.235948)
[2026-09-28 02:03:00.842] [INF] [default] [TitleBar.cpp:165 in Update] -> (0.971766, 0.235948)
[2026-09-28 02:03:00.849] [INF] [default] [TitleBar.cpp:165 in Update] -> (0.972111, 0.234522)
[2026-09-28 02:03:00.856] [INF] [default] [TitleBar.cpp:165 in Update] -> (0.972178, 0.234245)
[2026-09-28 02:03:00.859] [INF] [default] [TitleBar.cpp:165 in Update] -> (0.972178, 0.234245)
[2026-09-28 02:03:00.863] [INF] [default] [TitleBar.cpp:165 in Update] -> (0.972244, 0.233969)
[2026-09-28 02:03:00.870] [INF] [default] [TitleBar.cpp:165 in Update] -> (0.972585, 0.232548)
[2026-09-28 02:03:00.873] [INF] [default] [TitleBar.cpp:165 in Update] -> (0.97265, 0.232275)
[2026-09-28 02:03:00.877] [INF] [default] [TitleBar.cpp:165 in Update] -> (0.97265, 0.232275)
[2026-09-28 02:03:00.884] [INF] [default] [TitleBar.cpp:165 in Update] -> (0.972923, 0.23113)
[2026-09-28 02:03:00.889] [INF] [default] [TitleBar.cpp:165 in Update] -> (0.973052, 0.230587)
[2026-09-28 02:03:00.892] [INF] [default] [TitleBar.cpp:165 in Update] -> (0.973052, 0.230587)
[2026-09-28 02:03:00.906] [INF] [default] [TitleBar.cpp:165 in Update] -> (0.973116, 0.230316)
[2026-09-28 02:03:00.908] [INF] [default] [TitleBar.cpp:165 in Update] -> (0.973512, 0.228637)
[2026-09-28 02:03:00.912] [INF] [default] [TitleBar.cpp:165 in Update] -> (0.973512, 0.228637)
[2026-09-28 02:03:00.922] [INF] [default] [TitleBar.cpp:165 in Update] -> (0.973575, 0.228369)
[2026-09-28 02:03:00.926] [INF] [default] [TitleBar.cpp:165 in Update] -> (0.973575, 0.228369)
[2026-09-28 02:03:00.933] [INF] [default] [TitleBar.cpp:165 in Update] -> (0.973965, 0.226699)
[2026-09-28 02:03:00.940] [INF] [default] [TitleBar.cpp:165 in Update] -> (0.974026, 0.226434)
[2026-09-28 02:03:00.942] [INF] [default] [TitleBar.cpp:165 in Update] -> (0.974026, 0.226434)
[2026-09-28 02:03:00.946] [INF] [default] [TitleBar.cpp:165 in Update] -> (0.97429, 0.225297)
[2026-09-28 02:03:00.956] [INF] [default] [TitleBar.cpp:165 in Update] -> (0.974411, 0.224772)
[2026-09-28 02:03:00.961] [INF] [default] [TitleBar.cpp:165 in Update] -> (0.974411, 0.224772)
[2026-09-28 02:03:00.968] [INF] [default] [TitleBar.cpp:165 in Update] -> (0.974472, 0.224511)
[2026-09-28 02:03:00.973] [INF] [default] [TitleBar.cpp:165 in Update] -> (0.974532, 0.22425)
[2026-09-28 02:03:00.975] [INF] [default] [TitleBar.cpp:165 in Update] -> (0.974532, 0.22425)
[2026-09-28 02:03:00.981] [INF] [default] [TitleBar.cpp:165 in Update] -> (0.974851, 0.222857)
[2026-09-28 02:03:00.989] [INF] [default] [TitleBar.cpp:165 in Update] -> (0.97491, 0.222599)
[2026-09-28 02:03:00.992] [INF] [default] [TitleBar.cpp:165 in Update] -> (0.975168, 0.221467)
[2026-09-28 02:03:00.995] [INF] [default] [TitleBar.cpp:165 in Update] -> (0.975168, 0.221467)
[2026-09-28 02:03:01.002] [INF] [default] [TitleBar.cpp:165 in Update] -> (0.975226, 0.22121)
[2026-09-28 02:03:01.006] [INF] [default] [TitleBar.cpp:165 in Update] -> (0.975284, 0.220954)
[2026-09-28 02:03:01.016] [INF] [default] [TitleBar.cpp:165 in Update] -> (0.975284, 0.220954)
[2026-09-28 02:03:01.022] [INF] [default] [TitleBar.cpp:165 in Update] -> (0.975342, 0.220698)
[2026-09-28 02:03:01.025] [INF] [default] [TitleBar.cpp:165 in Update] -> (0.975342, 0.220698)
[2026-09-28 02:03:01.038] [INF] [default] [TitleBar.cpp:165 in Update] -> (0.9754, 0.220443)
[2026-09-28 02:03:01.039] [INF] [default] [TitleBar.cpp:165 in Update] -> (0.975457, 0.220188)
[2026-09-28 02:03:01.051] [INF] [default] [TitleBar.cpp:165 in Update] -> (0.975457, 0.220188)
[2026-09-28 02:03:01.056] [INF] [default] [TitleBar.cpp:165 in Update] -> (0.975515, 0.219934)
[2026-09-28 02:03:01.059] [INF] [default] [TitleBar.cpp:165 in Update] -> (0.975515, 0.219934)
[2026-09-28 02:03:01.072] [INF] [default] [TitleBar.cpp:165 in Update] -> (0.975572, 0.219681)
[2026-09-28 02:03:01.073] [INF] [default] [TitleBar.cpp:165 in Update] -> (0.975881, 0.218305)
[2026-09-28 02:03:01.079] [INF] [default] [TitleBar.cpp:165 in Update] -> (0.975881, 0.218305)
[2026-09-28 02:03:01.090] [INF] [default] [TitleBar.cpp:165 in Update] -> (0.975937, 0.218054)
[2026-09-28 02:03:01.106] [INF] [default] [TitleBar.cpp:165 in Update] -> (0.975937, 0.218054)
[2026-09-28 02:03:01.109] [INF] [default] [TitleBar.cpp:165 in Update] -> (0.975937, 0.218054)
[2026-09-28 02:03:01.122] [INF] [default] [TitleBar.cpp:165 in Update] -> (0.975993, 0.217803)
[2026-09-28 02:03:01.128] [INF] [default] [TitleBar.cpp:165 in Update] -> (0.975993, 0.217803)
[2026-09-28 02:03:01.139] [INF] [default] [TitleBar.cpp:165 in Update] -> (0.976048, 0.217553)
[2026-09-28 02:03:01.142] [INF] [default] [TitleBar.cpp:165 in Update] -> (0.976048, 0.217553)
[2026-09-28 02:03:01.156] [INF] [default] [TitleBar.cpp:165 in Update] -> (0.976104, 0.217304)
[2026-09-28 02:03:01.173] [INF] [default] [TitleBar.cpp:165 in Update] -> (0.976104, 0.217304)
[2026-09-28 02:03:01.177] [INF] [default] [TitleBar.cpp:165 in Update] -> (0.976104, 0.217304)
[2026-09-28 02:03:01.189] [INF] [default] [TitleBar.cpp:165 in Update] -> (0.976407, 0.215936)
[2026-09-28 02:03:01.192] [INF] [default] [TitleBar.cpp:165 in Update] -> (0.976407, 0.215936)
[2026-09-28 02:03:01.205] [INF] [default] [TitleBar.cpp:165 in Update] -> (0.976462, 0.215689)
[2026-09-28 02:03:01.207] [INF] [default] [TitleBar.cpp:165 in Update] -> (0.976516, 0.215442)
[2026-09-28 02:03:01.212] [INF] [default] [TitleBar.cpp:165 in Update] -> (0.976516, 0.215442)
[2026-09-28 02:03:01.222] [INF] [default] [TitleBar.cpp:165 in Update] -> (0.976571, 0.215196)
[2026-09-28 02:03:01.226] [INF] [default] [TitleBar.cpp:165 in Update] -> (0.976571, 0.215196)
[2026-09-28 02:03:01.239] [INF] [default] [TitleBar.cpp:165 in Update] -> (0.976625, 0.214951)
[2026-09-28 02:03:01.256] [INF] [default] [TitleBar.cpp:165 in Update] -> (0.976625, 0.214951)
[2026-09-28 02:03:01.260] [INF] [default] [TitleBar.cpp:165 in Update] -> (0.976625, 0.214951)
[2026-09-28 02:03:01.273] [INF] [default] [TitleBar.cpp:165 in Update] -> (0.976679, 0.214706)
[2026-09-28 02:03:01.275] [INF] [default] [TitleBar.cpp:165 in Update] -> (0.976679, 0.214706)
[2026-09-28 02:03:01.289] [INF] [default] [TitleBar.cpp:165 in Update] -> (0.976732, 0.214462)
[2026-09-28 02:03:01.290] [INF] [default] [TitleBar.cpp:165 in Update] -> (0.976976, 0.213349)
[2026-09-28 02:03:01.305] [INF] [default] [TitleBar.cpp:165 in Update] -> (0.976976, 0.213349)
[2026-09-28 02:03:01.322] [INF] [default] [TitleBar.cpp:165 in Update] -> (0.976976, 0.213349)
[2026-09-28 02:03:01.339] [INF] [default] [TitleBar.cpp:165 in Update] -> (0.976976, 0.213349)
[2026-09-28 02:03:01.356] [INF] [default] [TitleBar.cpp:165 in Update] -> (0.976976, 0.213349)
[2026-09-28 02:03:01.373] [INF] [default] [TitleBar.cpp:165 in Update] -> (0.976976, 0.213349)
[2026-09-28 02:03:01.389] [INF] [default] [TitleBar.cpp:165 in Update] -> (0.976976, 0.213349)
[2026-09-28 02:03:01.407] [INF] [default] [TitleBar.cpp:165 in Update] -> (0.976976, 0.213349)
[2026-09-28 02:03:01.420] [INF] [default] [TitleBar.cpp:165 in Update] -> (0.976976, 0.213349)
[2026-09-28 02:03:01.422] [INF] [default] [TitleBar.cpp:165 in Update] -> (0.976923, 0.213592)
[2026-09-28 02:03:01.439] [INF] [default] [TitleBar.cpp:165 in Update] -> (0.976923, 0.213592)
[2026-09-28 02:03:01.442] [INF] [default] [TitleBar.cpp:165 in Update] -> (0.976923, 0.213592)
[2026-09-28 02:03:01.449] [INF] [default] [TitleBar.cpp:165 in Update] -> (0.976816, 0.214081)
[2026-09-28 02:03:01.456] [INF] [default] [TitleBar.cpp:165 in Update] -> (0.976762, 0.214326)
[2026-09-28 02:03:01.458] [INF] [default] [TitleBar.cpp:165 in Update] -> (0.976708, 0.214571)
[2026-09-28 02:03:01.462] [INF] [default] [TitleBar.cpp:165 in Update] -> (0.976708, 0.214571)
[2026-09-28 02:03:01.469] [INF] [default] [TitleBar.cpp:165 in Update] -> (0.9766, 0.215064)
[2026-09-28 02:03:01.472] [INF] [default] [TitleBar.cpp:165 in Update] -> (0.976546, 0.215311)
[2026-09-28 02:03:01.476] [INF] [default] [TitleBar.cpp:165 in Update] -> (0.976546, 0.215311)
[2026-09-28 02:03:01.483] [INF] [default] [TitleBar.cpp:165 in Update] -> (0.976436, 0.215807)
[2026-09-28 02:03:01.489] [INF] [default] [TitleBar.cpp:165 in Update] -> (0.97627, 0.216555)
[2026-09-28 02:03:01.492] [INF] [default] [TitleBar.cpp:165 in Update] -> (0.97627, 0.216555)
[2026-09-28 02:03:01.497] [INF] [default] [TitleBar.cpp:165 in Update] -> (0.976159, 0.217056)
[2026-09-28 02:03:01.503] [INF] [default] [TitleBar.cpp:165 in Update] -> (0.975991, 0.217813)
[2026-09-28 02:03:01.506] [INF] [default] [TitleBar.cpp:165 in Update] -> (0.97582, 0.218574)
[2026-09-28 02:03:01.511] [INF] [default] [TitleBar.cpp:165 in Update] -> (0.97582, 0.218574)
[2026-09-28 02:03:01.518] [INF] [default] [TitleBar.cpp:165 in Update] -> (0.975648, 0.219341)
[2026-09-28 02:03:01.523] [INF] [default] [TitleBar.cpp:165 in Update] -> (0.975474, 0.220113)
[2026-09-28 02:03:01.525] [INF] [default] [TitleBar.cpp:165 in Update] -> (0.975474, 0.220113)
[2026-09-28 02:03:01.532] [INF] [default] [TitleBar.cpp:165 in Update] -> (0.97524, 0.221151)
[2026-09-28 02:03:01.539] [INF] [default] [TitleBar.cpp:165 in Update] -> (0.975061, 0.221936)
[2026-09-28 02:03:01.541] [INF] [default] [TitleBar.cpp:165 in Update] -> (0.974821, 0.22299)
[2026-09-28 02:03:01.545] [INF] [default] [TitleBar.cpp:165 in Update] -> (0.974941, 0.222462)
[2026-09-28 02:03:01.553] [INF] [default] [TitleBar.cpp:165 in Update] -> (0.974432, 0.224681)
[2026-09-28 02:03:01.556] [INF] [default] [TitleBar.cpp:165 in Update] -> (0.974246, 0.225486)
[2026-09-28 02:03:01.560] [INF] [default] [TitleBar.cpp:165 in Update] -> (0.974246, 0.225486)
[2026-09-28 02:03:01.567] [INF] [default] [TitleBar.cpp:165 in Update] -> (0.974121, 0.226026)
[2026-09-28 02:03:01.573] [INF] [default] [TitleBar.cpp:165 in Update] -> (0.973932, 0.22684)
[2026-09-28 02:03:01.575] [INF] [default] [TitleBar.cpp:165 in Update] -> (0.973932, 0.22684)
[2026-09-28 02:03:01.580] [INF] [default] [TitleBar.cpp:165 in Update] -> (0.97353, 0.228557)
[2026-09-28 02:03:01.588] [INF] [default] [TitleBar.cpp:165 in Update] -> (0.973401, 0.229108)
[2026-09-28 02:03:01.589] [INF] [default] [TitleBar.cpp:165 in Update] -> (0.97327, 0.229662)
[2026-09-28 02:03:01.595] [INF] [default] [TitleBar.cpp:165 in Update] -> (0.97327, 0.229662)
[2026-09-28 02:03:01.601] [INF] [default] [TitleBar.cpp:165 in Update] -> (0.972793, 0.231677)
[2026-09-28 02:03:01.606] [INF] [default] [TitleBar.cpp:165 in Update] -> (0.972726, 0.231958)
[2026-09-28 02:03:01.609] [INF] [default] [TitleBar.cpp:165 in Update] -> (0.972726, 0.231958)
[2026-09-28 02:03:01.615] [INF] [default] [TitleBar.cpp:165 in Update] -> (0.972591, 0.232522)
[2026-09-28 02:03:01.622] [INF] [default] [TitleBar.cpp:165 in Update] -> (0.972456, 0.233089)
[2026-09-28 02:03:01.624] [INF] [default] [TitleBar.cpp:165 in Update] -> (0.972387, 0.233373)
[2026-09-28 02:03:01.630] [INF] [default] [TitleBar.cpp:165 in Update] -> (0.972456, 0.233089)
[2026-09-28 02:03:01.636] [INF] [default] [TitleBar.cpp:165 in Update] -> (0.972181, 0.23423)
[2026-09-28 02:03:01.639] [INF] [default] [TitleBar.cpp:165 in Update] -> (0.972112, 0.234517)
[2026-09-28 02:03:01.644] [INF] [default] [TitleBar.cpp:165 in Update] -> (0.972112, 0.234517)
[2026-09-28 02:03:01.650] [INF] [default] [TitleBar.cpp:165 in Update] -> (0.971973, 0.235094)
[2026-09-28 02:03:01.655] [INF] [default] [TitleBar.cpp:165 in Update] -> (0.971832, 0.235673)
[2026-09-28 02:03:01.658] [INF] [default] [TitleBar.cpp:165 in Update] -> (0.971832, 0.235673)
[2026-09-28 02:03:01.664] [INF] [default] [TitleBar.cpp:165 in Update] -> (0.971762, 0.235963)
[2026-09-28 02:03:01.671] [INF] [default] [TitleBar.cpp:165 in Update] -> (0.97162, 0.236546)
[2026-09-28 02:03:01.673] [INF] [default] [TitleBar.cpp:165 in Update] -> (0.971549, 0.236839)
[2026-09-28 02:03:01.678] [INF] [default] [TitleBar.cpp:165 in Update] -> (0.971549, 0.236839)
[2026-09-28 02:03:01.685] [INF] [default] [TitleBar.cpp:165 in Update] -> (0.971406, 0.237426)
[2026-09-28 02:03:01.689] [INF] [default] [TitleBar.cpp:165 in Update] -> (0.971333, 0.237721)
[2026-09-28 02:03:01.692] [INF] [default] [TitleBar.cpp:165 in Update] -> (0.971333, 0.237721)
[2026-09-28 02:03:01.699] [INF] [default] [TitleBar.cpp:165 in Update] -> (0.971261, 0.238017)
[2026-09-28 02:03:01.706] [INF] [default] [TitleBar.cpp:165 in Update] -> (0.971116, 0.23861)
[2026-09-28 02:03:01.709] [INF] [default] [TitleBar.cpp:165 in Update] -> (0.971116, 0.23861)
[2026-09-28 02:03:01.713] [INF] [default] [TitleBar.cpp:165 in Update] -> (0.971042, 0.238907)
[2026-09-28 02:03:01.720] [INF] [default] [TitleBar.cpp:165 in Update] -> (0.970895, 0.239505)
[2026-09-28 02:03:01.722] [INF] [default] [TitleBar.cpp:165 in Update] -> (0.970747, 0.240105)
[2026-09-28 02:03:01.727] [INF] [default] [TitleBar.cpp:165 in Update] -> (0.970747, 0.240105)
[2026-09-28 02:03:01.734] [INF] [default] [TitleBar.cpp:165 in Update] -> (0.970672, 0.240406)
[2026-09-28 02:03:01.739] [INF] [default] [TitleBar.cpp:165 in Update] -> (0.970598, 0.240708)
[2026-09-28 02:03:01.742] [INF] [default] [TitleBar.cpp:165 in Update] -> (0.970598, 0.240708)
[2026-09-28 02:03:01.748] [INF] [default] [TitleBar.cpp:165 in Update] -> (0.970447, 0.241314)
[2026-09-28 02:03:01.755] [INF] [default] [TitleBar.cpp:165 in Update] -> (0.970371, 0.241619)
[2026-09-28 02:03:01.757] [INF] [default] [TitleBar.cpp:165 in Update] -> (0.970219, 0.242229)
[2026-09-28 02:03:01.769] [INF] [default] [TitleBar.cpp:165 in Update] -> (0.970219, 0.242229)
[2026-09-28 02:03:01.772] [INF] [default] [TitleBar.cpp:165 in Update] -> (0.970066, 0.242843)
[2026-09-28 02:03:01.776] [INF] [default] [TitleBar.cpp:165 in Update] -> (0.970066, 0.242843)
[2026-09-28 02:03:01.783] [INF] [default] [TitleBar.cpp:165 in Update] -> (0.969911, 0.243459)
[2026-09-28 02:03:01.789] [INF] [default] [TitleBar.cpp:165 in Update] -> (0.969833, 0.243769)
[2026-09-28 02:03:01.791] [INF] [default] [TitleBar.cpp:165 in Update] -> (0.969833, 0.243769)
[2026-09-28 02:03:01.798] [INF] [default] [TitleBar.cpp:165 in Update] -> (0.969755, 0.244079)
[2026-09-28 02:03:01.804] [INF] [default] [TitleBar.cpp:165 in Update] -> (0.969677, 0.24439)
[2026-09-28 02:03:01.805] [INF] [default] [TitleBar.cpp:165 in Update] -> (0.969519, 0.245014)
[2026-09-28 02:03:01.810] [INF] [default] [TitleBar.cpp:165 in Update] -> (0.969519, 0.245014)
[2026-09-28 02:03:01.817] [INF] [default] [TitleBar.cpp:165 in Update] -> (0.969361, 0.245642)
[2026-09-28 02:03:01.822] [INF] [default] [TitleBar.cpp:165 in Update] -> (0.969281, 0.245957)
[2026-09-28 02:03:01.825] [INF] [default] [TitleBar.cpp:165 in Update] -> (0.969281, 0.245957)
[2026-09-28 02:03:01.832] [INF] [default] [TitleBar.cpp:165 in Update] -> (0.969201, 0.246272)
[2026-09-28 02:03:01.838] [INF] [default] [TitleBar.cpp:165 in Update] -> (0.96912, 0.246589)
[2026-09-28 02:03:01.841] [INF] [default] [TitleBar.cpp:165 in Update] -> (0.968958, 0.247224)
[2026-09-28 02:03:01.845] [INF] [default] [TitleBar.cpp:165 in Update] -> (0.968958, 0.247224)
[2026-09-28 02:03:01.855] [INF] [default] [TitleBar.cpp:165 in Update] -> (0.968877, 0.247543)
[2026-09-28 02:03:01.859] [INF] [default] [TitleBar.cpp:165 in Update] -> (0.968877, 0.247543)
[2026-09-28 02:03:01.866] [INF] [default] [TitleBar.cpp:165 in Update] -> (0.968713, 0.248183)
[2026-09-28 02:03:01.872] [INF] [default] [TitleBar.cpp:165 in Update] -> (0.968631, 0.248504)
[2026-09-28 02:03:01.880] [INF] [default] [TitleBar.cpp:165 in Update] -> (0.968631, 0.248504)
[2026-09-28 02:03:01.887] [INF] [default] [TitleBar.cpp:165 in Update] -> (0.968548, 0.248826)
[2026-09-28 02:03:01.889] [INF] [default] [TitleBar.cpp:165 in Update] -> (0.968465, 0.249149)
[2026-09-28 02:03:01.906] [INF] [default] [TitleBar.cpp:165 in Update] -> (0.968465, 0.249149)
[2026-09-28 02:03:01.915] [INF] [default] [TitleBar.cpp:165 in Update] -> (0.968465, 0.249149)
[2026-09-28 02:03:01.923] [INF] [default] [TitleBar.cpp:165 in Update] -> (0.968382, 0.249472)
[2026-09-28 02:03:01.939] [INF] [default] [TitleBar.cpp:165 in Update] -> (0.968382, 0.249472)
[2026-09-28 02:03:01.956] [INF] [default] [TitleBar.cpp:165 in Update] -> (0.968382, 0.249472)
[2026-09-28 02:03:01.973] [INF] [default] [TitleBar.cpp:165 in Update] -> (0.968382, 0.249472)
[2026-09-28 02:03:01.977] [INF] [default] [TitleBar.cpp:165 in Update] -> (0.968382, 0.249472)
[2026-09-28 02:03:01.989] [INF] [default] [TitleBar.cpp:165 in Update] -> (0.968057, 0.250729)
[2026-09-28 02:03:02.006] [INF] [default] [TitleBar.cpp:165 in Update] -> (0.968057, 0.250729)
[2026-09-28 02:03:02.022] [INF] [default] [TitleBar.cpp:165 in Update] -> (0.968057, 0.250729)
[2026-09-28 02:03:02.038] [INF] [default] [TitleBar.cpp:165 in Update] -> (0.968057, 0.250729)
[2026-09-28 02:03:03.325] [INF] [default] [TitleBar.cpp:145 in Update] -> [follow mouse ok] : (650, 650)
[2026-09-28 02:03:03.580] [INF] [default] [TitleBar.cpp:165 in Update] -> (0.989125, 0.147079)
[2026-09-28 02:03:03.587] [INF] [default] [TitleBar.cpp:165 in Update] -> (0.989106, 0.147204)
[2026-09-28 02:03:03.589] [INF] [default] [TitleBar.cpp:165 in Update] -> (0.988943, 0.148298)
[2026-09-28 02:03:03.593] [INF] [default] [TitleBar.cpp:165 in Update] -> (0.988943, 0.148298)
[2026-09-28 02:03:03.601] [INF] [default] [TitleBar.cpp:165 in Update] -> (0.988924, 0.148425)
[2026-09-28 02:03:03.605] [INF] [default] [TitleBar.cpp:165 in Update] -> (0.988758, 0.149524)
[2026-09-28 02:03:03.609] [INF] [default] [TitleBar.cpp:165 in Update] -> (0.988758, 0.149524)
[2026-09-28 02:03:03.615] [INF] [default] [TitleBar.cpp:165 in Update] -> (0.988719, 0.14978)
[2026-09-28 02:03:03.623] [INF] [default] [TitleBar.cpp:165 in Update] -> (0.988591, 0.150626)
[2026-09-28 02:03:03.636] [INF] [default] [TitleBar.cpp:165 in Update] -> (0.988551, 0.150884)
[2026-09-28 02:03:03.640] [INF] [default] [TitleBar.cpp:165 in Update] -> (0.988532, 0.151014)
[2026-09-28 02:03:03.644] [INF] [default] [TitleBar.cpp:165 in Update] -> (0.988532, 0.151014)
[2026-09-28 02:03:03.650] [INF] [default] [TitleBar.cpp:165 in Update] -> (0.988512, 0.151143)
[2026-09-28 02:03:03.656] [INF] [default] [TitleBar.cpp:165 in Update] -> (0.988362, 0.152122)
[2026-09-28 02:03:03.664] [INF] [default] [TitleBar.cpp:165 in Update] -> (0.988362, 0.152122)
[2026-09-28 02:03:03.671] [INF] [default] [TitleBar.cpp:165 in Update] -> (0.988342, 0.152253)
[2026-09-28 02:03:03.672] [INF] [default] [TitleBar.cpp:165 in Update] -> (0.988321, 0.152384)
[2026-09-28 02:03:03.689] [INF] [default] [TitleBar.cpp:165 in Update] -> (0.988321, 0.152384)
[2026-09-28 02:03:03.706] [INF] [default] [TitleBar.cpp:165 in Update] -> (0.988321, 0.152384)
[2026-09-28 02:03:03.707] [INF] [default] [TitleBar.cpp:165 in Update] -> (0.988301, 0.152516)
[2026-09-28 02:03:03.720] [INF] [default] [TitleBar.cpp:165 in Update] -> (0.988321, 0.152384)
[2026-09-28 02:03:03.722] [INF] [default] [TitleBar.cpp:165 in Update] -> (0.988281, 0.152647)
[2026-09-28 02:03:03.733] [INF] [default] [TitleBar.cpp:165 in Update] -> (0.988281, 0.152647)
[2026-09-28 02:03:03.739] [INF] [default] [TitleBar.cpp:165 in Update] -> (0.988128, 0.153631)
[2026-09-28 02:03:03.749] [INF] [default] [TitleBar.cpp:165 in Update] -> (0.988128, 0.153631)
[2026-09-28 02:03:03.755] [INF] [default] [TitleBar.cpp:165 in Update] -> (0.988108, 0.153764)
[2026-09-28 02:03:03.757] [INF] [default] [TitleBar.cpp:165 in Update] -> (0.988087, 0.153897)
[2026-09-28 02:03:03.772] [INF] [default] [TitleBar.cpp:165 in Update] -> (0.988087, 0.153897)
[2026-09-28 02:03:03.775] [INF] [default] [TitleBar.cpp:165 in Update] -> (0.988087, 0.153897)
[2026-09-28 02:03:03.782] [INF] [default] [TitleBar.cpp:165 in Update] -> (0.988066, 0.15403)
[2026-09-28 02:03:03.789] [INF] [default] [TitleBar.cpp:165 in Update] -> (0.988045, 0.154163)
[2026-09-28 02:03:03.791] [INF] [default] [TitleBar.cpp:165 in Update] -> (0.988045, 0.154163)
[2026-09-28 02:03:03.803] [INF] [default] [TitleBar.cpp:165 in Update] -> (0.988025, 0.154297)
[2026-09-28 02:03:03.806] [INF] [default] [TitleBar.cpp:165 in Update] -> (0.988004, 0.15443)
[2026-09-28 02:03:03.811] [INF] [default] [TitleBar.cpp:165 in Update] -> (0.988004, 0.15443)
[2026-09-28 02:03:03.823] [INF] [default] [TitleBar.cpp:165 in Update] -> (0.987983, 0.154564)
[2026-09-28 02:03:03.824] [INF] [default] [TitleBar.cpp:165 in Update] -> (0.987983, 0.154564)
[2026-09-28 02:03:03.839] [INF] [default] [TitleBar.cpp:165 in Update] -> (0.987962, 0.154699)
[2026-09-28 02:03:03.841] [INF] [default] [TitleBar.cpp:165 in Update] -> (0.987941, 0.154833)
[2026-09-28 02:03:03.855] [INF] [default] [TitleBar.cpp:165 in Update] -> (0.987941, 0.154833)
[2026-09-28 02:03:03.859] [INF] [default] [TitleBar.cpp:165 in Update] -> (0.987941, 0.154833)
[2026-09-28 02:03:03.873] [INF] [default] [TitleBar.cpp:165 in Update] -> (0.987919, 0.154968)
[2026-09-28 02:03:03.887] [INF] [default] [TitleBar.cpp:165 in Update] -> (0.987919, 0.154968)
[2026-09-28 02:03:03.889] [INF] [default] [TitleBar.cpp:165 in Update] -> (0.987898, 0.155103)
[2026-09-28 02:03:03.901] [INF] [default] [TitleBar.cpp:165 in Update] -> (0.987898, 0.155103)
[2026-09-28 02:03:03.905] [INF] [default] [TitleBar.cpp:165 in Update] -> (0.987742, 0.156098)
[2026-09-28 02:03:03.915] [INF] [default] [TitleBar.cpp:165 in Update] -> (0.987742, 0.156098)
[2026-09-28 02:03:03.922] [INF] [default] [TitleBar.cpp:165 in Update] -> (0.98772, 0.156235)
[2026-09-28 02:03:03.929] [INF] [default] [TitleBar.cpp:165 in Update] -> (0.987698, 0.156371)
[2026-09-28 02:03:03.938] [INF] [default] [TitleBar.cpp:165 in Update] -> (0.987677, 0.156507)
[2026-09-28 02:03:03.943] [INF] [default] [TitleBar.cpp:165 in Update] -> (0.987677, 0.156507)
[2026-09-28 02:03:03.950] [INF] [default] [TitleBar.cpp:165 in Update] -> (0.987655, 0.156644)
[2026-09-28 02:03:03.955] [INF] [default] [TitleBar.cpp:165 in Update] -> (0.987474, 0.157783)
[2026-09-28 02:03:03.963] [INF] [default] [TitleBar.cpp:165 in Update] -> (0.987474, 0.157783)
[2026-09-28 02:03:03.970] [INF] [default] [TitleBar.cpp:165 in Update] -> (0.987452, 0.157921)
[2026-09-28 02:03:03.972] [INF] [default] [TitleBar.cpp:165 in Update] -> (0.98743, 0.15806)
[2026-09-28 02:03:03.977] [INF] [default] [TitleBar.cpp:165 in Update] -> (0.98743, 0.15806)
[2026-09-28 02:03:03.985] [INF] [default] [TitleBar.cpp:165 in Update] -> (0.987407, 0.158198)
[2026-09-28 02:03:03.989] [INF] [default] [TitleBar.cpp:165 in Update] -> (0.987385, 0.158337)
[2026-09-28 02:03:03.992] [INF] [default] [TitleBar.cpp:165 in Update] -> (0.987385, 0.158337)
[2026-09-28 02:03:04.000] [INF] [default] [TitleBar.cpp:165 in Update] -> (0.987363, 0.158477)
[2026-09-28 02:03:04.006] [INF] [default] [TitleBar.cpp:165 in Update] -> (0.9872, 0.159485)
[2026-09-28 02:03:04.008] [INF] [default] [TitleBar.cpp:165 in Update] -> (0.987178, 0.159625)
[2026-09-28 02:03:04.013] [INF] [default] [TitleBar.cpp:165 in Update] -> (0.987178, 0.159625)
[2026-09-28 02:03:04.023] [INF] [default] [TitleBar.cpp:165 in Update] -> (0.987155, 0.159766)
[2026-09-28 02:03:04.027] [INF] [default] [TitleBar.cpp:165 in Update] -> (0.987155, 0.159766)
[2026-09-28 02:03:04.033] [INF] [default] [TitleBar.cpp:165 in Update] -> (0.987132, 0.159906)
[2026-09-28 02:03:04.039] [INF] [default] [TitleBar.cpp:165 in Update] -> (0.987109, 0.160048)
[2026-09-28 02:03:04.056] [INF] [default] [TitleBar.cpp:165 in Update] -> (0.987109, 0.160048)
[2026-09-28 02:03:04.068] [INF] [default] [TitleBar.cpp:165 in Update] -> (0.987109, 0.160048)
[2026-09-28 02:03:04.072] [INF] [default] [TitleBar.cpp:165 in Update] -> (0.987086, 0.160189)
[2026-09-28 02:03:04.082] [INF] [default] [TitleBar.cpp:165 in Update] -> (0.987086, 0.160189)
[2026-09-28 02:03:04.089] [INF] [default] [TitleBar.cpp:165 in Update] -> (0.987063, 0.160331)
[2026-09-28 02:03:04.106] [INF] [default] [TitleBar.cpp:165 in Update] -> (0.987063, 0.160331)
[2026-09-28 02:03:04.110] [INF] [default] [TitleBar.cpp:165 in Update] -> (0.987063, 0.160331)
[2026-09-28 02:03:04.116] [INF] [default] [TitleBar.cpp:165 in Update] -> (0.98704, 0.160472)
[2026-09-28 02:03:04.122] [INF] [default] [TitleBar.cpp:165 in Update] -> (0.987017, 0.160615)
[2026-09-28 02:03:04.124] [INF] [default] [TitleBar.cpp:165 in Update] -> (0.987017, 0.160615)
[2026-09-28 02:03:04.138] [INF] [default] [TitleBar.cpp:165 in Update] -> (0.986994, 0.160757)
[2026-09-28 02:03:04.141] [INF] [default] [TitleBar.cpp:165 in Update] -> (0.986971, 0.1609)
[2026-09-28 02:03:04.144] [INF] [default] [TitleBar.cpp:165 in Update] -> (0.986971, 0.1609)
[2026-09-28 02:03:04.156] [INF] [default] [TitleBar.cpp:165 in Update] -> (0.986948, 0.161042)
[2026-09-28 02:03:04.159] [INF] [default] [TitleBar.cpp:165 in Update] -> (0.986948, 0.161042)
[2026-09-28 02:03:04.165] [INF] [default] [TitleBar.cpp:165 in Update] -> (0.986757, 0.162207)
[2026-09-28 02:03:04.172] [INF] [default] [TitleBar.cpp:165 in Update] -> (0.986733, 0.162351)
[2026-09-28 02:03:04.180] [INF] [default] [TitleBar.cpp:165 in Update] -> (0.986733, 0.162351)
[2026-09-28 02:03:04.189] [INF] [default] [TitleBar.cpp:165 in Update] -> (0.986685, 0.16264)
[2026-09-28 02:03:04.193] [INF] [default] [TitleBar.cpp:165 in Update] -> (0.986685, 0.16264)
[2026-09-28 02:03:04.205] [INF] [default] [TitleBar.cpp:165 in Update] -> (0.986661, 0.162786)
[2026-09-28 02:03:04.207] [INF] [default] [TitleBar.cpp:165 in Update] -> (0.986661, 0.162786)
[2026-09-28 02:03:04.213] [INF] [default] [TitleBar.cpp:165 in Update] -> (0.986637, 0.162931)
[2026-09-28 02:03:04.222] [INF] [default] [TitleBar.cpp:165 in Update] -> (0.986613, 0.163077)
[2026-09-28 02:03:04.235] [INF] [default] [TitleBar.cpp:165 in Update] -> (0.986613, 0.163077)
[2026-09-28 02:03:04.239] [INF] [default] [TitleBar.cpp:165 in Update] -> (0.986589, 0.163222)
[2026-09-28 02:03:04.255] [INF] [default] [TitleBar.cpp:165 in Update] -> (0.986589, 0.163222)
[2026-09-28 02:03:04.272] [INF] [default] [TitleBar.cpp:165 in Update] -> (0.986589, 0.163222)
[2026-09-28 02:03:04.289] [INF] [default] [TitleBar.cpp:165 in Update] -> (0.986589, 0.163222)
[2026-09-28 02:03:04.305] [INF] [default] [TitleBar.cpp:165 in Update] -> (0.986589, 0.163222)
[2026-09-28 02:03:04.307] [INF] [default] [TitleBar.cpp:165 in Update] -> (0.986565, 0.163369)
[2026-09-28 02:03:04.319] [INF] [default] [TitleBar.cpp:165 in Update] -> (0.986565, 0.163369)
[2026-09-28 02:03:04.322] [INF] [default] [TitleBar.cpp:165 in Update] -> (0.986394, 0.164399)
[2026-09-28 02:03:04.333] [INF] [default] [TitleBar.cpp:165 in Update] -> (0.986394, 0.164399)
[2026-09-28 02:03:04.339] [INF] [default] [TitleBar.cpp:165 in Update] -> (0.986369, 0.164546)
[2026-09-28 02:03:04.347] [INF] [default] [TitleBar.cpp:165 in Update] -> (0.986369, 0.164546)
[2026-09-28 02:03:04.355] [INF] [default] [TitleBar.cpp:165 in Update] -> (0.986197, 0.165579)
[2026-09-28 02:03:04.361] [INF] [default] [TitleBar.cpp:165 in Update] -> (0.986197, 0.165579)
[2026-09-28 02:03:04.368] [INF] [default] [TitleBar.cpp:165 in Update] -> (0.986146, 0.165877)
[2026-09-28 02:03:04.372] [INF] [default] [TitleBar.cpp:165 in Update] -> (0.986121, 0.166026)
[2026-09-28 02:03:04.389] [INF] [default] [TitleBar.cpp:165 in Update] -> (0.986121, 0.166026)
[2026-09-28 02:03:04.391] [INF] [default] [TitleBar.cpp:165 in Update] -> (0.986096, 0.166175)
[2026-09-28 02:03:04.397] [INF] [default] [TitleBar.cpp:165 in Update] -> (0.986121, 0.166026)
[2026-09-28 02:03:04.403] [INF] [default] [TitleBar.cpp:165 in Update] -> (0.986071, 0.166325)
[2026-09-28 02:03:04.405] [INF] [default] [TitleBar.cpp:165 in Update] -> (0.986046, 0.166475)
[2026-09-28 02:03:04.417] [INF] [default] [TitleBar.cpp:165 in Update] -> (0.986046, 0.166475)
[2026-09-28 02:03:04.422] [INF] [default] [TitleBar.cpp:165 in Update] -> (0.98602, 0.166626)
[2026-09-28 02:03:04.430] [INF] [default] [TitleBar.cpp:165 in Update] -> (0.98602, 0.166626)
[2026-09-28 02:03:04.439] [INF] [default] [TitleBar.cpp:165 in Update] -> (0.985995, 0.166776)
[2026-09-28 02:03:04.456] [INF] [default] [TitleBar.cpp:165 in Update] -> (0.985995, 0.166776)
[2026-09-28 02:03:04.458] [INF] [default] [TitleBar.cpp:165 in Update] -> (0.985995, 0.166776)
[2026-09-28 02:03:04.473] [INF] [default] [TitleBar.cpp:165 in Update] -> (0.985969, 0.166927)
[2026-09-28 02:03:04.489] [INF] [default] [TitleBar.cpp:165 in Update] -> (0.985969, 0.166927)
[2026-09-28 02:03:04.506] [INF] [default] [TitleBar.cpp:165 in Update] -> (0.985969, 0.166927)
[2026-09-28 02:03:04.522] [INF] [default] [TitleBar.cpp:165 in Update] -> (0.985969, 0.166927)
[2026-09-28 02:03:04.538] [INF] [default] [TitleBar.cpp:165 in Update] -> (0.985969, 0.166927)
[2026-09-28 02:03:04.556] [INF] [default] [TitleBar.cpp:165 in Update] -> (0.985969, 0.166927)
[2026-09-28 02:03:04.563] [INF] [default] [TitleBar.cpp:165 in Update] -> (0.985969, 0.166927)
[2026-09-28 02:03:04.572] [INF] [default] [TitleBar.cpp:165 in Update] -> (0.985818, 0.167818)
[2026-09-28 02:03:04.588] [INF] [default] [TitleBar.cpp:165 in Update] -> (0.985818, 0.167818)
[2026-09-28 02:03:04.591] [INF] [default] [TitleBar.cpp:165 in Update] -> (0.985818, 0.167818)
[2026-09-28 02:03:04.605] [INF] [default] [TitleBar.cpp:165 in Update] -> (0.985844, 0.167667)
[2026-09-28 02:03:04.607] [INF] [default] [TitleBar.cpp:165 in Update] -> (0.985869, 0.167515)
[2026-09-28 02:03:04.619] [INF] [default] [TitleBar.cpp:165 in Update] -> (0.985869, 0.167515)
[2026-09-28 02:03:04.622] [INF] [default] [TitleBar.cpp:165 in Update] -> (0.985895, 0.167364)
[2026-09-28 02:03:04.626] [INF] [default] [TitleBar.cpp:165 in Update] -> (0.985895, 0.167364)
[2026-09-28 02:03:04.632] [INF] [default] [TitleBar.cpp:165 in Update] -> (0.985921, 0.167214)
[2026-09-28 02:03:04.640] [INF] [default] [TitleBar.cpp:165 in Update] -> (0.985946, 0.167063)
[2026-09-28 02:03:04.641] [INF] [default] [TitleBar.cpp:165 in Update] -> (0.985946, 0.167063)
[2026-09-28 02:03:04.647] [INF] [default] [TitleBar.cpp:165 in Update] -> (0.985972, 0.166913)
[2026-09-28 02:03:04.653] [INF] [default] [TitleBar.cpp:165 in Update] -> (0.986022, 0.166613)
[2026-09-28 02:03:04.655] [INF] [default] [TitleBar.cpp:165 in Update] -> (0.986073, 0.166315)
[2026-09-28 02:03:04.660] [INF] [default] [TitleBar.cpp:165 in Update] -> (0.986073, 0.166315)
[2026-09-28 02:03:04.667] [INF] [default] [TitleBar.cpp:165 in Update] -> (0.986148, 0.165869)
[2026-09-28 02:03:04.672] [INF] [default] [TitleBar.cpp:165 in Update] -> (0.986173, 0.16572)
[2026-09-28 02:03:04.675] [INF] [default] [TitleBar.cpp:165 in Update] -> (0.986173, 0.16572)
[2026-09-28 02:03:04.681] [INF] [default] [TitleBar.cpp:165 in Update] -> (0.986247, 0.165278)
[2026-09-28 02:03:04.689] [INF] [default] [TitleBar.cpp:165 in Update] -> (0.986296, 0.164984)
[2026-09-28 02:03:04.691] [INF] [default] [TitleBar.cpp:165 in Update] -> (0.986345, 0.164691)
[2026-09-28 02:03:04.695] [INF] [default] [TitleBar.cpp:165 in Update] -> (0.986345, 0.164691)
[2026-09-28 02:03:04.701] [INF] [default] [TitleBar.cpp:165 in Update] -> (0.986418, 0.164253)
[2026-09-28 02:03:04.705] [INF] [default] [TitleBar.cpp:165 in Update] -> (0.986491, 0.163818)
[2026-09-28 02:03:04.709] [INF] [default] [TitleBar.cpp:165 in Update] -> (0.986491, 0.163818)
[2026-09-28 02:03:04.717] [INF] [default] [TitleBar.cpp:165 in Update] -> (0.986538, 0.163529)
[2026-09-28 02:03:04.723] [INF] [default] [TitleBar.cpp:165 in Update] -> (0.986586, 0.163242)
[2026-09-28 02:03:04.725] [INF] [default] [TitleBar.cpp:165 in Update] -> (0.986586, 0.163242)
[2026-09-28 02:03:04.730] [INF] [default] [TitleBar.cpp:165 in Update] -> (0.986657, 0.162812)
[2026-09-28 02:03:04.738] [INF] [default] [TitleBar.cpp:165 in Update] -> (0.986681, 0.162669)
[2026-09-28 02:03:04.739] [INF] [default] [TitleBar.cpp:165 in Update] -> (0.986751, 0.162242)
[2026-09-28 02:03:04.744] [INF] [default] [TitleBar.cpp:165 in Update] -> (0.986751, 0.162242)
[2026-09-28 02:03:04.750] [INF] [default] [TitleBar.cpp:165 in Update] -> (0.986821, 0.161817)
[2026-09-28 02:03:04.756] [INF] [default] [TitleBar.cpp:165 in Update] -> (0.986844, 0.161676)
[2026-09-28 02:03:04.758] [INF] [default] [TitleBar.cpp:165 in Update] -> (0.986844, 0.161676)
[2026-09-28 02:03:04.765] [INF] [default] [TitleBar.cpp:165 in Update] -> (0.98689, 0.161395)
[2026-09-28 02:03:04.772] [INF] [default] [TitleBar.cpp:165 in Update] -> (0.986913, 0.161255)
[2026-09-28 02:03:04.773] [INF] [default] [TitleBar.cpp:165 in Update] -> (0.986959, 0.160975)
[2026-09-28 02:03:04.779] [INF] [default] [TitleBar.cpp:165 in Update] -> (0.986959, 0.160975)
[2026-09-28 02:03:04.785] [INF] [default] [TitleBar.cpp:165 in Update] -> (0.987004, 0.160695)
[2026-09-28 02:03:04.788] [INF] [default] [TitleBar.cpp:165 in Update] -> (0.987027, 0.160556)
[2026-09-28 02:03:04.792] [INF] [default] [TitleBar.cpp:165 in Update] -> (0.987027, 0.160556)
[2026-09-28 02:03:04.805] [INF] [default] [TitleBar.cpp:165 in Update] -> (0.987072, 0.160279)
[2026-09-28 02:03:04.807] [INF] [default] [TitleBar.cpp:165 in Update] -> (0.987072, 0.160279)
[2026-09-28 02:03:04.813] [INF] [default] [TitleBar.cpp:165 in Update] -> (0.987117, 0.160002)
[2026-09-28 02:03:04.822] [INF] [default] [TitleBar.cpp:165 in Update] -> (0.987161, 0.159726)
[2026-09-28 02:03:04.827] [INF] [default] [TitleBar.cpp:165 in Update] -> (0.987161, 0.159726)
[2026-09-28 02:03:04.833] [INF] [default] [TitleBar.cpp:165 in Update] -> (0.987206, 0.159452)
[2026-09-28 02:03:04.839] [INF] [default] [TitleBar.cpp:165 in Update] -> (0.987228, 0.159315)
[2026-09-28 02:03:04.841] [INF] [default] [TitleBar.cpp:165 in Update] -> (0.987228, 0.159315)
[2026-09-28 02:03:04.848] [INF] [default] [TitleBar.cpp:165 in Update] -> (0.987272, 0.159041)
[2026-09-28 02:03:04.856] [INF] [default] [TitleBar.cpp:165 in Update] -> (0.987294, 0.158905)
[2026-09-28 02:03:04.857] [INF] [default] [TitleBar.cpp:165 in Update] -> (0.987294, 0.158905)
[2026-09-28 02:03:04.863] [INF] [default] [TitleBar.cpp:165 in Update] -> (0.987338, 0.158633)
[2026-09-28 02:03:04.869] [INF] [default] [TitleBar.cpp:165 in Update] -> (0.987359, 0.158497)
[2026-09-28 02:03:04.872] [INF] [default] [TitleBar.cpp:165 in Update] -> (0.987381, 0.158362)
[2026-09-28 02:03:04.878] [INF] [default] [TitleBar.cpp:165 in Update] -> (0.987381, 0.158362)
[2026-09-28 02:03:04.884] [INF] [default] [TitleBar.cpp:165 in Update] -> (0.987403, 0.158227)
[2026-09-28 02:03:04.889] [INF] [default] [TitleBar.cpp:165 in Update] -> (0.987446, 0.157957)
[2026-09-28 02:03:04.892] [INF] [default] [TitleBar.cpp:165 in Update] -> (0.987446, 0.157957)
[2026-09-28 02:03:04.898] [INF] [default] [TitleBar.cpp:165 in Update] -> (0.987467, 0.157822)
[2026-09-28 02:03:04.904] [INF] [default] [TitleBar.cpp:165 in Update] -> (0.98751, 0.157554)
[2026-09-28 02:03:04.906] [INF] [default] [TitleBar.cpp:165 in Update] -> (0.987532, 0.15742)
[2026-09-28 02:03:04.911] [INF] [default] [TitleBar.cpp:165 in Update] -> (0.987532, 0.15742)
[2026-09-28 02:03:04.918] [INF] [default] [TitleBar.cpp:165 in Update] -> (0.987553, 0.157287)
[2026-09-28 02:03:04.923] [INF] [default] [TitleBar.cpp:165 in Update] -> (0.987595, 0.15702)
[2026-09-28 02:03:04.932] [INF] [default] [TitleBar.cpp:165 in Update] -> (0.987595, 0.15702)
[2026-09-28 02:03:04.940] [INF] [default] [TitleBar.cpp:165 in Update] -> (0.987638, 0.156754)
[2026-09-28 02:03:04.941] [INF] [default] [TitleBar.cpp:165 in Update] -> (0.987638, 0.156754)
[2026-09-28 02:03:04.953] [INF] [default] [TitleBar.cpp:165 in Update] -> (0.987659, 0.156622)
[2026-09-28 02:03:04.956] [INF] [default] [TitleBar.cpp:165 in Update] -> (0.987701, 0.156357)
[2026-09-28 02:03:04.967] [INF] [default] [TitleBar.cpp:165 in Update] -> (0.987701, 0.156357)
[2026-09-28 02:03:04.973] [INF] [default] [TitleBar.cpp:165 in Update] -> (0.987721, 0.156226)
[2026-09-28 02:03:04.974] [INF] [default] [TitleBar.cpp:165 in Update] -> (0.987721, 0.156226)
[2026-09-28 02:03:04.981] [INF] [default] [TitleBar.cpp:165 in Update] -> (0.987742, 0.156094)
[2026-09-28 02:03:04.989] [INF] [default] [TitleBar.cpp:165 in Update] -> (0.987763, 0.155963)
[2026-09-28 02:03:05.006] [INF] [default] [TitleBar.cpp:165 in Update] -> (0.987763, 0.155963)
[2026-09-28 02:03:05.022] [INF] [default] [TitleBar.cpp:165 in Update] -> (0.987763, 0.155963)
[2026-09-28 02:03:05.030] [INF] [default] [TitleBar.cpp:165 in Update] -> (0.987763, 0.155963)
[2026-09-28 02:03:05.038] [INF] [default] [TitleBar.cpp:165 in Update] -> (0.987784, 0.155831)
[2026-09-28 02:03:05.044] [INF] [default] [TitleBar.cpp:165 in Update] -> (0.987784, 0.155831)
[2026-09-28 02:03:05.056] [INF] [default] [TitleBar.cpp:165 in Update] -> (0.987804, 0.1557)
[2026-09-28 02:03:05.072] [INF] [default] [TitleBar.cpp:165 in Update] -> (0.987804, 0.1557)
[2026-09-28 02:03:05.074] [INF] [default] [TitleBar.cpp:165 in Update] -> (0.987825, 0.15557)
[2026-09-28 02:03:05.079] [INF] [default] [TitleBar.cpp:165 in Update] -> (0.987825, 0.15557)
[2026-09-28 02:03:05.089] [INF] [default] [TitleBar.cpp:165 in Update] -> (0.987845, 0.155439)
[2026-09-28 02:03:05.092] [INF] [default] [TitleBar.cpp:165 in Update] -> (0.987845, 0.155439)
[2026-09-28 02:03:05.100] [INF] [default] [TitleBar.cpp:165 in Update] -> (0.987866, 0.155309)
[2026-09-28 02:03:05.105] [INF] [default] [TitleBar.cpp:165 in Update] -> (0.987886, 0.155179)
[2026-09-28 02:03:05.108] [INF] [default] [TitleBar.cpp:165 in Update] -> (0.987886, 0.155179)
[2026-09-28 02:03:05.113] [INF] [default] [TitleBar.cpp:165 in Update] -> (0.987907, 0.155049)
[2026-09-28 02:03:05.120] [INF] [default] [TitleBar.cpp:165 in Update] -> (0.987927, 0.154919)
[2026-09-28 02:03:05.122] [INF] [default] [TitleBar.cpp:165 in Update] -> (0.987947, 0.15479)
[2026-09-28 02:03:05.127] [INF] [default] [TitleBar.cpp:165 in Update] -> (0.987947, 0.15479)
[2026-09-28 02:03:05.133] [INF] [default] [TitleBar.cpp:165 in Update] -> (0.987968, 0.15466)
[2026-09-28 02:03:05.139] [INF] [default] [TitleBar.cpp:165 in Update] -> (0.987988, 0.154531)
[2026-09-28 02:03:05.141] [INF] [default] [TitleBar.cpp:165 in Update] -> (0.987988, 0.154531)
[2026-09-28 02:03:05.148] [INF] [default] [TitleBar.cpp:165 in Update] -> (0.987879, 0.155226)
[2026-09-28 02:03:05.155] [INF] [default] [TitleBar.cpp:165 in Update] -> (0.987899, 0.155097)
[2026-09-28 02:03:05.157] [INF] [default] [TitleBar.cpp:165 in Update] -> (0.98794, 0.154839)
[2026-09-28 02:03:05.162] [INF] [default] [TitleBar.cpp:165 in Update] -> (0.98794, 0.154839)
[2026-09-28 02:03:05.169] [INF] [default] [TitleBar.cpp:165 in Update] -> (0.987851, 0.155402)
[2026-09-28 02:03:05.172] [INF] [default] [TitleBar.cpp:165 in Update] -> (0.987872, 0.155273)
[2026-09-28 02:03:05.176] [INF] [default] [TitleBar.cpp:165 in Update] -> (0.987872, 0.155273)
[2026-09-28 02:03:05.182] [INF] [default] [TitleBar.cpp:165 in Update] -> (0.987892, 0.155144)
[2026-09-28 02:03:05.189] [INF] [default] [TitleBar.cpp:165 in Update] -> (0.987932, 0.154888)
[2026-09-28 02:03:05.191] [INF] [default] [TitleBar.cpp:165 in Update] -> (0.987932, 0.154888)
[2026-09-28 02:03:05.196] [INF] [default] [TitleBar.cpp:165 in Update] -> (0.987952, 0.15476)
[2026-09-28 02:03:05.204] [INF] [default] [TitleBar.cpp:165 in Update] -> (0.987972, 0.154632)
[2026-09-28 02:03:05.205] [INF] [default] [TitleBar.cpp:165 in Update] -> (0.987992, 0.154504)
[2026-09-28 02:03:05.211] [INF] [default] [TitleBar.cpp:165 in Update] -> (0.987992, 0.154504)
[2026-09-28 02:03:05.218] [INF] [default] [TitleBar.cpp:165 in Update] -> (0.988032, 0.15425)
[2026-09-28 02:03:05.222] [INF] [default] [TitleBar.cpp:165 in Update] -> (0.988052, 0.154123)
[2026-09-28 02:03:05.225] [INF] [default] [TitleBar.cpp:165 in Update] -> (0.988052, 0.154123)
[2026-09-28 02:03:05.232] [INF] [default] [TitleBar.cpp:165 in Update] -> (0.988072, 0.153996)
[2026-09-28 02:03:05.240] [INF] [default] [TitleBar.cpp:165 in Update] -> (0.988111, 0.153743)
[2026-09-28 02:03:05.241] [INF] [default] [TitleBar.cpp:165 in Update] -> (0.988111, 0.153743)
[2026-09-28 02:03:05.246] [INF] [default] [TitleBar.cpp:165 in Update] -> (0.98815, 0.153491)
[2026-09-28 02:03:05.253] [INF] [default] [TitleBar.cpp:165 in Update] -> (0.98815, 0.153491)
[2026-09-28 02:03:05.256] [INF] [default] [TitleBar.cpp:165 in Update] -> (0.98817, 0.153365)
[2026-09-28 02:03:05.259] [INF] [default] [TitleBar.cpp:165 in Update] -> (0.98817, 0.153365)
[2026-09-28 02:03:05.267] [INF] [default] [TitleBar.cpp:165 in Update] -> (0.988063, 0.154048)
[2026-09-28 02:03:05.273] [INF] [default] [TitleBar.cpp:165 in Update] -> (0.988083, 0.153922)
[2026-09-28 02:03:05.274] [INF] [default] [TitleBar.cpp:165 in Update] -> (0.988083, 0.153922)
[2026-09-28 02:03:05.281] [INF] [default] [TitleBar.cpp:165 in Update] -> (0.988122, 0.153671)
[2026-09-28 02:03:05.288] [INF] [default] [TitleBar.cpp:165 in Update] -> (0.987996, 0.154478)
[2026-09-28 02:03:05.290] [INF] [default] [TitleBar.cpp:165 in Update] -> (0.988036, 0.154226)
[2026-09-28 02:03:05.294] [INF] [default] [TitleBar.cpp:165 in Update] -> (0.988036, 0.154226)
[2026-09-28 02:03:05.301] [INF] [default] [TitleBar.cpp:165 in Update] -> (0.988055, 0.1541)
[2026-09-28 02:03:05.306] [INF] [default] [TitleBar.cpp:165 in Update] -> (0.988075, 0.153975)
[2026-09-28 02:03:05.309] [INF] [default] [TitleBar.cpp:165 in Update] -> (0.988075, 0.153975)
[2026-09-28 02:03:05.322] [INF] [default] [TitleBar.cpp:165 in Update] -> (0.988094, 0.15385)
[2026-09-28 02:03:05.324] [INF] [default] [TitleBar.cpp:165 in Update] -> (0.988094, 0.15385)
[2026-09-28 02:03:05.329] [INF] [default] [TitleBar.cpp:165 in Update] -> (0.988133, 0.1536)
[2026-09-28 02:03:05.338] [INF] [default] [TitleBar.cpp:165 in Update] -> (0.988152, 0.153476)
[2026-09-28 02:03:05.343] [INF] [default] [TitleBar.cpp:165 in Update] -> (0.988152, 0.153476)
[2026-09-28 02:03:05.350] [INF] [default] [TitleBar.cpp:165 in Update] -> (0.988172, 0.153351)
[2026-09-28 02:03:05.355] [INF] [default] [TitleBar.cpp:165 in Update] -> (0.988067, 0.154027)
[2026-09-28 02:03:05.358] [INF] [default] [TitleBar.cpp:165 in Update] -> (0.988067, 0.154027)
[2026-09-28 02:03:05.371] [INF] [default] [TitleBar.cpp:165 in Update] -> (0.988086, 0.153902)
[2026-09-28 02:03:05.375] [INF] [default] [TitleBar.cpp:165 in Update] -> (0.988105, 0.153778)
[2026-09-28 02:03:05.385] [INF] [default] [TitleBar.cpp:165 in Update] -> (0.988105, 0.153778)
[2026-09-28 02:03:05.388] [INF] [default] [TitleBar.cpp:165 in Update] -> (0.988125, 0.153654)
[2026-09-28 02:03:05.405] [INF] [default] [TitleBar.cpp:165 in Update] -> (0.988125, 0.153654)
[2026-09-28 02:03:05.412] [INF] [default] [TitleBar.cpp:165 in Update] -> (0.988125, 0.153654)
[2026-09-28 02:03:05.422] [INF] [default] [TitleBar.cpp:165 in Update] -> (0.988144, 0.15353)
[2026-09-28 02:03:05.439] [INF] [default] [TitleBar.cpp:165 in Update] -> (0.988144, 0.15353)
[2026-09-28 02:03:05.456] [INF] [default] [TitleBar.cpp:165 in Update] -> (0.988144, 0.15353)
[2026-09-28 02:03:05.472] [INF] [default] [TitleBar.cpp:165 in Update] -> (0.988144, 0.15353)
[2026-09-28 02:03:05.490] [INF] [default] [TitleBar.cpp:165 in Update] -> (0.988144, 0.15353)
[2026-09-28 02:03:05.492] [INF] [default] [TitleBar.cpp:165 in Update] -> (0.988144, 0.15353)
[2026-09-28 02:03:05.496] [INF] [default] [TitleBar.cpp:165 in Update] -> (0.988125, 0.153654)
[2026-09-28 02:03:05.506] [INF] [default] [TitleBar.cpp:165 in Update] -> (0.988105, 0.153778)
[2026-09-28 02:03:05.511] [INF] [default] [TitleBar.cpp:165 in Update] -> (0.988105, 0.153778)
[2026-09-28 02:03:05.517] [INF] [default] [TitleBar.cpp:165 in Update] -> (0.988067, 0.154027)
[2026-09-28 02:03:05.522] [INF] [default] [TitleBar.cpp:165 in Update] -> (0.987922, 0.154952)
[2026-09-28 02:03:05.531] [INF] [default] [TitleBar.cpp:165 in Update] -> (0.987922, 0.154952)
[2026-09-28 02:03:05.538] [INF] [default] [TitleBar.cpp:165 in Update] -> (0.987756, 0.156005)
[2026-09-28 02:03:05.546] [INF] [default] [TitleBar.cpp:165 in Update] -> (0.987716, 0.156258)
[2026-09-28 02:03:05.552] [INF] [default] [TitleBar.cpp:165 in Update] -> (0.987548, 0.157316)
[2026-09-28 02:03:05.555] [INF] [default] [TitleBar.cpp:165 in Update] -> (0.987487, 0.157701)
[2026-09-28 02:03:05.559] [INF] [default] [TitleBar.cpp:165 in Update] -> (0.987487, 0.157701)
[2026-09-28 02:03:05.566] [INF] [default] [TitleBar.cpp:165 in Update] -> (0.987446, 0.157958)
[2026-09-28 02:03:05.573] [INF] [default] [TitleBar.cpp:165 in Update] -> (0.987404, 0.158217)
[2026-09-28 02:03:05.574] [INF] [default] [TitleBar.cpp:165 in Update] -> (0.987404, 0.158217)
[2026-09-28 02:03:05.580] [INF] [default] [TitleBar.cpp:165 in Update] -> (0.98719, 0.159546)
[2026-09-28 02:03:05.587] [INF] [default] [TitleBar.cpp:165 in Update] -> (0.986995, 0.160751)
[2026-09-28 02:03:05.589] [INF] [default] [TitleBar.cpp:165 in Update] -> (0.986908, 0.161281)
[2026-09-28 02:03:05.594] [INF] [default] [TitleBar.cpp:165 in Update] -> (0.986908, 0.161281)
[2026-09-28 02:03:05.600] [INF] [default] [TitleBar.cpp:165 in Update] -> (0.986731, 0.162363)
[2026-09-28 02:03:05.606] [INF] [default] [TitleBar.cpp:165 in Update] -> (0.986642, 0.162901)
[2026-09-28 02:03:05.608] [INF] [default] [TitleBar.cpp:165 in Update] -> (0.986642, 0.162901)
[2026-09-28 02:03:05.615] [INF] [default] [TitleBar.cpp:165 in Update] -> (0.986439, 0.164126)
[2026-09-28 02:03:05.621] [INF] [default] [TitleBar.cpp:165 in Update] -> (0.986371, 0.164536)
[2026-09-28 02:03:05.623] [INF] [default] [TitleBar.cpp:165 in Update] -> (0.986188, 0.165632)
[2026-09-28 02:03:05.629] [INF] [default] [TitleBar.cpp:165 in Update] -> (0.986188, 0.165632)
[2026-09-28 02:03:05.635] [INF] [default] [TitleBar.cpp:165 in Update] -> (0.986141, 0.165909)
[2026-09-28 02:03:05.638] [INF] [default] [TitleBar.cpp:165 in Update] -> (0.986071, 0.166325)
[2026-09-28 02:03:05.643] [INF] [default] [TitleBar.cpp:165 in Update] -> (0.986071, 0.166325)
[2026-09-28 02:03:05.650] [INF] [default] [TitleBar.cpp:165 in Update] -> (0.986024, 0.166604)
[2026-09-28 02:03:05.655] [INF] [default] [TitleBar.cpp:165 in Update] -> (0.985977, 0.166884)
[2026-09-28 02:03:05.657] [INF] [default] [TitleBar.cpp:165 in Update] -> (0.985977, 0.166884)
[2026-09-28 02:03:05.664] [INF] [default] [TitleBar.cpp:165 in Update] -> (0.985953, 0.167024)
[2026-09-28 02:03:05.671] [INF] [default] [TitleBar.cpp:165 in Update] -> (0.985881, 0.167446)
[2026-09-28 02:03:05.672] [INF] [default] [TitleBar.cpp:165 in Update] -> (0.985833, 0.167729)
[2026-09-28 02:03:05.685] [INF] [default] [TitleBar.cpp:165 in Update] -> (0.985833, 0.167729)
[2026-09-28 02:03:05.689] [INF] [default] [TitleBar.cpp:165 in Update] -> (0.985809, 0.16787)
[2026-09-28 02:03:05.692] [INF] [default] [TitleBar.cpp:165 in Update] -> (0.985809, 0.16787)
[2026-09-28 02:03:05.698] [INF] [default] [TitleBar.cpp:165 in Update] -> (0.985761, 0.168154)
[2026-09-28 02:03:05.706] [INF] [default] [TitleBar.cpp:165 in Update] -> (0.985736, 0.168296)
[2026-09-28 02:03:05.713] [INF] [default] [TitleBar.cpp:165 in Update] -> (0.985712, 0.168439)
[2026-09-28 02:03:05.719] [INF] [default] [TitleBar.cpp:165 in Update] -> (0.985688, 0.168582)
[2026-09-28 02:03:05.722] [INF] [default] [TitleBar.cpp:165 in Update] -> (0.985663, 0.168725)
[2026-09-28 02:03:05.728] [INF] [default] [TitleBar.cpp:165 in Update] -> (0.985663, 0.168725)
[2026-09-28 02:03:05.734] [INF] [default] [TitleBar.cpp:165 in Update] -> (0.985639, 0.168868)
[2026-09-28 02:03:05.739] [INF] [default] [TitleBar.cpp:165 in Update] -> (0.985614, 0.169012)
[2026-09-28 02:03:05.747] [INF] [default] [TitleBar.cpp:165 in Update] -> (0.985614, 0.169012)
[2026-09-28 02:03:05.753] [INF] [default] [TitleBar.cpp:165 in Update] -> (0.985589, 0.169155)
[2026-09-28 02:03:05.756] [INF] [default] [TitleBar.cpp:165 in Update] -> (0.985565, 0.169299)
[2026-09-28 02:03:05.773] [INF] [default] [TitleBar.cpp:165 in Update] -> (0.985565, 0.169299)
[2026-09-28 02:03:05.776] [INF] [default] [TitleBar.cpp:165 in Update] -> (0.985565, 0.169299)
[2026-09-28 02:03:05.789] [INF] [default] [TitleBar.cpp:165 in Update] -> (0.98554, 0.169444)
[2026-09-28 02:03:05.796] [INF] [default] [TitleBar.cpp:165 in Update] -> (0.98554, 0.169444)
[2026-09-28 02:03:05.806] [INF] [default] [TitleBar.cpp:165 in Update] -> (0.985515, 0.169588)
[2026-09-28 02:03:05.822] [INF] [default] [TitleBar.cpp:165 in Update] -> (0.985515, 0.169588)
[2026-09-28 02:03:05.824] [INF] [default] [TitleBar.cpp:165 in Update] -> (0.985515, 0.169588)
[2026-09-28 02:03:05.838] [INF] [default] [TitleBar.cpp:165 in Update] -> (0.98549, 0.169733)
[2026-09-28 02:03:05.851] [INF] [default] [TitleBar.cpp:165 in Update] -> (0.98549, 0.169733)
[2026-09-28 02:03:05.855] [INF] [default] [TitleBar.cpp:165 in Update] -> (0.985465, 0.169878)
[2026-09-28 02:03:05.873] [INF] [default] [TitleBar.cpp:165 in Update] -> (0.985465, 0.169878)
[2026-09-28 02:03:05.874] [INF] [default] [TitleBar.cpp:165 in Update] -> (0.985465, 0.169878)
[2026-09-28 02:03:05.887] [INF] [default] [TitleBar.cpp:165 in Update] -> (0.98544, 0.170023)
[2026-09-28 02:03:05.889] [INF] [default] [TitleBar.cpp:165 in Update] -> (0.985415, 0.170169)
[2026-09-28 02:03:05.900] [INF] [default] [TitleBar.cpp:165 in Update] -> (0.985415, 0.170169)
[2026-09-28 02:03:05.906] [INF] [default] [TitleBar.cpp:165 in Update] -> (0.98539, 0.170314)
[2026-09-28 02:03:05.914] [INF] [default] [TitleBar.cpp:165 in Update] -> (0.98539, 0.170314)
[2026-09-28 02:03:05.922] [INF] [default] [TitleBar.cpp:165 in Update] -> (0.985365, 0.17046)
[2026-09-28 02:03:05.938] [INF] [default] [TitleBar.cpp:165 in Update] -> (0.985365, 0.17046)
[2026-09-28 02:03:05.955] [INF] [default] [TitleBar.cpp:165 in Update] -> (0.985365, 0.17046)
[2026-09-28 02:03:05.972] [INF] [default] [TitleBar.cpp:165 in Update] -> (0.985365, 0.17046)
[2026-09-28 02:03:05.989] [INF] [default] [TitleBar.cpp:165 in Update] -> (0.985365, 0.17046)
[2026-09-28 02:03:06.006] [INF] [default] [TitleBar.cpp:165 in Update] -> (0.985365, 0.17046)
[2026-09-28 02:03:06.022] [INF] [default] [TitleBar.cpp:165 in Update] -> (0.985365, 0.17046)
[2026-09-28 02:03:06.039] [INF] [default] [TitleBar.cpp:165 in Update] -> (0.985365, 0.17046)
[2026-09-28 02:03:06.055] [INF] [default] [TitleBar.cpp:165 in Update] -> (0.985365, 0.17046)
[2026-09-28 02:03:06.072] [INF] [default] [TitleBar.cpp:165 in Update] -> (0.985365, 0.17046)
[2026-09-28 02:03:06.089] [INF] [default] [TitleBar.cpp:165 in Update] -> (0.985365, 0.17046)
[2026-09-28 02:03:06.106] [INF] [default] [TitleBar.cpp:165 in Update] -> (0.985365, 0.17046)
[2026-09-28 02:03:06.121] [INF] [default] [TitleBar.cpp:165 in Update] -> (0.985365, 0.17046)
[2026-09-28 02:03:06.139] [INF] [default] [TitleBar.cpp:165 in Update] -> (0.985365, 0.17046)
[2026-09-28 02:03:06.155] [INF] [default] [TitleBar.cpp:165 in Update] -> (0.985365, 0.17046)
[2026-09-28 02:03:06.172] [INF] [default] [TitleBar.cpp:165 in Update] -> (0.985365, 0.17046)
[2026-09-28 02:03:06.179] [INF] [default] [TitleBar.cpp:165 in Update] -> (0.985365, 0.17046)
[2026-09-28 02:03:06.189] [INF] [default] [TitleBar.cpp:165 in Update] -> (0.98551, 0.169616)
[2026-09-28 02:03:06.194] [INF] [default] [TitleBar.cpp:165 in Update] -> (0.98551, 0.169616)
[2026-09-28 02:03:06.200] [INF] [default] [TitleBar.cpp:165 in Update] -> (0.985485, 0.169761)
[2026-09-28 02:03:06.205] [INF] [default] [TitleBar.cpp:165 in Update] -> (0.98546, 0.169907)
[2026-09-28 02:03:06.207] [INF] [default] [TitleBar.cpp:165 in Update] -> (0.98546, 0.169907)
[2026-09-28 02:03:06.213] [INF] [default] [TitleBar.cpp:165 in Update] -> (0.985606, 0.169061)
[2026-09-28 02:03:06.222] [INF] [default] [TitleBar.cpp:165 in Update] -> (0.985581, 0.169206)
[2026-09-28 02:03:06.223] [INF] [default] [TitleBar.cpp:165 in Update] -> (0.985556, 0.169351)
[2026-09-28 02:03:06.228] [INF] [default] [TitleBar.cpp:165 in Update] -> (0.985556, 0.169351)
[2026-09-28 02:03:06.239] [INF] [default] [TitleBar.cpp:165 in Update] -> (0.985531, 0.169497)
[2026-09-28 02:03:06.242] [INF] [default] [TitleBar.cpp:165 in Update] -> (0.985531, 0.169497)
[2026-09-28 02:03:06.249] [INF] [default] [TitleBar.cpp:165 in Update] -> (0.985626, 0.16894)
[2026-09-28 02:03:06.255] [INF] [default] [TitleBar.cpp:165 in Update] -> (0.985601, 0.169085)
[2026-09-28 02:03:06.257] [INF] [default] [TitleBar.cpp:165 in Update] -> (0.985601, 0.169085)
[2026-09-28 02:03:06.262] [INF] [default] [TitleBar.cpp:165 in Update] -> (0.985576, 0.169232)
[2026-09-28 02:03:06.270] [INF] [default] [TitleBar.cpp:165 in Update] -> (0.985551, 0.169378)
[2026-09-28 02:03:06.272] [INF] [default] [TitleBar.cpp:165 in Update] -> (0.985526, 0.169525)
[2026-09-28 02:03:06.277] [INF] [default] [TitleBar.cpp:165 in Update] -> (0.985526, 0.169525)
[2026-09-28 02:03:06.284] [INF] [default] [TitleBar.cpp:165 in Update] -> (0.985622, 0.168964)
[2026-09-28 02:03:06.288] [INF] [default] [TitleBar.cpp:165 in Update] -> (0.985572, 0.169257)
[2026-09-28 02:03:06.291] [INF] [default] [TitleBar.cpp:165 in Update] -> (0.985572, 0.169257)
[2026-09-28 02:03:06.297] [INF] [default] [TitleBar.cpp:165 in Update] -> (0.985719, 0.168401)
[2026-09-28 02:03:06.305] [INF] [default] [TitleBar.cpp:165 in Update] -> (0.985668, 0.168694)
[2026-09-28 02:03:06.307] [INF] [default] [TitleBar.cpp:165 in Update] -> (0.98579, 0.167982)
[2026-09-28 02:03:06.312] [INF] [default] [TitleBar.cpp:165 in Update] -> (0.98579, 0.167982)
[2026-09-28 02:03:06.319] [INF] [default] [TitleBar.cpp:165 in Update] -> (0.98574, 0.168275)
[2026-09-28 02:03:06.323] [INF] [default] [TitleBar.cpp:165 in Update] -> (0.985715, 0.168423)
[2026-09-28 02:03:06.326] [INF] [default] [TitleBar.cpp:165 in Update] -> (0.985715, 0.168423)
[2026-09-28 02:03:06.333] [INF] [default] [TitleBar.cpp:165 in Update] -> (0.98569, 0.16857)
[2026-09-28 02:03:06.340] [INF] [default] [TitleBar.cpp:165 in Update] -> (0.985639, 0.168865)
[2026-09-28 02:03:06.342] [INF] [default] [TitleBar.cpp:165 in Update] -> (0.985639, 0.168865)
[2026-09-28 02:03:06.354] [INF] [default] [TitleBar.cpp:165 in Update] -> (0.985588, 0.169161)
[2026-09-28 02:03:06.356] [INF] [default] [TitleBar.cpp:165 in Update] -> (0.985537, 0.169459)
[2026-09-28 02:03:06.360] [INF] [default] [TitleBar.cpp:165 in Update] -> (0.985537, 0.169459)
[2026-09-28 02:03:06.367] [INF] [default] [TitleBar.cpp:165 in Update] -> (0.985635, 0.168889)
[2026-09-28 02:03:06.372] [INF] [default] [TitleBar.cpp:165 in Update] -> (0.98561, 0.169038)
[2026-09-28 02:03:06.376] [INF] [default] [TitleBar.cpp:165 in Update] -> (0.98561, 0.169038)
[2026-09-28 02:03:06.381] [INF] [default] [TitleBar.cpp:165 in Update] -> (0.985733, 0.168318)
[2026-09-28 02:03:06.388] [INF] [default] [TitleBar.cpp:165 in Update] -> (0.985707, 0.168466)
[2026-09-28 02:03:06.395] [INF] [default] [TitleBar.cpp:165 in Update] -> (0.985707, 0.168466)
[2026-09-28 02:03:06.402] [INF] [default] [TitleBar.cpp:165 in Update] -> (0.985805, 0.167892)
[2026-09-28 02:03:06.405] [INF] [default] [TitleBar.cpp:165 in Update] -> (0.98578, 0.168041)
[2026-09-28 02:03:06.416] [INF] [default] [TitleBar.cpp:165 in Update] -> (0.98578, 0.168041)
[2026-09-28 02:03:06.422] [INF] [default] [TitleBar.cpp:165 in Update] -> (0.985729, 0.168339)
[2026-09-28 02:03:06.430] [INF] [default] [TitleBar.cpp:165 in Update] -> (0.985729, 0.168339)
[2026-09-28 02:03:06.436] [INF] [default] [TitleBar.cpp:165 in Update] -> (0.985704, 0.168489)
[2026-09-28 02:03:06.438] [INF] [default] [TitleBar.cpp:165 in Update] -> (0.985678, 0.168638)
[2026-09-28 02:03:06.444] [INF] [default] [TitleBar.cpp:165 in Update] -> (0.985678, 0.168638)
[2026-09-28 02:03:06.455] [INF] [default] [TitleBar.cpp:165 in Update] -> (0.985652, 0.168788)
[2026-09-28 02:03:06.458] [INF] [default] [TitleBar.cpp:165 in Update] -> (0.985652, 0.168788)
[2026-09-28 02:03:06.473] [INF] [default] [TitleBar.cpp:165 in Update] -> (0.985627, 0.168939)
[2026-09-28 02:03:06.474] [INF] [default] [TitleBar.cpp:165 in Update] -> (0.985627, 0.168939)
[2026-09-28 02:03:06.489] [INF] [default] [TitleBar.cpp:165 in Update] -> (0.985601, 0.169089)
[2026-09-28 02:03:06.506] [INF] [default] [TitleBar.cpp:165 in Update] -> (0.985601, 0.169089)
[2026-09-28 02:03:06.508] [INF] [default] [TitleBar.cpp:165 in Update] -> (0.985601, 0.169089)
[2026-09-28 02:03:06.522] [INF] [default] [TitleBar.cpp:165 in Update] -> (0.985725, 0.168361)
[2026-09-28 02:03:06.538] [INF] [default] [TitleBar.cpp:165 in Update] -> (0.985725, 0.168361)
[2026-09-28 02:03:06.555] [INF] [default] [TitleBar.cpp:165 in Update] -> (0.985725, 0.168361)
[2026-09-28 02:03:06.572] [INF] [default] [TitleBar.cpp:165 in Update] -> (0.985725, 0.168361)
[2026-09-28 02:03:06.583] [INF] [default] [TitleBar.cpp:165 in Update] -> (0.985725, 0.168361)
[2026-09-28 02:03:06.589] [INF] [default] [TitleBar.cpp:165 in Update] -> (0.985875, 0.167481)
[2026-09-28 02:03:06.606] [INF] [default] [TitleBar.cpp:165 in Update] -> (0.985875, 0.167481)
[2026-09-28 02:03:06.618] [INF] [default] [TitleBar.cpp:165 in Update] -> (0.985875, 0.167481)
[2026-09-28 02:03:06.621] [INF] [default] [TitleBar.cpp:165 in Update] -> (0.986024, 0.166601)
[2026-09-28 02:03:06.639] [INF] [default] [TitleBar.cpp:165 in Update] -> (0.986024, 0.166601)
[2026-09-28 02:03:06.655] [INF] [default] [TitleBar.cpp:165 in Update] -> (0.986024, 0.166601)
[2026-09-28 02:03:06.672] [INF] [default] [TitleBar.cpp:165 in Update] -> (0.986024, 0.166601)
[2026-09-28 02:03:06.675] [INF] [default] [TitleBar.cpp:165 in Update] -> (0.986024, 0.166601)
[2026-09-28 02:03:06.690] [INF] [default] [TitleBar.cpp:165 in Update] -> (0.986173, 0.16572)
[2026-09-28 02:03:06.691] [INF] [default] [TitleBar.cpp:165 in Update] -> (0.98632, 0.16484)
[2026-09-28 02:03:06.695] [INF] [default] [TitleBar.cpp:165 in Update] -> (0.98632, 0.16484)
[2026-09-28 02:03:06.702] [INF] [default] [TitleBar.cpp:165 in Update] -> (0.986345, 0.164692)
[2026-09-28 02:03:06.706] [INF] [default] [TitleBar.cpp:165 in Update] -> (0.986369, 0.164546)
[2026-09-28 02:03:06.715] [INF] [default] [TitleBar.cpp:165 in Update] -> (0.986369, 0.164546)
[2026-09-28 02:03:06.722] [INF] [default] [TitleBar.cpp:165 in Update] -> (0.986564, 0.163374)
[2026-09-28 02:03:06.724] [INF] [default] [TitleBar.cpp:165 in Update] -> (0.986564, 0.163374)
[2026-09-28 02:03:06.730] [INF] [default] [TitleBar.cpp:165 in Update] -> (0.986588, 0.163229)
[2026-09-28 02:03:06.736] [INF] [default] [TitleBar.cpp:165 in Update] -> (0.986757, 0.162207)
[2026-09-28 02:03:06.738] [INF] [default] [TitleBar.cpp:165 in Update] -> (0.986948, 0.161042)
[2026-09-28 02:03:06.744] [INF] [default] [TitleBar.cpp:165 in Update] -> (0.986948, 0.161042)
[2026-09-28 02:03:06.750] [INF] [default] [TitleBar.cpp:165 in Update] -> (0.987136, 0.159882)
[2026-09-28 02:03:06.755] [INF] [default] [TitleBar.cpp:165 in Update] -> (0.9873, 0.158866)
[2026-09-28 02:03:06.758] [INF] [default] [TitleBar.cpp:165 in Update] -> (0.9873, 0.158866)
[2026-09-28 02:03:06.764] [INF] [default] [TitleBar.cpp:165 in Update] -> (0.987345, 0.158585)
[2026-09-28 02:03:06.772] [INF] [default] [TitleBar.cpp:165 in Update] -> (0.98739, 0.158304)
[2026-09-28 02:03:06.774] [INF] [default] [TitleBar.cpp:165 in Update] -> (0.98739, 0.158304)
[2026-09-28 02:03:06.779] [INF] [default] [TitleBar.cpp:165 in Update] -> (0.987413, 0.158165)
[2026-09-28 02:03:06.785] [INF] [default] [TitleBar.cpp:165 in Update] -> (0.987618, 0.156878)
[2026-09-28 02:03:06.788] [INF] [default] [TitleBar.cpp:165 in Update] -> (0.98764, 0.15674)
[2026-09-28 02:03:06.792] [INF] [default] [TitleBar.cpp:165 in Update] -> (0.98764, 0.15674)
[2026-09-28 02:03:06.799] [INF] [default] [TitleBar.cpp:165 in Update] -> (0.987799, 0.155734)
[2026-09-28 02:03:06.805] [INF] [default] [TitleBar.cpp:165 in Update] -> (0.987821, 0.155597)
[2026-09-28 02:03:06.807] [INF] [default] [TitleBar.cpp:165 in Update] -> (0.987821, 0.155597)
[2026-09-28 02:03:06.813] [INF] [default] [TitleBar.cpp:165 in Update] -> (0.987842, 0.155461)
[2026-09-28 02:03:06.822] [INF] [default] [TitleBar.cpp:165 in Update] -> (0.987999, 0.154458)
[2026-09-28 02:03:06.827] [INF] [default] [TitleBar.cpp:165 in Update] -> (0.987999, 0.154458)
[2026-09-28 02:03:06.833] [INF] [default] [TitleBar.cpp:165 in Update] -> (0.988155, 0.153457)
[2026-09-28 02:03:06.839] [INF] [default] [TitleBar.cpp:165 in Update] -> (0.988176, 0.153322)
[2026-09-28 02:03:06.856] [INF] [default] [TitleBar.cpp:165 in Update] -> (0.988176, 0.153322)
[2026-09-28 02:03:06.858] [INF] [default] [TitleBar.cpp:165 in Update] -> (0.988197, 0.153188)
[2026-09-28 02:03:06.869] [INF] [default] [TitleBar.cpp:165 in Update] -> (0.988197, 0.153188)
[2026-09-28 02:03:06.872] [INF] [default] [TitleBar.cpp:165 in Update] -> (0.988218, 0.153054)
[2026-09-28 02:03:06.883] [INF] [default] [TitleBar.cpp:165 in Update] -> (0.988218, 0.153054)
[2026-09-28 02:03:06.889] [INF] [default] [TitleBar.cpp:165 in Update] -> (0.988238, 0.152921)
[2026-09-28 02:03:06.905] [INF] [default] [TitleBar.cpp:165 in Update] -> (0.988238, 0.152921)
[2026-09-28 02:03:06.922] [INF] [default] [TitleBar.cpp:165 in Update] -> (0.988238, 0.152921)
[2026-09-28 02:03:06.940] [INF] [default] [TitleBar.cpp:165 in Update] -> (0.988238, 0.152921)
[2026-09-28 02:03:06.956] [INF] [default] [TitleBar.cpp:165 in Update] -> (0.988238, 0.152921)
[2026-09-28 02:03:06.972] [INF] [default] [TitleBar.cpp:165 in Update] -> (0.988238, 0.152921)
[2026-09-28 02:03:06.974] [INF] [default] [TitleBar.cpp:165 in Update] -> (0.988238, 0.152921)
[2026-09-28 02:03:06.988] [INF] [default] [TitleBar.cpp:165 in Update] -> (0.988259, 0.152787)
[2026-09-28 02:03:06.990] [INF] [default] [TitleBar.cpp:165 in Update] -> (0.98828, 0.152654)
[2026-09-28 02:03:07.006] [INF] [default] [TitleBar.cpp:165 in Update] -> (0.98828, 0.152654)
[2026-09-28 02:03:07.009] [INF] [default] [TitleBar.cpp:165 in Update] -> (0.98828, 0.152654)
[2026-09-28 02:03:07.015] [INF] [default] [TitleBar.cpp:165 in Update] -> (0.9883, 0.152521)
[2026-09-28 02:03:07.022] [INF] [default] [TitleBar.cpp:165 in Update] -> (0.988321, 0.152388)
[2026-09-28 02:03:07.023] [INF] [default] [TitleBar.cpp:165 in Update] -> (0.988321, 0.152388)
[2026-09-28 02:03:07.029] [INF] [default] [TitleBar.cpp:165 in Update] -> (0.988341, 0.152256)
[2026-09-28 02:03:07.036] [INF] [default] [TitleBar.cpp:165 in Update] -> (0.988362, 0.152123)
[2026-09-28 02:03:07.038] [INF] [default] [TitleBar.cpp:165 in Update] -> (0.988382, 0.151991)
[2026-09-28 02:03:07.051] [INF] [default] [TitleBar.cpp:165 in Update] -> (0.988382, 0.151991)
[2026-09-28 02:03:07.055] [INF] [default] [TitleBar.cpp:165 in Update] -> (0.988422, 0.151728)
[2026-09-28 02:03:07.057] [INF] [default] [TitleBar.cpp:165 in Update] -> (0.988422, 0.151728)
[2026-09-28 02:03:07.071] [INF] [default] [TitleBar.cpp:165 in Update] -> (0.988442, 0.151596)
[2026-09-28 02:03:07.073] [INF] [default] [TitleBar.cpp:165 in Update] -> (0.988463, 0.151465)
[2026-09-28 02:03:07.078] [INF] [default] [TitleBar.cpp:165 in Update] -> (0.988463, 0.151465)
[2026-09-28 02:03:07.088] [INF] [default] [TitleBar.cpp:165 in Update] -> (0.988503, 0.151203)
[2026-09-28 02:03:07.092] [INF] [default] [TitleBar.cpp:165 in Update] -> (0.988503, 0.151203)
[2026-09-28 02:03:07.099] [INF] [default] [TitleBar.cpp:165 in Update] -> (0.988523, 0.151073)
[2026-09-28 02:03:07.105] [INF] [default] [TitleBar.cpp:165 in Update] -> (0.988543, 0.150943)
[2026-09-28 02:03:07.113] [INF] [default] [TitleBar.cpp:165 in Update] -> (0.988543, 0.150943)
[2026-09-28 02:03:07.120] [INF] [default] [TitleBar.cpp:165 in Update] -> (0.988562, 0.150812)
[2026-09-28 02:03:07.122] [INF] [default] [TitleBar.cpp:165 in Update] -> (0.988582, 0.150683)
[2026-09-28 02:03:07.139] [INF] [default] [TitleBar.cpp:165 in Update] -> (0.988582, 0.150683)
[2026-09-28 02:03:07.141] [INF] [default] [TitleBar.cpp:165 in Update] -> (0.988582, 0.150683)
[2026-09-28 02:03:07.155] [INF] [default] [TitleBar.cpp:165 in Update] -> (0.988602, 0.150553)
[2026-09-28 02:03:07.162] [INF] [default] [TitleBar.cpp:165 in Update] -> (0.988602, 0.150553)
[2026-09-28 02:03:07.169] [INF] [default] [TitleBar.cpp:165 in Update] -> (0.988622, 0.150424)
[2026-09-28 02:03:07.172] [INF] [default] [TitleBar.cpp:165 in Update] -> (0.988641, 0.150294)
[2026-09-28 02:03:07.183] [INF] [default] [TitleBar.cpp:165 in Update] -> (0.988641, 0.150294)
[2026-09-28 02:03:07.189] [INF] [default] [TitleBar.cpp:165 in Update] -> (0.988661, 0.150165)
[2026-09-28 02:03:07.204] [INF] [default] [TitleBar.cpp:165 in Update] -> (0.988661, 0.150165)
[2026-09-28 02:03:07.205] [INF] [default] [TitleBar.cpp:165 in Update] -> (0.98868, 0.150037)
[2026-09-28 02:03:07.218] [INF] [default] [TitleBar.cpp:165 in Update] -> (0.98868, 0.150037)
[2026-09-28 02:03:07.223] [INF] [default] [TitleBar.cpp:165 in Update] -> (0.9887, 0.149908)
[2026-09-28 02:03:07.239] [INF] [default] [TitleBar.cpp:165 in Update] -> (0.9887, 0.149908)
[2026-09-28 02:03:07.253] [INF] [default] [TitleBar.cpp:165 in Update] -> (0.9887, 0.149908)
[2026-09-28 02:03:07.255] [INF] [default] [TitleBar.cpp:165 in Update] -> (0.988719, 0.14978)
[2026-09-28 02:03:07.273] [INF] [default] [TitleBar.cpp:165 in Update] -> (0.988719, 0.14978)
[2026-09-28 02:03:07.274] [INF] [default] [TitleBar.cpp:165 in Update] -> (0.988719, 0.14978)
[2026-09-28 02:03:07.289] [INF] [default] [TitleBar.cpp:165 in Update] -> (0.988739, 0.149652)
[2026-09-28 02:03:07.306] [INF] [default] [TitleBar.cpp:165 in Update] -> (0.988739, 0.149652)
[2026-09-28 02:03:07.315] [INF] [default] [TitleBar.cpp:165 in Update] -> (0.988739, 0.149652)
[2026-09-28 02:03:07.322] [INF] [default] [TitleBar.cpp:165 in Update] -> (0.988758, 0.149524)
[2026-09-28 02:03:07.323] [INF] [default] [TitleBar.cpp:165 in Update] -> (0.988739, 0.149652)
[2026-09-28 02:03:07.339] [INF] [default] [TitleBar.cpp:165 in Update] -> (0.988649, 0.15024)
[2026-09-28 02:03:07.344] [INF] [default] [TitleBar.cpp:165 in Update] -> (0.98863, 0.150369)
[2026-09-28 02:03:07.350] [INF] [default] [TitleBar.cpp:165 in Update] -> (0.988501, 0.151213)
[2026-09-28 02:03:07.355] [INF] [default] [TitleBar.cpp:165 in Update] -> (0.988372, 0.152057)
[2026-09-28 02:03:07.364] [INF] [default] [TitleBar.cpp:165 in Update] -> (0.988372, 0.152057)
[2026-09-28 02:03:07.371] [INF] [default] [TitleBar.cpp:165 in Update] -> (0.988241, 0.152901)
[2026-09-28 02:03:07.372] [INF] [default] [TitleBar.cpp:165 in Update] -> (0.988111, 0.153744)
[2026-09-28 02:03:07.378] [INF] [default] [TitleBar.cpp:165 in Update] -> (0.988111, 0.153744)
[2026-09-28 02:03:07.384] [INF] [default] [TitleBar.cpp:165 in Update] -> (0.987979, 0.154588)
[2026-09-28 02:03:07.388] [INF] [default] [TitleBar.cpp:165 in Update] -> (0.987847, 0.15543)
[2026-09-28 02:03:07.391] [INF] [default] [TitleBar.cpp:165 in Update] -> (0.987847, 0.15543)
[2026-09-28 02:03:07.399] [INF] [default] [TitleBar.cpp:165 in Update] -> (0.98758, 0.157115)
[2026-09-28 02:03:07.405] [INF] [default] [TitleBar.cpp:165 in Update] -> (0.987311, 0.158798)
[2026-09-28 02:03:07.407] [INF] [default] [TitleBar.cpp:165 in Update] -> (0.987311, 0.158798)
[2026-09-28 02:03:07.412] [INF] [default] [TitleBar.cpp:165 in Update] -> (0.987175, 0.159639)
[2026-09-28 02:03:07.419] [INF] [default] [TitleBar.cpp:165 in Update] -> (0.986764, 0.162161)
[2026-09-28 02:03:07.422] [INF] [default] [TitleBar.cpp:165 in Update] -> (0.986626, 0.163)
[2026-09-28 02:03:07.426] [INF] [default] [TitleBar.cpp:165 in Update] -> (0.986626, 0.163)
[2026-09-28 02:03:07.433] [INF] [default] [TitleBar.cpp:165 in Update] -> (0.986207, 0.165517)
[2026-09-28 02:03:07.439] [INF] [default] [TitleBar.cpp:165 in Update] -> (0.985782, 0.168031)
[2026-09-28 02:03:07.441] [INF] [default] [TitleBar.cpp:165 in Update] -> (0.985782, 0.168031)
[2026-09-28 02:03:07.447] [INF] [default] [TitleBar.cpp:165 in Update] -> (0.985639, 0.168868)
[2026-09-28 02:03:07.455] [INF] [default] [TitleBar.cpp:165 in Update] -> (0.985205, 0.171378)
[2026-09-28 02:03:07.456] [INF] [default] [TitleBar.cpp:165 in Update] -> (0.984913, 0.173049)
[2026-09-28 02:03:07.461] [INF] [default] [TitleBar.cpp:165 in Update] -> (0.984913, 0.173049)
[2026-09-28 02:03:07.469] [INF] [default] [TitleBar.cpp:165 in Update] -> (0.984766, 0.173884)
[2026-09-28 02:03:07.472] [INF] [default] [TitleBar.cpp:165 in Update] -> (0.98447, 0.175552)
[2026-09-28 02:03:07.476] [INF] [default] [TitleBar.cpp:165 in Update] -> (0.98447, 0.175552)
[2026-09-28 02:03:07.482] [INF] [default] [TitleBar.cpp:165 in Update] -> (0.984321, 0.176386)
[2026-09-28 02:03:07.489] [INF] [default] [TitleBar.cpp:165 in Update] -> (0.984021, 0.178053)
[2026-09-28 02:03:07.491] [INF] [default] [TitleBar.cpp:165 in Update] -> (0.984021, 0.178053)
[2026-09-28 02:03:07.496] [INF] [default] [TitleBar.cpp:165 in Update] -> (0.98387, 0.178885)
[2026-09-28 02:03:07.503] [INF] [default] [TitleBar.cpp:165 in Update] -> (0.983897, 0.178734)
[2026-09-28 02:03:07.505] [INF] [default] [TitleBar.cpp:165 in Update] -> (0.983746, 0.179566)
[2026-09-28 02:03:07.510] [INF] [default] [TitleBar.cpp:165 in Update] -> (0.983746, 0.179566)
[2026-09-28 02:03:07.516] [INF] [default] [TitleBar.cpp:165 in Update] -> (0.983594, 0.180397)
[2026-09-28 02:03:07.521] [INF] [default] [TitleBar.cpp:165 in Update] -> (0.983441, 0.181228)
[2026-09-28 02:03:07.539] [INF] [default] [TitleBar.cpp:165 in Update] -> (0.983441, 0.181228)
[2026-09-28 02:03:07.540] [INF] [default] [TitleBar.cpp:165 in Update] -> (0.983288, 0.182059)
[2026-09-28 02:03:07.552] [INF] [default] [TitleBar.cpp:165 in Update] -> (0.983288, 0.182059)
[2026-09-28 02:03:07.556] [INF] [default] [TitleBar.cpp:165 in Update] -> (0.983134, 0.182889)
[2026-09-28 02:03:07.572] [INF] [default] [TitleBar.cpp:165 in Update] -> (0.983134, 0.182889)
[2026-09-28 02:03:07.587] [INF] [default] [TitleBar.cpp:165 in Update] -> (0.983134, 0.182889)
[2026-09-28 02:03:07.588] [INF] [default] [TitleBar.cpp:165 in Update] -> (0.983162, 0.182734)
[2026-09-28 02:03:07.605] [INF] [default] [TitleBar.cpp:165 in Update] -> (0.983162, 0.182734)
[2026-09-28 02:03:07.622] [INF] [default] [TitleBar.cpp:165 in Update] -> (0.983162, 0.182734)
[2026-09-28 02:03:07.628] [INF] [default] [TitleBar.cpp:165 in Update] -> (0.983162, 0.182734)
[2026-09-28 02:03:07.635] [INF] [default] [TitleBar.cpp:165 in Update] -> (0.983191, 0.18258)
[2026-09-28 02:03:07.639] [INF] [default] [TitleBar.cpp:165 in Update] -> (0.983373, 0.181598)
[2026-09-28 02:03:07.649] [INF] [default] [TitleBar.cpp:165 in Update] -> (0.983373, 0.181598)
[2026-09-28 02:03:07.655] [INF] [default] [TitleBar.cpp:165 in Update] -> (0.983525, 0.18077)
[2026-09-28 02:03:07.657] [INF] [default] [TitleBar.cpp:165 in Update] -> (0.983525, 0.18077)
[2026-09-28 02:03:07.664] [INF] [default] [TitleBar.cpp:165 in Update] -> (0.983553, 0.180618)
[2026-09-28 02:03:07.670] [INF] [default] [TitleBar.cpp:165 in Update] -> (0.983884, 0.17881)
[2026-09-28 02:03:07.671] [INF] [default] [TitleBar.cpp:165 in Update] -> (0.983911, 0.17866)
[2026-09-28 02:03:07.678] [INF] [default] [TitleBar.cpp:165 in Update] -> (0.983911, 0.17866)
[2026-09-28 02:03:07.684] [INF] [default] [TitleBar.cpp:165 in Update] -> (0.984061, 0.177832)
[2026-09-28 02:03:07.689] [INF] [default] [TitleBar.cpp:165 in Update] -> (0.984385, 0.176027)
[2026-09-28 02:03:07.692] [INF] [default] [TitleBar.cpp:165 in Update] -> (0.984385, 0.176027)
[2026-09-28 02:03:07.698] [INF] [default] [TitleBar.cpp:165 in Update] -> (0.984412, 0.175879)
[2026-09-28 02:03:07.706] [INF] [default] [TitleBar.cpp:165 in Update] -> (0.984732, 0.174077)
[2026-09-28 02:03:07.713] [INF] [default] [TitleBar.cpp:165 in Update] -> (0.985049, 0.172277)
[2026-09-28 02:03:07.719] [INF] [default] [TitleBar.cpp:165 in Update] -> (0.985074, 0.172132)
[2026-09-28 02:03:07.722] [INF] [default] [TitleBar.cpp:165 in Update] -> (0.985411, 0.170192)
[2026-09-28 02:03:07.726] [INF] [default] [TitleBar.cpp:165 in Update] -> (0.985411, 0.170192)
[2026-09-28 02:03:07.733] [INF] [default] [TitleBar.cpp:165 in Update] -> (0.985743, 0.168256)
[2026-09-28 02:03:07.739] [INF] [default] [TitleBar.cpp:165 in Update] -> (0.985908, 0.16729)
[2026-09-28 02:03:07.741] [INF] [default] [TitleBar.cpp:165 in Update] -> (0.985908, 0.16729)
[2026-09-28 02:03:07.747] [INF] [default] [TitleBar.cpp:165 in Update] -> (0.986233, 0.165362)
[2026-09-28 02:03:07.754] [INF] [default] [TitleBar.cpp:165 in Update] -> (0.986279, 0.165085)
[2026-09-28 02:03:07.755] [INF] [default] [TitleBar.cpp:165 in Update] -> (0.986485, 0.163851)
[2026-09-28 02:03:07.761] [INF] [default] [TitleBar.cpp:165 in Update] -> (0.986485, 0.163851)
[2026-09-28 02:03:07.769] [INF] [default] [TitleBar.cpp:165 in Update] -> (0.986666, 0.162758)
[2026-09-28 02:03:07.772] [INF] [default] [TitleBar.cpp:165 in Update] -> (0.986711, 0.162487)
[2026-09-28 02:03:07.775] [INF] [default] [TitleBar.cpp:165 in Update] -> (0.986711, 0.162487)
[2026-09-28 02:03:07.781] [INF] [default] [TitleBar.cpp:165 in Update] -> (0.986733, 0.162352)
[2026-09-28 02:03:07.789] [INF] [default] [TitleBar.cpp:165 in Update] -> (0.986799, 0.161949)
[2026-09-28 02:03:07.791] [INF] [default] [TitleBar.cpp:165 in Update] -> (0.986799, 0.161949)
[2026-09-28 02:03:07.796] [INF] [default] [TitleBar.cpp:165 in Update] -> (0.986843, 0.161681)
[2026-09-28 02:03:07.804] [INF] [default] [TitleBar.cpp:165 in Update] -> (0.986865, 0.161548)
[2026-09-28 02:03:07.805] [INF] [default] [TitleBar.cpp:165 in Update] -> (0.986908, 0.161281)
[2026-09-28 02:03:07.810] [INF] [default] [TitleBar.cpp:165 in Update] -> (0.986908, 0.161281)
[2026-09-28 02:03:07.817] [INF] [default] [TitleBar.cpp:165 in Update] -> (0.986841, 0.161695)
[2026-09-28 02:03:07.822] [INF] [default] [TitleBar.cpp:165 in Update] -> (0.986884, 0.16143)
[2026-09-28 02:03:07.824] [INF] [default] [TitleBar.cpp:165 in Update] -> (0.986884, 0.16143)
[2026-09-28 02:03:07.831] [INF] [default] [TitleBar.cpp:165 in Update] -> (0.98664, 0.162916)
[2026-09-28 02:03:07.838] [INF] [default] [TitleBar.cpp:165 in Update] -> (0.986551, 0.163457)
[2026-09-28 02:03:07.839] [INF] [default] [TitleBar.cpp:165 in Update] -> (0.986214, 0.165472)
[2026-09-28 02:03:07.845] [INF] [default] [TitleBar.cpp:165 in Update] -> (0.986214, 0.165472)
[2026-09-28 02:03:07.852] [INF] [default] [TitleBar.cpp:165 in Update] -> (0.985989, 0.166809)
[2026-09-28 02:03:07.855] [INF] [default] [TitleBar.cpp:165 in Update] -> (0.985876, 0.167475)
[2026-09-28 02:03:07.858] [INF] [default] [TitleBar.cpp:165 in Update] -> (0.985876, 0.167475)
[2026-09-28 02:03:07.866] [INF] [default] [TitleBar.cpp:165 in Update] -> (0.98565, 0.168804)
[2026-09-28 02:03:07.872] [INF] [default] [TitleBar.cpp:165 in Update] -> (0.985284, 0.170925)
[2026-09-28 02:03:07.874] [INF] [default] [TitleBar.cpp:165 in Update] -> (0.985284, 0.170925)
[2026-09-28 02:03:07.879] [INF] [default] [TitleBar.cpp:165 in Update] -> (0.985079, 0.172102)
[2026-09-28 02:03:07.886] [INF] [default] [TitleBar.cpp:165 in Update] -> (0.984709, 0.174205)
[2026-09-28 02:03:07.888] [INF] [default] [TitleBar.cpp:165 in Update] -> (0.984337, 0.176299)
[2026-09-28 02:03:07.893] [INF] [default] [TitleBar.cpp:165 in Update] -> (0.984337, 0.176299)
[2026-09-28 02:03:07.900] [INF] [default] [TitleBar.cpp:165 in Update] -> (0.984078, 0.177737)
[2026-09-28 02:03:07.905] [INF] [default] [TitleBar.cpp:165 in Update] -> (0.983726, 0.179672)
[2026-09-28 02:03:07.907] [INF] [default] [TitleBar.cpp:165 in Update] -> (0.983726, 0.179672)
[2026-09-28 02:03:07.914] [INF] [default] [TitleBar.cpp:165 in Update] -> (0.983201, 0.182525)
[2026-09-28 02:03:07.922] [INF] [default] [TitleBar.cpp:165 in Update] -> (0.982578, 0.185849)
[2026-09-28 02:03:07.924] [INF] [default] [TitleBar.cpp:165 in Update] -> (0.981678, 0.190547)
[2026-09-28 02:03:07.928] [INF] [default] [TitleBar.cpp:165 in Update] -> (0.981678, 0.190547)
[2026-09-28 02:03:07.935] [INF] [default] [TitleBar.cpp:165 in Update] -> (0.980857, 0.194729)
[2026-09-28 02:03:07.939] [INF] [default] [TitleBar.cpp:165 in Update] -> (0.980055, 0.198725)
[2026-09-28 02:03:07.943] [INF] [default] [TitleBar.cpp:165 in Update] -> (0.980055, 0.198725)
[2026-09-28 02:03:07.949] [INF] [default] [TitleBar.cpp:165 in Update] -> (0.979211, 0.202842)
[2026-09-28 02:03:07.955] [INF] [default] [TitleBar.cpp:165 in Update] -> (0.978676, 0.205411)
[2026-09-28 02:03:07.957] [INF] [default] [TitleBar.cpp:165 in Update] -> (0.978676, 0.205411)
[2026-09-28 02:03:07.963] [INF] [default] [TitleBar.cpp:165 in Update] -> (0.977849, 0.209313)
[2026-09-28 02:03:07.970] [INF] [default] [TitleBar.cpp:165 in Update] -> (0.977269, 0.212004)
[2026-09-28 02:03:07.972] [INF] [default] [TitleBar.cpp:165 in Update] -> (0.97672, 0.214517)
[2026-09-28 02:03:07.977] [INF] [default] [TitleBar.cpp:165 in Update] -> (0.97672, 0.214517)
[2026-09-28 02:03:07.983] [INF] [default] [TitleBar.cpp:165 in Update] -> (0.975965, 0.217926)
[2026-09-28 02:03:07.989] [INF] [default] [TitleBar.cpp:165 in Update] -> (0.975706, 0.219084)
[2026-09-28 02:03:07.991] [INF] [default] [TitleBar.cpp:165 in Update] -> (0.975706, 0.219084)
[2026-09-28 02:03:07.998] [INF] [default] [TitleBar.cpp:165 in Update] -> (0.975278, 0.22098)
[2026-09-28 02:03:08.005] [INF] [default] [TitleBar.cpp:165 in Update] -> (0.974887, 0.222698)
[2026-09-28 02:03:08.007] [INF] [default] [TitleBar.cpp:165 in Update] -> (0.974286, 0.225313)
[2026-09-28 02:03:08.011] [INF] [default] [TitleBar.cpp:165 in Update] -> (0.974286, 0.225313)
[2026-09-28 02:03:08.019] [INF] [default] [TitleBar.cpp:165 in Update] -> (0.973813, 0.227352)
[2026-09-28 02:03:08.022] [INF] [default] [TitleBar.cpp:165 in Update] -> (0.973377, 0.229212)
[2026-09-28 02:03:08.026] [INF] [default] [TitleBar.cpp:165 in Update] -> (0.973377, 0.229212)
[2026-09-28 02:03:08.032] [INF] [default] [TitleBar.cpp:165 in Update] -> (0.973112, 0.230332)
[2026-09-28 02:03:08.038] [INF] [default] [TitleBar.cpp:165 in Update] -> (0.972632, 0.232351)
[2026-09-28 02:03:08.041] [INF] [default] [TitleBar.cpp:165 in Update] -> (0.972632, 0.232351)
[2026-09-28 02:03:08.047] [INF] [default] [TitleBar.cpp:165 in Update] -> (0.972324, 0.233635)
[2026-09-28 02:03:08.054] [INF] [default] [TitleBar.cpp:165 in Update] -> (0.972149, 0.234364)
[2026-09-28 02:03:08.055] [INF] [default] [TitleBar.cpp:165 in Update] -> (0.972016, 0.234917)
[2026-09-28 02:03:08.060] [INF] [default] [TitleBar.cpp:165 in Update] -> (0.972016, 0.234917)
[2026-09-28 02:03:08.068] [INF] [default] [TitleBar.cpp:165 in Update] -> (0.971706, 0.236195)
[2026-09-28 02:03:08.072] [INF] [default] [TitleBar.cpp:165 in Update] -> (0.971572, 0.236744)
[2026-09-28 02:03:08.082] [INF] [default] [TitleBar.cpp:165 in Update] -> (0.971572, 0.236744)
[2026-09-28 02:03:08.089] [INF] [default] [TitleBar.cpp:165 in Update] -> (0.971438, 0.237292)
[2026-09-28 02:03:08.090] [INF] [default] [TitleBar.cpp:165 in Update] -> (0.971083, 0.238741)
[2026-09-28 02:03:08.102] [INF] [default] [TitleBar.cpp:165 in Update] -> (0.971171, 0.238385)
[2026-09-28 02:03:08.106] [INF] [default] [TitleBar.cpp:165 in Update] -> (0.970993, 0.239108)
[2026-09-28 02:03:08.110] [INF] [default] [TitleBar.cpp:165 in Update] -> (0.970993, 0.239108)
[2026-09-28 02:03:08.116] [INF] [default] [TitleBar.cpp:165 in Update] -> (0.970815, 0.23983)
[2026-09-28 02:03:08.121] [INF] [default] [TitleBar.cpp:165 in Update] -> (0.97068, 0.240374)
[2026-09-28 02:03:08.123] [INF] [default] [TitleBar.cpp:165 in Update] -> (0.97068, 0.240374)
[2026-09-28 02:03:08.130] [INF] [default] [TitleBar.cpp:165 in Update] -> (0.970546, 0.240916)
[2026-09-28 02:03:08.137] [INF] [default] [TitleBar.cpp:165 in Update] -> (0.970412, 0.241457)
[2026-09-28 02:03:08.138] [INF] [default] [TitleBar.cpp:165 in Update] -> (0.970232, 0.242176)
[2026-09-28 02:03:08.151] [INF] [default] [TitleBar.cpp:165 in Update] -> (0.970232, 0.242176)
[2026-09-28 02:03:08.155] [INF] [default] [TitleBar.cpp:165 in Update] -> (0.969918, 0.243433)
[2026-09-28 02:03:08.158] [INF] [default] [TitleBar.cpp:165 in Update] -> (0.969918, 0.243433)
[2026-09-28 02:03:08.165] [INF] [default] [TitleBar.cpp:165 in Update] -> (0.970008, 0.243073)
[2026-09-28 02:03:08.171] [INF] [default] [TitleBar.cpp:165 in Update] -> (0.969693, 0.244326)
[2026-09-28 02:03:08.179] [INF] [default] [TitleBar.cpp:165 in Update] -> (0.969693, 0.244326)
[2026-09-28 02:03:08.186] [INF] [default] [TitleBar.cpp:165 in Update] -> (0.969738, 0.244146)
[2026-09-28 02:03:08.189] [INF] [default] [TitleBar.cpp:165 in Update] -> (0.969604, 0.244681)
[2026-09-28 02:03:08.194] [INF] [default] [TitleBar.cpp:165 in Update] -> (0.969604, 0.244681)
[2026-09-28 02:03:08.200] [INF] [default] [TitleBar.cpp:165 in Update] -> (0.969469, 0.245214)
[2026-09-28 02:03:08.206] [INF] [default] [TitleBar.cpp:165 in Update] -> (0.969514, 0.245034)
[2026-09-28 02:03:08.208] [INF] [default] [TitleBar.cpp:165 in Update] -> (0.969514, 0.245034)
[2026-09-28 02:03:08.214] [INF] [default] [TitleBar.cpp:165 in Update] -> (0.96938, 0.245566)
[2026-09-28 02:03:08.221] [INF] [default] [TitleBar.cpp:165 in Update] -> (0.969245, 0.246097)
[2026-09-28 02:03:08.222] [INF] [default] [TitleBar.cpp:165 in Update] -> (0.96911, 0.246628)
[2026-09-28 02:03:08.228] [INF] [default] [TitleBar.cpp:165 in Update] -> (0.96911, 0.246628)
[2026-09-28 02:03:08.234] [INF] [default] [TitleBar.cpp:165 in Update] -> (0.969156, 0.246447)
[2026-09-28 02:03:08.239] [INF] [default] [TitleBar.cpp:165 in Update] -> (0.969202, 0.246266)
[2026-09-28 02:03:08.242] [INF] [default] [TitleBar.cpp:165 in Update] -> (0.969202, 0.246266)
[2026-09-28 02:03:08.248] [INF] [default] [TitleBar.cpp:165 in Update] -> (0.969068, 0.246795)
[2026-09-28 02:03:08.256] [INF] [default] [TitleBar.cpp:165 in Update] -> (0.968933, 0.247323)
[2026-09-28 02:03:08.263] [INF] [default] [TitleBar.cpp:165 in Update] -> (0.968933, 0.247323)
[2026-09-28 02:03:08.269] [INF] [default] [TitleBar.cpp:165 in Update] -> (0.968845, 0.247669)
[2026-09-28 02:03:08.271] [INF] [default] [TitleBar.cpp:165 in Update] -> (0.96871, 0.248194)
[2026-09-28 02:03:08.277] [INF] [default] [TitleBar.cpp:165 in Update] -> (0.96871, 0.248194)
[2026-09-28 02:03:08.284] [INF] [default] [TitleBar.cpp:165 in Update] -> (0.968529, 0.2489)
[2026-09-28 02:03:08.288] [INF] [default] [TitleBar.cpp:165 in Update] -> (0.968622, 0.248538)
[2026-09-28 02:03:08.297] [INF] [default] [TitleBar.cpp:165 in Update] -> (0.968622, 0.248538)
[2026-09-28 02:03:08.306] [INF] [default] [TitleBar.cpp:165 in Update] -> (0.968488, 0.249061)
[2026-09-28 02:03:08.308] [INF] [default] [TitleBar.cpp:165 in Update] -> (0.9684, 0.249402)
[2026-09-28 02:03:08.318] [INF] [default] [TitleBar.cpp:165 in Update] -> (0.9684, 0.249402)
[2026-09-28 02:03:08.321] [INF] [default] [TitleBar.cpp:165 in Update] -> (0.968312, 0.249742)
[2026-09-28 02:03:08.326] [INF] [default] [TitleBar.cpp:165 in Update] -> (0.968312, 0.249742)
[2026-09-28 02:03:08.332] [INF] [default] [TitleBar.cpp:165 in Update] -> (0.968359, 0.249562)
[2026-09-28 02:03:08.339] [INF] [default] [TitleBar.cpp:165 in Update] -> (0.968405, 0.249381)
[2026-09-28 02:03:08.341] [INF] [default] [TitleBar.cpp:165 in Update] -> (0.968405, 0.249381)
[2026-09-28 02:03:08.346] [INF] [default] [TitleBar.cpp:165 in Update] -> (0.968452, 0.249201)
[2026-09-28 02:03:08.353] [INF] [default] [TitleBar.cpp:165 in Update] -> (0.968498, 0.249021)
[2026-09-28 02:03:08.355] [INF] [default] [TitleBar.cpp:165 in Update] -> (0.968365, 0.24954)
[2026-09-28 02:03:08.361] [INF] [default] [TitleBar.cpp:165 in Update] -> (0.968365, 0.24954)
[2026-09-28 02:03:08.367] [INF] [default] [TitleBar.cpp:165 in Update] -> (0.968457, 0.249181)
[2026-09-28 02:03:08.372] [INF] [default] [TitleBar.cpp:165 in Update] -> (0.968324, 0.249698)
[2026-09-28 02:03:08.375] [INF] [default] [TitleBar.cpp:165 in Update] -> (0.968324, 0.249698)
[2026-09-28 02:03:08.381] [INF] [default] [TitleBar.cpp:165 in Update] -> (0.96819, 0.250215)
[2026-09-28 02:03:08.388] [INF] [default] [TitleBar.cpp:165 in Update] -> (0.968283, 0.249856)
[2026-09-28 02:03:08.395] [INF] [default] [TitleBar.cpp:165 in Update] -> (0.968283, 0.249856)
[2026-09-28 02:03:08.402] [INF] [default] [TitleBar.cpp:165 in Update] -> (0.968196, 0.250191)
[2026-09-28 02:03:08.405] [INF] [default] [TitleBar.cpp:165 in Update] -> (0.968063, 0.250705)
[2026-09-28 02:03:08.409] [INF] [default] [TitleBar.cpp:165 in Update] -> (0.968063, 0.250705)
[2026-09-28 02:03:08.416] [INF] [default] [TitleBar.cpp:165 in Update] -> (0.96793, 0.251219)
[2026-09-28 02:03:08.422] [INF] [default] [TitleBar.cpp:165 in Update] -> (0.967844, 0.251551)
[2026-09-28 02:03:08.423] [INF] [default] [TitleBar.cpp:165 in Update] -> (0.967844, 0.251551)
[2026-09-28 02:03:08.430] [INF] [default] [TitleBar.cpp:165 in Update] -> (0.967937, 0.251192)
[2026-09-28 02:03:08.437] [INF] [default] [TitleBar.cpp:165 in Update] -> (0.967984, 0.251013)
[2026-09-28 02:03:08.438] [INF] [default] [TitleBar.cpp:165 in Update] -> (0.967898, 0.251345)
[2026-09-28 02:03:08.444] [INF] [default] [TitleBar.cpp:165 in Update] -> (0.967898, 0.251345)
[2026-09-28 02:03:08.451] [INF] [default] [TitleBar.cpp:165 in Update] -> (0.967858, 0.251496)
[2026-09-28 02:03:08.455] [INF] [default] [TitleBar.cpp:165 in Update] -> (0.967547, 0.25269)
[2026-09-28 02:03:08.459] [INF] [default] [TitleBar.cpp:165 in Update] -> (0.967547, 0.25269)
[2026-09-28 02:03:08.465] [INF] [default] [TitleBar.cpp:165 in Update] -> (0.967462, 0.253017)
[2026-09-28 02:03:08.472] [INF] [default] [TitleBar.cpp:165 in Update] -> (0.967376, 0.253343)
[2026-09-28 02:03:08.473] [INF] [default] [TitleBar.cpp:165 in Update] -> (0.96733, 0.253522)
[2026-09-28 02:03:08.479] [INF] [default] [TitleBar.cpp:165 in Update] -> (0.967338, 0.253489)
[2026-09-28 02:03:08.485] [INF] [default] [TitleBar.cpp:165 in Update] -> (0.967159, 0.254171)
[2026-09-28 02:03:08.488] [INF] [default] [TitleBar.cpp:165 in Update] -> (0.967075, 0.254493)
[2026-09-28 02:03:08.492] [INF] [default] [TitleBar.cpp:165 in Update] -> (0.967075, 0.254493)
[2026-09-28 02:03:08.500] [INF] [default] [TitleBar.cpp:165 in Update] -> (0.966858, 0.255314)
[2026-09-28 02:03:08.505] [INF] [default] [TitleBar.cpp:165 in Update] -> (0.966774, 0.255634)
[2026-09-28 02:03:08.507] [INF] [default] [TitleBar.cpp:165 in Update] -> (0.966774, 0.255634)
[2026-09-28 02:03:08.513] [INF] [default] [TitleBar.cpp:165 in Update] -> (0.966463, 0.256807)
[2026-09-28 02:03:08.521] [INF] [default] [TitleBar.cpp:165 in Update] -> (0.966379, 0.257123)
[2026-09-28 02:03:08.522] [INF] [default] [TitleBar.cpp:165 in Update] -> (0.966295, 0.257438)
[2026-09-28 02:03:08.527] [INF] [default] [TitleBar.cpp:165 in Update] -> (0.966295, 0.257438)
[2026-09-28 02:03:08.533] [INF] [default] [TitleBar.cpp:165 in Update] -> (0.96608, 0.258245)
[2026-09-28 02:03:08.539] [INF] [default] [TitleBar.cpp:165 in Update] -> (0.965768, 0.259407)
[2026-09-28 02:03:08.542] [INF] [default] [TitleBar.cpp:165 in Update] -> (0.965768, 0.259407)
[2026-09-28 02:03:08.548] [INF] [default] [TitleBar.cpp:165 in Update] -> (0.965554, 0.260205)
[2026-09-28 02:03:08.555] [INF] [default] [TitleBar.cpp:165 in Update] -> (0.965159, 0.261665)
[2026-09-28 02:03:08.557] [INF] [default] [TitleBar.cpp:165 in Update] -> (0.96511, 0.261846)
[2026-09-28 02:03:08.562] [INF] [default] [TitleBar.cpp:165 in Update] -> (0.965189, 0.261553)
[2026-09-28 02:03:08.569] [INF] [default] [TitleBar.cpp:165 in Update] -> (0.965074, 0.261979)
[2026-09-28 02:03:08.572] [INF] [default] [TitleBar.cpp:165 in Update] -> (0.96491, 0.26258)
[2026-09-28 02:03:08.577] [INF] [default] [TitleBar.cpp:165 in Update] -> (0.96491, 0.26258)
[2026-09-28 02:03:08.583] [INF] [default] [TitleBar.cpp:165 in Update] -> (0.964667, 0.263474)
[2026-09-28 02:03:08.589] [INF] [default] [TitleBar.cpp:165 in Update] -> (0.964505, 0.264066)
[2026-09-28 02:03:08.591] [INF] [default] [TitleBar.cpp:165 in Update] -> (0.964505, 0.264066)
[2026-09-28 02:03:08.598] [INF] [default] [TitleBar.cpp:165 in Update] -> (0.96457, 0.263826)
[2026-09-28 02:03:08.604] [INF] [default] [TitleBar.cpp:165 in Update] -> (0.96441, 0.264412)
[2026-09-28 02:03:08.606] [INF] [default] [TitleBar.cpp:165 in Update] -> (0.964427, 0.26435)
[2026-09-28 02:03:08.611] [INF] [default] [TitleBar.cpp:165 in Update] -> (0.964427, 0.26435)
[2026-09-28 02:03:08.619] [INF] [default] [TitleBar.cpp:165 in Update] -> (0.964395, 0.264464)
[2026-09-28 02:03:08.622] [INF] [default] [TitleBar.cpp:165 in Update] -> (0.964412, 0.264402)
[2026-09-28 02:03:08.625] [INF] [default] [TitleBar.cpp:165 in Update] -> (0.964412, 0.264402)
[2026-09-28 02:03:08.632] [INF] [default] [TitleBar.cpp:165 in Update] -> (0.964381, 0.264516)
[2026-09-28 02:03:08.639] [INF] [default] [TitleBar.cpp:165 in Update] -> (0.964302, 0.264805)
[2026-09-28 02:03:08.641] [INF] [default] [TitleBar.cpp:165 in Update] -> (0.964302, 0.264805)
[2026-09-28 02:03:08.646] [INF] [default] [TitleBar.cpp:165 in Update] -> (0.964319, 0.264742)
[2026-09-28 02:03:08.653] [INF] [default] [TitleBar.cpp:165 in Update] -> (0.964463, 0.264218)
[2026-09-28 02:03:08.656] [INF] [default] [TitleBar.cpp:165 in Update] -> (0.964432, 0.264331)
[2026-09-28 02:03:08.661] [INF] [default] [TitleBar.cpp:165 in Update] -> (0.964432, 0.264331)
[2026-09-28 02:03:08.667] [INF] [default] [TitleBar.cpp:165 in Update] -> (0.96448, 0.264157)
[2026-09-28 02:03:08.672] [INF] [default] [TitleBar.cpp:165 in Update] -> (0.964622, 0.263636)
[2026-09-28 02:03:08.674] [INF] [default] [TitleBar.cpp:165 in Update] -> (0.964622, 0.263636)
[2026-09-28 02:03:08.681] [INF] [default] [TitleBar.cpp:165 in Update] -> (0.964591, 0.26375)
[2026-09-28 02:03:08.688] [INF] [default] [TitleBar.cpp:165 in Update] -> (0.964638, 0.263577)
[2026-09-28 02:03:08.690] [INF] [default] [TitleBar.cpp:165 in Update] -> (0.96456, 0.263863)
[2026-09-28 02:03:08.695] [INF] [default] [TitleBar.cpp:165 in Update] -> (0.96456, 0.263863)
[2026-09-28 02:03:08.701] [INF] [default] [TitleBar.cpp:165 in Update] -> (0.964701, 0.263347)
[2026-09-28 02:03:08.705] [INF] [default] [TitleBar.cpp:165 in Update] -> (0.964576, 0.263804)
[2026-09-28 02:03:08.709] [INF] [default] [TitleBar.cpp:165 in Update] -> (0.964576, 0.263804)
[2026-09-28 02:03:08.715] [INF] [default] [TitleBar.cpp:165 in Update] -> (0.96467, 0.26346)
[2026-09-28 02:03:08.721] [INF] [default] [TitleBar.cpp:165 in Update] -> (0.96481, 0.262946)
[2026-09-28 02:03:08.722] [INF] [default] [TitleBar.cpp:165 in Update] -> (0.96481, 0.262946)
[2026-09-28 02:03:08.729] [INF] [default] [TitleBar.cpp:165 in Update] -> (0.964686, 0.263402)
[2026-09-28 02:03:08.736] [INF] [default] [TitleBar.cpp:165 in Update] -> (0.964779, 0.26306)
[2026-09-28 02:03:08.738] [INF] [default] [TitleBar.cpp:165 in Update] -> (0.964872, 0.262719)
[2026-09-28 02:03:08.750] [INF] [default] [TitleBar.cpp:165 in Update] -> (0.964872, 0.262719)
[2026-09-28 02:03:08.755] [INF] [default] [TitleBar.cpp:165 in Update] -> (0.964965, 0.262379)
[2026-09-28 02:03:08.757] [INF] [default] [TitleBar.cpp:165 in Update] -> (0.964965, 0.262379)
[2026-09-28 02:03:08.765] [INF] [default] [TitleBar.cpp:165 in Update] -> (0.965011, 0.262209)
[2026-09-28 02:03:08.772] [INF] [default] [TitleBar.cpp:165 in Update] -> (0.965103, 0.26187)
[2026-09-28 02:03:08.773] [INF] [default] [TitleBar.cpp:165 in Update] -> (0.965195, 0.261532)
[2026-09-28 02:03:08.779] [INF] [default] [TitleBar.cpp:165 in Update] -> (0.965195, 0.261532)
[2026-09-28 02:03:08.785] [INF] [default] [TitleBar.cpp:165 in Update] -> (0.96524, 0.261364)
[2026-09-28 02:03:08.788] [INF] [default] [TitleBar.cpp:165 in Update] -> (0.965332, 0.261027)
[2026-09-28 02:03:08.799] [INF] [default] [TitleBar.cpp:165 in Update] -> (0.965332, 0.261027)
[2026-09-28 02:03:08.805] [INF] [default] [TitleBar.cpp:165 in Update] -> (0.965422, 0.260691)
[2026-09-28 02:03:08.807] [INF] [default] [TitleBar.cpp:165 in Update] -> (0.965422, 0.260691)
[2026-09-28 02:03:08.813] [INF] [default] [TitleBar.cpp:165 in Update] -> (0.965513, 0.260356)
[2026-09-28 02:03:08.820] [INF] [default] [TitleBar.cpp:165 in Update] -> (0.965558, 0.260188)
[2026-09-28 02:03:08.822] [INF] [default] [TitleBar.cpp:165 in Update] -> (0.965814, 0.259234)
[2026-09-28 02:03:08.827] [INF] [default] [TitleBar.cpp:165 in Update] -> (0.965814, 0.259234)
[2026-09-28 02:03:08.835] [INF] [default] [TitleBar.cpp:165 in Update] -> (0.965904, 0.258902)
[2026-09-28 02:03:08.839] [INF] [default] [TitleBar.cpp:165 in Update] -> (0.966114, 0.258117)
[2026-09-28 02:03:08.842] [INF] [default] [TitleBar.cpp:165 in Update] -> (0.966114, 0.258117)
[2026-09-28 02:03:08.848] [INF] [default] [TitleBar.cpp:165 in Update] -> (0.966202, 0.257786)
[2026-09-28 02:03:08.855] [INF] [default] [TitleBar.cpp:165 in Update] -> (0.966454, 0.256839)
[2026-09-28 02:03:08.857] [INF] [default] [TitleBar.cpp:165 in Update] -> (0.966498, 0.256674)
[2026-09-28 02:03:08.862] [INF] [default] [TitleBar.cpp:165 in Update] -> (0.966498, 0.256674)
[2026-09-28 02:03:08.872] [INF] [default] [TitleBar.cpp:165 in Update] -> (0.966585, 0.256347)
[2026-09-28 02:03:08.876] [INF] [default] [TitleBar.cpp:165 in Update] -> (0.966585, 0.256347)
[2026-09-28 02:03:08.883] [INF] [default] [TitleBar.cpp:165 in Update] -> (0.966672, 0.25602)
[2026-09-28 02:03:08.889] [INF] [default] [TitleBar.cpp:165 in Update] -> (0.966921, 0.255077)
[2026-09-28 02:03:08.891] [INF] [default] [TitleBar.cpp:165 in Update] -> (0.966921, 0.255077)
[2026-09-28 02:03:08.897] [INF] [default] [TitleBar.cpp:165 in Update] -> (0.966964, 0.254915)
[2026-09-28 02:03:08.903] [INF] [default] [TitleBar.cpp:165 in Update] -> (0.967211, 0.253975)
[2026-09-28 02:03:08.906] [INF] [default] [TitleBar.cpp:165 in Update] -> (0.967338, 0.253491)
[2026-09-28 02:03:08.911] [INF] [default] [TitleBar.cpp:165 in Update] -> (0.967338, 0.253491)
[2026-09-28 02:03:08.917] [INF] [default] [TitleBar.cpp:165 in Update] -> (0.967541, 0.252716)
[2026-09-28 02:03:08.922] [INF] [default] [TitleBar.cpp:165 in Update] -> (0.967784, 0.251781)
[2026-09-28 02:03:08.925] [INF] [default] [TitleBar.cpp:165 in Update] -> (0.967784, 0.251781)
[2026-09-28 02:03:08.931] [INF] [default] [TitleBar.cpp:165 in Update] -> (0.968068, 0.25069)
[2026-09-28 02:03:08.939] [INF] [default] [TitleBar.cpp:165 in Update] -> (0.968191, 0.250214)
[2026-09-28 02:03:08.941] [INF] [default] [TitleBar.cpp:165 in Update] -> (0.968191, 0.250214)
[2026-09-28 02:03:08.946] [INF] [default] [TitleBar.cpp:165 in Update] -> (0.968704, 0.248218)
[2026-09-28 02:03:08.952] [INF] [default] [TitleBar.cpp:165 in Update] -> (0.969176, 0.246368)
[2026-09-28 02:03:08.955] [INF] [default] [TitleBar.cpp:165 in Update] -> (0.969758, 0.244067)
[2026-09-28 02:03:08.960] [INF] [default] [TitleBar.cpp:165 in Update] -> (0.969758, 0.244067)
[2026-09-28 02:03:08.966] [INF] [default] [TitleBar.cpp:165 in Update] -> (0.970333, 0.241771)
[2026-09-28 02:03:08.972] [INF] [default] [TitleBar.cpp:165 in Update] -> (0.970901, 0.23948)
[2026-09-28 02:03:08.973] [INF] [default] [TitleBar.cpp:165 in Update] -> (0.970901, 0.23948)
[2026-09-28 02:03:08.980] [INF] [default] [TitleBar.cpp:165 in Update] -> (0.971462, 0.237195)
[2026-09-28 02:03:08.987] [INF] [default] [TitleBar.cpp:165 in Update] -> (0.972016, 0.234915)
[2026-09-28 02:03:08.989] [INF] [default] [TitleBar.cpp:165 in Update] -> (0.972528, 0.232786)
[2026-09-28 02:03:08.995] [INF] [default] [TitleBar.cpp:165 in Update] -> (0.972528, 0.232786)
[2026-09-28 02:03:09.001] [INF] [default] [TitleBar.cpp:165 in Update] -> (0.972924, 0.231126)
[2026-09-28 02:03:09.006] [INF] [default] [TitleBar.cpp:165 in Update] -> (0.973426, 0.229003)
[2026-09-28 02:03:09.009] [INF] [default] [TitleBar.cpp:165 in Update] -> (0.973426, 0.229003)
[2026-09-28 02:03:09.015] [INF] [default] [TitleBar.cpp:165 in Update] -> (0.973779, 0.227494)
[2026-09-28 02:03:09.022] [INF] [default] [TitleBar.cpp:165 in Update] -> (0.974272, 0.225377)
[2026-09-28 02:03:09.024] [INF] [default] [TitleBar.cpp:165 in Update] -> (0.974272, 0.225377)
[2026-09-28 02:03:09.030] [INF] [default] [TitleBar.cpp:165 in Update] -> (0.974618, 0.223873)
[2026-09-28 02:03:09.036] [INF] [default] [TitleBar.cpp:165 in Update] -> (0.975133, 0.221621)
[2026-09-28 02:03:09.038] [INF] [default] [TitleBar.cpp:165 in Update] -> (0.975441, 0.220261)
[2026-09-28 02:03:09.043] [INF] [default] [TitleBar.cpp:165 in Update] -> (0.975441, 0.220261)
[2026-09-28 02:03:09.050] [INF] [default] [TitleBar.cpp:165 in Update] -> (0.975915, 0.218153)
[2026-09-28 02:03:09.055] [INF] [default] [TitleBar.cpp:165 in Update] -> (0.976383, 0.216048)
[2026-09-28 02:03:09.057] [INF] [default] [TitleBar.cpp:165 in Update] -> (0.976383, 0.216048)
[2026-09-28 02:03:09.065] [INF] [default] [TitleBar.cpp:165 in Update] -> (0.976816, 0.214079)
[2026-09-28 02:03:09.071] [INF] [default] [TitleBar.cpp:165 in Update] -> (0.977303, 0.211845)
[2026-09-28 02:03:09.072] [INF] [default] [TitleBar.cpp:165 in Update] -> (0.977624, 0.210359)
[2026-09-28 02:03:09.078] [INF] [default] [TitleBar.cpp:165 in Update] -> (0.977624, 0.210359)
[2026-09-28 02:03:09.085] [INF] [default] [TitleBar.cpp:165 in Update] -> (0.978073, 0.208264)
[2026-09-28 02:03:09.088] [INF] [default] [TitleBar.cpp:165 in Update] -> (0.97836, 0.206912)
[2026-09-28 02:03:09.092] [INF] [default] [TitleBar.cpp:165 in Update] -> (0.97836, 0.206912)
[2026-09-28 02:03:09.099] [INF] [default] [TitleBar.cpp:165 in Update] -> (0.9788, 0.20482)
[2026-09-28 02:03:09.105] [INF] [default] [TitleBar.cpp:165 in Update] -> (0.978954, 0.204082)
[2026-09-28 02:03:09.107] [INF] [default] [TitleBar.cpp:165 in Update] -> (0.978954, 0.204082)
[2026-09-28 02:03:09.112] [INF] [default] [TitleBar.cpp:165 in Update] -> (0.979134, 0.203216)
[2026-09-28 02:03:09.120] [INF] [default] [TitleBar.cpp:165 in Update] -> (0.979313, 0.202353)
[2026-09-28 02:03:09.122] [INF] [default] [TitleBar.cpp:165 in Update] -> (0.97949, 0.201491)
[2026-09-28 02:03:09.126] [INF] [default] [TitleBar.cpp:165 in Update] -> (0.97949, 0.201491)
[2026-09-28 02:03:09.133] [INF] [default] [TitleBar.cpp:165 in Update] -> (0.979641, 0.200757)
[2026-09-28 02:03:09.139] [INF] [default] [TitleBar.cpp:165 in Update] -> (0.979791, 0.200022)
[2026-09-28 02:03:09.141] [INF] [default] [TitleBar.cpp:165 in Update] -> (0.979791, 0.200022)
[2026-09-28 02:03:09.147] [INF] [default] [TitleBar.cpp:165 in Update] -> (0.979842, 0.199774)
[2026-09-28 02:03:09.155] [INF] [default] [TitleBar.cpp:165 in Update] -> (0.979991, 0.199041)
[2026-09-28 02:03:09.156] [INF] [default] [TitleBar.cpp:165 in Update] -> (0.980164, 0.198186)
[2026-09-28 02:03:09.161] [INF] [default] [TitleBar.cpp:165 in Update] -> (0.980164, 0.198186)
[2026-09-28 02:03:09.168] [INF] [default] [TitleBar.cpp:165 in Update] -> (0.980214, 0.19794)
[2026-09-28 02:03:09.172] [INF] [default] [TitleBar.cpp:165 in Update] -> (0.980361, 0.19721)
[2026-09-28 02:03:09.175] [INF] [default] [TitleBar.cpp:165 in Update] -> (0.980361, 0.19721)
[2026-09-28 02:03:09.182] [INF] [default] [TitleBar.cpp:165 in Update] -> (0.980532, 0.196359)
[2026-09-28 02:03:09.189] [INF] [default] [TitleBar.cpp:165 in Update] -> (0.980943, 0.194296)
[2026-09-28 02:03:09.191] [INF] [default] [TitleBar.cpp:165 in Update] -> (0.980943, 0.194296)
[2026-09-28 02:03:09.196] [INF] [default] [TitleBar.cpp:165 in Update] -> (0.981325, 0.192355)
[2026-09-28 02:03:09.203] [INF] [default] [TitleBar.cpp:165 in Update] -> (0.981822, 0.189806)
[2026-09-28 02:03:09.205] [INF] [default] [TitleBar.cpp:165 in Update] -> (0.982636, 0.185546)
[2026-09-28 02:03:09.210] [INF] [default] [TitleBar.cpp:165 in Update] -> (0.982636, 0.185546)
[2026-09-28 02:03:09.218] [INF] [default] [TitleBar.cpp:165 in Update] -> (0.983453, 0.181162)
[2026-09-28 02:03:09.221] [INF] [default] [TitleBar.cpp:165 in Update] -> (0.984141, 0.177385)
[2026-09-28 02:03:09.223] [INF] [default] [TitleBar.cpp:165 in Update] -> (0.984141, 0.177385)
[2026-09-28 02:03:09.231] [INF] [default] [TitleBar.cpp:165 in Update] -> (0.98449, 0.175441)
[2026-09-28 02:03:09.239] [INF] [default] [TitleBar.cpp:165 in Update] -> (0.984942, 0.172885)
[2026-09-28 02:03:09.241] [INF] [default] [TitleBar.cpp:165 in Update] -> (0.9853, 0.170836)
[2026-09-28 02:03:09.245] [INF] [default] [TitleBar.cpp:165 in Update] -> (0.9853, 0.170836)
[2026-09-28 02:03:09.252] [INF] [default] [TitleBar.cpp:165 in Update] -> (0.985529, 0.169506)
[2026-09-28 02:03:09.255] [INF] [default] [TitleBar.cpp:165 in Update] -> (0.985775, 0.168073)
[2026-09-28 02:03:09.259] [INF] [default] [TitleBar.cpp:165 in Update] -> (0.985775, 0.168073)
[2026-09-28 02:03:09.266] [INF] [default] [TitleBar.cpp:165 in Update] -> (0.985792, 0.167968)
[2026-09-28 02:03:09.272] [INF] [default] [TitleBar.cpp:165 in Update] -> (0.985914, 0.167253)
[2026-09-28 02:03:09.274] [INF] [default] [TitleBar.cpp:165 in Update] -> (0.985914, 0.167253)
[2026-09-28 02:03:09.280] [INF] [default] [TitleBar.cpp:165 in Update] -> (0.986052, 0.166436)
[2026-09-28 02:03:09.287] [INF] [default] [TitleBar.cpp:165 in Update] -> (0.986172, 0.165722)
[2026-09-28 02:03:09.289] [INF] [default] [TitleBar.cpp:165 in Update] -> (0.986309, 0.164907)
[2026-09-28 02:03:09.294] [INF] [default] [TitleBar.cpp:165 in Update] -> (0.986309, 0.164907)
[2026-09-28 02:03:09.301] [INF] [default] [TitleBar.cpp:165 in Update] -> (0.986343, 0.164704)
[2026-09-28 02:03:09.306] [INF] [default] [TitleBar.cpp:165 in Update] -> (0.986462, 0.163993)
[2026-09-28 02:03:09.308] [INF] [default] [TitleBar.cpp:165 in Update] -> (0.986462, 0.163993)
[2026-09-28 02:03:09.315] [INF] [default] [TitleBar.cpp:165 in Update] -> (0.986696, 0.162574)
[2026-09-28 02:03:09.322] [INF] [default] [TitleBar.cpp:165 in Update] -> (0.987028, 0.160548)
[2026-09-28 02:03:09.329] [INF] [default] [TitleBar.cpp:165 in Update] -> (0.987468, 0.15782)
[2026-09-28 02:03:10.450] [INF] [default] [TitleBar.cpp:145 in Update] -> [follow mouse ok] : (242, 242)
[2026-09-28 02:03:10.666] [INF] [default] [TitleBar.cpp:165 in Update] -> (0.992674, 0.120821)
[2026-09-28 02:03:10.673] [INF] [default] [TitleBar.cpp:165 in Update] -> (0.99261, 0.121346)
[2026-09-28 02:03:10.675] [INF] [default] [TitleBar.cpp:165 in Update] -> (0.99261, 0.121346)
[2026-09-28 02:03:10.681] [INF] [default] [TitleBar.cpp:165 in Update] -> (0.992315, 0.123736)
[2026-09-28 02:03:10.688] [INF] [default] [TitleBar.cpp:165 in Update] -> (0.992015, 0.126124)
[2026-09-28 02:03:10.690] [INF] [default] [TitleBar.cpp:165 in Update] -> (0.991631, 0.129106)
[2026-09-28 02:03:10.695] [INF] [default] [TitleBar.cpp:165 in Update] -> (0.991631, 0.129106)
[2026-09-28 02:03:10.701] [INF] [default] [TitleBar.cpp:165 in Update] -> (0.991318, 0.131489)
[2026-09-28 02:03:10.707] [INF] [default] [TitleBar.cpp:165 in Update] -> (0.991079, 0.133275)
[2026-09-28 02:03:10.709] [INF] [default] [TitleBar.cpp:165 in Update] -> (0.991079, 0.133275)
[2026-09-28 02:03:10.715] [INF] [default] [TitleBar.cpp:165 in Update] -> (0.990675, 0.136248)
[2026-09-28 02:03:10.723] [INF] [default] [TitleBar.cpp:165 in Update] -> (0.990345, 0.138624)
[2026-09-28 02:03:10.725] [INF] [default] [TitleBar.cpp:165 in Update] -> (0.989925, 0.141591)
[2026-09-28 02:03:10.730] [INF] [default] [TitleBar.cpp:165 in Update] -> (0.989925, 0.141591)
[2026-09-28 02:03:10.736] [INF] [default] [TitleBar.cpp:165 in Update] -> (0.989323, 0.145738)
[2026-09-28 02:03:10.740] [INF] [default] [TitleBar.cpp:165 in Update] -> (0.988615, 0.150468)
[2026-09-28 02:03:10.743] [INF] [default] [TitleBar.cpp:165 in Update] -> (0.988615, 0.150468)
[2026-09-28 02:03:10.751] [INF] [default] [TitleBar.cpp:165 in Update] -> (0.987992, 0.154506)
[2026-09-28 02:03:10.756] [INF] [default] [TitleBar.cpp:165 in Update] -> (0.987339, 0.158626)
[2026-09-28 02:03:10.758] [INF] [default] [TitleBar.cpp:165 in Update] -> (0.987339, 0.158626)
[2026-09-28 02:03:10.764] [INF] [default] [TitleBar.cpp:165 in Update] -> (0.986878, 0.161467)
[2026-09-28 02:03:10.771] [INF] [default] [TitleBar.cpp:165 in Update] -> (0.986296, 0.164985)
[2026-09-28 02:03:10.773] [INF] [default] [TitleBar.cpp:165 in Update] -> (0.986017, 0.166642)
[2026-09-28 02:03:10.778] [INF] [default] [TitleBar.cpp:165 in Update] -> (0.986017, 0.166642)
[2026-09-28 02:03:10.785] [INF] [default] [TitleBar.cpp:165 in Update] -> (0.985719, 0.168396)
[2026-09-28 02:03:10.790] [INF] [default] [TitleBar.cpp:165 in Update] -> (0.985418, 0.170149)
[2026-09-28 02:03:10.792] [INF] [default] [TitleBar.cpp:165 in Update] -> (0.985418, 0.170149)
[2026-09-28 02:03:10.799] [INF] [default] [TitleBar.cpp:165 in Update] -> (0.985335, 0.170631)
[2026-09-28 02:03:10.806] [INF] [default] [TitleBar.cpp:165 in Update] -> (0.98503, 0.17238)
[2026-09-28 02:03:10.807] [INF] [default] [TitleBar.cpp:165 in Update] -> (0.984826, 0.173546)
[2026-09-28 02:03:10.813] [INF] [default] [TitleBar.cpp:165 in Update] -> (0.984826, 0.173546)
[2026-09-28 02:03:10.820] [INF] [default] [TitleBar.cpp:165 in Update] -> (0.984723, 0.174128)
[2026-09-28 02:03:10.823] [INF] [default] [TitleBar.cpp:165 in Update] -> (0.984517, 0.175292)
[2026-09-28 02:03:10.827] [INF] [default] [TitleBar.cpp:165 in Update] -> (0.984517, 0.175292)
[2026-09-28 02:03:10.833] [INF] [default] [TitleBar.cpp:165 in Update] -> (0.984327, 0.176351)
[2026-09-28 02:03:10.840] [INF] [default] [TitleBar.cpp:165 in Update] -> (0.984223, 0.176932)
[2026-09-28 02:03:10.842] [INF] [default] [TitleBar.cpp:165 in Update] -> (0.984223, 0.176932)
[2026-09-28 02:03:10.848] [INF] [default] [TitleBar.cpp:165 in Update] -> (0.983927, 0.178569)
[2026-09-28 02:03:10.855] [INF] [default] [TitleBar.cpp:165 in Update] -> (0.98361, 0.180309)
[2026-09-28 02:03:10.856] [INF] [default] [TitleBar.cpp:165 in Update] -> (0.983397, 0.181467)
[2026-09-28 02:03:10.861] [INF] [default] [TitleBar.cpp:165 in Update] -> (0.983397, 0.181467)
[2026-09-28 02:03:10.868] [INF] [default] [TitleBar.cpp:165 in Update] -> (0.983095, 0.183096)
[2026-09-28 02:03:10.873] [INF] [default] [TitleBar.cpp:165 in Update] -> (0.98277, 0.18483)
[2026-09-28 02:03:10.875] [INF] [default] [TitleBar.cpp:165 in Update] -> (0.98277, 0.18483)
[2026-09-28 02:03:10.882] [INF] [default] [TitleBar.cpp:165 in Update] -> (0.982443, 0.186563)
[2026-09-28 02:03:10.890] [INF] [default] [TitleBar.cpp:165 in Update] -> (0.982223, 0.187716)
[2026-09-28 02:03:10.892] [INF] [default] [TitleBar.cpp:165 in Update] -> (0.981913, 0.189335)
[2026-09-28 02:03:10.897] [INF] [default] [TitleBar.cpp:165 in Update] -> (0.981913, 0.189335)
[2026-09-28 02:03:10.904] [INF] [default] [TitleBar.cpp:165 in Update] -> (0.981578, 0.191061)
[2026-09-28 02:03:10.906] [INF] [default] [TitleBar.cpp:165 in Update] -> (0.981376, 0.192099)
[2026-09-28 02:03:10.910] [INF] [default] [TitleBar.cpp:165 in Update] -> (0.981376, 0.192099)
[2026-09-28 02:03:10.918] [INF] [default] [TitleBar.cpp:165 in Update] -> (0.98115, 0.193248)
[2026-09-28 02:03:10.923] [INF] [default] [TitleBar.cpp:165 in Update] -> (0.980809, 0.194969)
[2026-09-28 02:03:10.931] [INF] [default] [TitleBar.cpp:165 in Update] -> (0.980809, 0.194969)
[2026-09-28 02:03:10.938] [INF] [default] [TitleBar.cpp:165 in Update] -> (0.980581, 0.196116)
[2026-09-28 02:03:10.940] [INF] [default] [TitleBar.cpp:165 in Update] -> (0.980466, 0.196689)
[2026-09-28 02:03:10.945] [INF] [default] [TitleBar.cpp:165 in Update] -> (0.980466, 0.196689)
[2026-09-28 02:03:10.952] [INF] [default] [TitleBar.cpp:165 in Update] -> (0.980351, 0.197262)
[2026-09-28 02:03:10.956] [INF] [default] [TitleBar.cpp:165 in Update] -> (0.980235, 0.197835)
[2026-09-28 02:03:10.966] [INF] [default] [TitleBar.cpp:165 in Update] -> (0.980235, 0.197835)
[2026-09-28 02:03:10.973] [INF] [default] [TitleBar.cpp:165 in Update] -> (0.98012, 0.198407)
[2026-09-28 02:03:10.975] [INF] [default] [TitleBar.cpp:165 in Update] -> (0.980096, 0.198523)
[2026-09-28 02:03:10.990] [INF] [default] [TitleBar.cpp:165 in Update] -> (0.980027, 0.198863)
[2026-09-28 02:03:10.994] [INF] [default] [TitleBar.cpp:165 in Update] -> (0.980004, 0.198979)
[2026-09-28 02:03:11.007] [INF] [default] [TitleBar.cpp:165 in Update] -> (0.979887, 0.199552)
[2026-09-28 02:03:11.022] [INF] [default] [TitleBar.cpp:165 in Update] -> (0.979887, 0.199552)
[2026-09-28 02:03:11.024] [INF] [default] [TitleBar.cpp:165 in Update] -> (0.979771, 0.200123)
[2026-09-28 02:03:11.040] [INF] [default] [TitleBar.cpp:165 in Update] -> (0.979771, 0.200123)
[2026-09-28 02:03:11.057] [INF] [default] [TitleBar.cpp:165 in Update] -> (0.979771, 0.200123)
[2026-09-28 02:03:11.073] [INF] [default] [TitleBar.cpp:165 in Update] -> (0.979771, 0.200123)
[2026-09-28 02:03:11.090] [INF] [default] [TitleBar.cpp:165 in Update] -> (0.979771, 0.200123)
[2026-09-28 02:03:11.107] [INF] [default] [TitleBar.cpp:165 in Update] -> (0.979771, 0.200123)
[2026-09-28 02:03:11.123] [INF] [default] [TitleBar.cpp:165 in Update] -> (0.979771, 0.200123)
[2026-09-28 02:03:11.141] [INF] [default] [TitleBar.cpp:165 in Update] -> (0.979771, 0.200123)
[2026-09-28 02:03:11.157] [INF] [default] [TitleBar.cpp:165 in Update] -> (0.979771, 0.200123)
[2026-09-28 02:03:11.173] [INF] [default] [TitleBar.cpp:165 in Update] -> (0.979771, 0.200123)
[2026-09-28 02:03:11.189] [INF] [default] [TitleBar.cpp:165 in Update] -> (0.979771, 0.200123)
[2026-09-28 02:03:11.207] [INF] [default] [TitleBar.cpp:165 in Update] -> (0.979771, 0.200123)
[2026-09-28 02:03:11.223] [INF] [default] [TitleBar.cpp:165 in Update] -> (0.979771, 0.200123)
[2026-09-28 02:03:11.240] [INF] [default] [TitleBar.cpp:165 in Update] -> (0.979771, 0.200123)
[2026-09-28 02:03:11.257] [INF] [default] [TitleBar.cpp:165 in Update] -> (0.979771, 0.200123)
[2026-09-28 02:03:11.273] [INF] [default] [TitleBar.cpp:165 in Update] -> (0.979771, 0.200123)
[2026-09-28 02:03:11.290] [INF] [default] [TitleBar.cpp:165 in Update] -> (0.979771, 0.200123)
[2026-09-28 02:03:11.307] [INF] [default] [TitleBar.cpp:165 in Update] -> (0.979771, 0.200123)
[2026-09-28 02:03:11.324] [INF] [default] [TitleBar.cpp:165 in Update] -> (0.979771, 0.200123)
[2026-09-28 02:03:11.340] [INF] [default] [TitleBar.cpp:165 in Update] -> (0.979771, 0.200123)
[2026-09-28 02:03:11.350] [INF] [default] [TitleBar.cpp:165 in Update] -> (0.979771, 0.200123)
[2026-09-28 02:03:11.358] [INF] [default] [TitleBar.cpp:165 in Update] -> (0.979654, 0.200695)
[2026-09-28 02:03:11.363] [INF] [default] [TitleBar.cpp:165 in Update] -> (0.979654, 0.200695)
[2026-09-28 02:03:11.370] [INF] [default] [TitleBar.cpp:165 in Update] -> (0.979537, 0.201266)
[2026-09-28 02:03:11.373] [INF] [default] [TitleBar.cpp:165 in Update] -> (0.979419, 0.201838)
[2026-09-28 02:03:11.377] [INF] [default] [TitleBar.cpp:165 in Update] -> (0.979419, 0.201838)
[2026-09-28 02:03:11.383] [INF] [default] [TitleBar.cpp:165 in Update] -> (0.979301, 0.202409)
[2026-09-28 02:03:11.390] [INF] [default] [TitleBar.cpp:165 in Update] -> (0.979208, 0.202861)
[2026-09-28 02:03:11.392] [INF] [default] [TitleBar.cpp:165 in Update] -> (0.979208, 0.202861)
[2026-09-28 02:03:11.398] [INF] [default] [TitleBar.cpp:165 in Update] -> (0.978971, 0.204002)
[2026-09-28 02:03:11.406] [INF] [default] [TitleBar.cpp:165 in Update] -> (0.978732, 0.205141)
[2026-09-28 02:03:11.407] [INF] [default] [TitleBar.cpp:165 in Update] -> (0.978398, 0.206729)
[2026-09-28 02:03:11.412] [INF] [default] [TitleBar.cpp:165 in Update] -> (0.978398, 0.206729)
[2026-09-28 02:03:11.419] [INF] [default] [TitleBar.cpp:165 in Update] -> (0.977794, 0.20957)
[2026-09-28 02:03:11.423] [INF] [default] [TitleBar.cpp:165 in Update] -> (0.977305, 0.211838)
[2026-09-28 02:03:11.426] [INF] [default] [TitleBar.cpp:165 in Update] -> (0.977305, 0.211838)
[2026-09-28 02:03:11.433] [INF] [default] [TitleBar.cpp:165 in Update] -> (0.97659, 0.21511)
[2026-09-28 02:03:11.440] [INF] [default] [TitleBar.cpp:165 in Update] -> (0.975711, 0.219061)
[2026-09-28 02:03:11.441] [INF] [default] [TitleBar.cpp:165 in Update] -> (0.975711, 0.219061)
[2026-09-28 02:03:11.448] [INF] [default] [TitleBar.cpp:165 in Update] -> (0.974976, 0.222311)
[2026-09-28 02:03:11.454] [INF] [default] [TitleBar.cpp:165 in Update] -> (0.974331, 0.225118)
[2026-09-28 02:03:11.456] [INF] [default] [TitleBar.cpp:165 in Update] -> (0.97371, 0.227789)
[2026-09-28 02:03:11.461] [INF] [default] [TitleBar.cpp:165 in Update] -> (0.97371, 0.227789)
[2026-09-28 02:03:11.469] [INF] [default] [TitleBar.cpp:165 in Update] -> (0.973185, 0.230025)
[2026-09-28 02:03:11.473] [INF] [default] [TitleBar.cpp:165 in Update] -> (0.972686, 0.232125)
[2026-09-28 02:03:11.475] [INF] [default] [TitleBar.cpp:165 in Update] -> (0.972686, 0.232125)
[2026-09-28 02:03:11.482] [INF] [default] [TitleBar.cpp:165 in Update] -> (0.972419, 0.233239)
[2026-09-28 02:03:11.489] [INF] [default] [TitleBar.cpp:165 in Update] -> (0.972017, 0.234909)
[2026-09-28 02:03:11.491] [INF] [default] [TitleBar.cpp:165 in Update] -> (0.971781, 0.235886)
[2026-09-28 02:03:11.495] [INF] [default] [TitleBar.cpp:165 in Update] -> (0.971781, 0.235886)
[2026-09-28 02:03:11.502] [INF] [default] [TitleBar.cpp:165 in Update] -> (0.971646, 0.236442)
[2026-09-28 02:03:11.506] [INF] [default] [TitleBar.cpp:165 in Update] -> (0.971239, 0.238106)
[2026-09-28 02:03:11.510] [INF] [default] [TitleBar.cpp:165 in Update] -> (0.971239, 0.238106)
[2026-09-28 02:03:11.523] [INF] [default] [TitleBar.cpp:165 in Update] -> (0.970967, 0.239215)
[2026-09-28 02:03:11.525] [INF] [default] [TitleBar.cpp:165 in Update] -> (0.970967, 0.239215)
[2026-09-28 02:03:11.531] [INF] [default] [TitleBar.cpp:165 in Update] -> (0.970693, 0.240323)
[2026-09-28 02:03:11.537] [INF] [default] [TitleBar.cpp:165 in Update] -> (0.970556, 0.240876)
[2026-09-28 02:03:11.540] [INF] [default] [TitleBar.cpp:165 in Update] -> (0.970281, 0.241983)
[2026-09-28 02:03:11.545] [INF] [default] [TitleBar.cpp:165 in Update] -> (0.970281, 0.241983)
[2026-09-28 02:03:11.552] [INF] [default] [TitleBar.cpp:165 in Update] -> (0.970142, 0.242536)
[2026-09-28 02:03:11.556] [INF] [default] [TitleBar.cpp:165 in Update] -> (0.970004, 0.243088)
[2026-09-28 02:03:11.558] [INF] [default] [TitleBar.cpp:165 in Update] -> (0.970004, 0.243088)
[2026-09-28 02:03:11.565] [INF] [default] [TitleBar.cpp:165 in Update] -> (0.969866, 0.243641)
[2026-09-28 02:03:11.573] [INF] [default] [TitleBar.cpp:165 in Update] -> (0.969727, 0.244193)
[2026-09-28 02:03:11.574] [INF] [default] [TitleBar.cpp:165 in Update] -> (0.969448, 0.245296)
[2026-09-28 02:03:11.579] [INF] [default] [TitleBar.cpp:165 in Update] -> (0.969448, 0.245296)
[2026-09-28 02:03:11.586] [INF] [default] [TitleBar.cpp:165 in Update] -> (0.969168, 0.246399)
[2026-09-28 02:03:11.590] [INF] [default] [TitleBar.cpp:165 in Update] -> (0.969028, 0.24695)
[2026-09-28 02:03:11.594] [INF] [default] [TitleBar.cpp:165 in Update] -> (0.969028, 0.24695)
[2026-09-28 02:03:11.600] [INF] [default] [TitleBar.cpp:165 in Update] -> (0.968747, 0.248051)
[2026-09-28 02:03:11.607] [INF] [default] [TitleBar.cpp:165 in Update] -> (0.968323, 0.249701)
[2026-09-28 02:03:11.609] [INF] [default] [TitleBar.cpp:165 in Update] -> (0.968323, 0.249701)
[2026-09-28 02:03:11.614] [INF] [default] [TitleBar.cpp:165 in Update] -> (0.968039, 0.250799)
[2026-09-28 02:03:11.621] [INF] [default] [TitleBar.cpp:165 in Update] -> (0.967754, 0.251897)
[2026-09-28 02:03:11.623] [INF] [default] [TitleBar.cpp:165 in Update] -> (0.967324, 0.253542)
[2026-09-28 02:03:11.629] [INF] [default] [TitleBar.cpp:165 in Update] -> (0.967324, 0.253542)
[2026-09-28 02:03:11.635] [INF] [default] [TitleBar.cpp:165 in Update] -> (0.967181, 0.25409)
[2026-09-28 02:03:11.640] [INF] [default] [TitleBar.cpp:165 in Update] -> (0.966748, 0.255732)
[2026-09-28 02:03:11.643] [INF] [default] [TitleBar.cpp:165 in Update] -> (0.966748, 0.255732)
[2026-09-28 02:03:11.649] [INF] [default] [TitleBar.cpp:165 in Update] -> (0.966603, 0.256279)
[2026-09-28 02:03:11.656] [INF] [default] [TitleBar.cpp:165 in Update] -> (0.966313, 0.257371)
[2026-09-28 02:03:11.658] [INF] [default] [TitleBar.cpp:165 in Update] -> (0.966274, 0.257517)
[2026-09-28 02:03:11.663] [INF] [default] [TitleBar.cpp:165 in Update] -> (0.965914, 0.258863)
[2026-09-28 02:03:11.669] [INF] [default] [TitleBar.cpp:165 in Update] -> (0.965729, 0.259554)
[2026-09-28 02:03:11.672] [INF] [default] [TitleBar.cpp:165 in Update] -> (0.965435, 0.260644)
[2026-09-28 02:03:11.677] [INF] [default] [TitleBar.cpp:165 in Update] -> (0.965435, 0.260644)
[2026-09-28 02:03:11.684] [INF] [default] [TitleBar.cpp:165 in Update] -> (0.964993, 0.262277)
[2026-09-28 02:03:11.690] [INF] [default] [TitleBar.cpp:165 in Update] -> (0.964845, 0.262821)
[2026-09-28 02:03:11.692] [INF] [default] [TitleBar.cpp:165 in Update] -> (0.964845, 0.262821)
[2026-09-28 02:03:11.698] [INF] [default] [TitleBar.cpp:165 in Update] -> (0.964399, 0.264451)
[2026-09-28 02:03:11.704] [INF] [default] [TitleBar.cpp:165 in Update] -> (0.964101, 0.265536)
[2026-09-28 02:03:11.707] [INF] [default] [TitleBar.cpp:165 in Update] -> (0.963802, 0.266621)
[2026-09-28 02:03:11.712] [INF] [default] [TitleBar.cpp:165 in Update] -> (0.963802, 0.266621)
[2026-09-28 02:03:11.718] [INF] [default] [TitleBar.cpp:165 in Update] -> (0.963351, 0.268245)
[2026-09-28 02:03:11.723] [INF] [default] [TitleBar.cpp:165 in Update] -> (0.963049, 0.269327)
[2026-09-28 02:03:11.726] [INF] [default] [TitleBar.cpp:165 in Update] -> (0.963049, 0.269327)
[2026-09-28 02:03:11.733] [INF] [default] [TitleBar.cpp:165 in Update] -> (0.962594, 0.270948)
[2026-09-28 02:03:11.740] [INF] [default] [TitleBar.cpp:165 in Update] -> (0.962137, 0.272567)
[2026-09-28 02:03:11.748] [INF] [default] [TitleBar.cpp:165 in Update] -> (0.961678, 0.274183)
[2026-09-28 02:03:11.754] [INF] [default] [TitleBar.cpp:165 in Update] -> (0.961216, 0.275797)
[2026-09-28 02:03:11.757] [INF] [default] [TitleBar.cpp:165 in Update] -> (0.960597, 0.277945)
[2026-09-28 02:03:11.761] [INF] [default] [TitleBar.cpp:165 in Update] -> (0.960597, 0.277945)
[2026-09-28 02:03:11.768] [INF] [default] [TitleBar.cpp:165 in Update] -> (0.96013, 0.279554)
[2026-09-28 02:03:11.773] [INF] [default] [TitleBar.cpp:165 in Update] -> (0.959818, 0.280625)
[2026-09-28 02:03:11.775] [INF] [default] [TitleBar.cpp:165 in Update] -> (0.959818, 0.280625)
[2026-09-28 02:03:11.781] [INF] [default] [TitleBar.cpp:165 in Update] -> (0.959393, 0.282072)
[2026-09-28 02:03:11.788] [INF] [default] [TitleBar.cpp:165 in Update] -> (0.958921, 0.283674)
[2026-09-28 02:03:11.790] [INF] [default] [TitleBar.cpp:165 in Update] -> (0.958652, 0.284582)
[2026-09-28 02:03:11.796] [INF] [default] [TitleBar.cpp:165 in Update] -> (0.958652, 0.284582)
[2026-09-28 02:03:11.803] [INF] [default] [TitleBar.cpp:165 in Update] -> (0.958176, 0.286178)
[2026-09-28 02:03:11.806] [INF] [default] [TitleBar.cpp:165 in Update] -> (0.957747, 0.287613)
[2026-09-28 02:03:11.809] [INF] [default] [TitleBar.cpp:165 in Update] -> (0.957747, 0.287613)
[2026-09-28 02:03:11.816] [INF] [default] [TitleBar.cpp:165 in Update] -> (0.957427, 0.288674)
[2026-09-28 02:03:11.823] [INF] [default] [TitleBar.cpp:165 in Update] -> (0.956786, 0.290794)
[2026-09-28 02:03:11.825] [INF] [default] [TitleBar.cpp:165 in Update] -> (0.956786, 0.290794)
[2026-09-28 02:03:11.830] [INF] [default] [TitleBar.cpp:165 in Update] -> (0.956352, 0.292219)
[2026-09-28 02:03:11.838] [INF] [default] [TitleBar.cpp:165 in Update] -> (0.955704, 0.294329)
[2026-09-28 02:03:11.840] [INF] [default] [TitleBar.cpp:165 in Update] -> (0.955429, 0.29522)
[2026-09-28 02:03:11.844] [INF] [default] [TitleBar.cpp:165 in Update] -> (0.955429, 0.29522)
[2026-09-28 02:03:11.851] [INF] [default] [TitleBar.cpp:165 in Update] -> (0.954777, 0.297323)
[2026-09-28 02:03:11.857] [INF] [default] [TitleBar.cpp:165 in Update] -> (0.954285, 0.298898)
[2026-09-28 02:03:11.859] [INF] [default] [TitleBar.cpp:165 in Update] -> (0.954285, 0.298898)
[2026-09-28 02:03:11.865] [INF] [default] [TitleBar.cpp:165 in Update] -> (0.953626, 0.300994)
[2026-09-28 02:03:11.873] [INF] [default] [TitleBar.cpp:165 in Update] -> (0.953295, 0.30204)
[2026-09-28 02:03:11.875] [INF] [default] [TitleBar.cpp:165 in Update] -> (0.952631, 0.304129)
[2026-09-28 02:03:11.879] [INF] [default] [TitleBar.cpp:165 in Update] -> (0.952631, 0.304129)
[2026-09-28 02:03:11.885] [INF] [default] [TitleBar.cpp:165 in Update] -> (0.95213, 0.305693)
[2026-09-28 02:03:11.890] [INF] [default] [TitleBar.cpp:165 in Update] -> (0.951573, 0.307422)
[2026-09-28 02:03:11.893] [INF] [default] [TitleBar.cpp:165 in Update] -> (0.951573, 0.307422)
[2026-09-28 02:03:11.899] [INF] [default] [TitleBar.cpp:165 in Update] -> (0.951236, 0.308463)
[2026-09-28 02:03:11.907] [INF] [default] [TitleBar.cpp:165 in Update] -> (0.95073, 0.310021)
[2026-09-28 02:03:11.908] [INF] [default] [TitleBar.cpp:165 in Update] -> (0.95073, 0.310021)
[2026-09-28 02:03:11.914] [INF] [default] [TitleBar.cpp:165 in Update] -> (0.950165, 0.311746)
[2026-09-28 02:03:11.920] [INF] [default] [TitleBar.cpp:165 in Update] -> (0.949825, 0.312782)
[2026-09-28 02:03:11.922] [INF] [default] [TitleBar.cpp:165 in Update] -> (0.949427, 0.313988)
[2026-09-28 02:03:11.928] [INF] [default] [TitleBar.cpp:165 in Update] -> (0.949427, 0.313988)
[2026-09-28 02:03:11.935] [INF] [default] [TitleBar.cpp:165 in Update] -> (0.949084, 0.315022)
[2026-09-28 02:03:11.940] [INF] [default] [TitleBar.cpp:165 in Update] -> (0.948855, 0.315711)
[2026-09-28 02:03:11.942] [INF] [default] [TitleBar.cpp:165 in Update] -> (0.948855, 0.315711)
[2026-09-28 02:03:11.949] [INF] [default] [TitleBar.cpp:165 in Update] -> (0.948339, 0.31726)
[2026-09-28 02:03:11.957] [INF] [default] [TitleBar.cpp:165 in Update] -> (0.947935, 0.318465)
[2026-09-28 02:03:11.958] [INF] [default] [TitleBar.cpp:165 in Update] -> (0.947703, 0.319154)
[2026-09-28 02:03:11.963] [INF] [default] [TitleBar.cpp:165 in Update] -> (0.94782, 0.318807)
[2026-09-28 02:03:11.969] [INF] [default] [TitleBar.cpp:165 in Update] -> (0.947414, 0.32001)
[2026-09-28 02:03:11.973] [INF] [default] [TitleBar.cpp:165 in Update] -> (0.947007, 0.321214)
[2026-09-28 02:03:11.977] [INF] [default] [TitleBar.cpp:165 in Update] -> (0.947007, 0.321214)
[2026-09-28 02:03:11.984] [INF] [default] [TitleBar.cpp:165 in Update] -> (0.946832, 0.321728)
[2026-09-28 02:03:11.990] [INF] [default] [TitleBar.cpp:165 in Update] -> (0.946247, 0.323444)
[2026-09-28 02:03:11.992] [INF] [default] [TitleBar.cpp:165 in Update] -> (0.946247, 0.323444)
[2026-09-28 02:03:11.999] [INF] [default] [TitleBar.cpp:165 in Update] -> (0.946011, 0.324134)
[2026-09-28 02:03:12.004] [INF] [default] [TitleBar.cpp:165 in Update] -> (0.945835, 0.324647)
[2026-09-28 02:03:12.007] [INF] [default] [TitleBar.cpp:165 in Update] -> (0.945598, 0.325336)
[2026-09-28 02:03:12.011] [INF] [default] [TitleBar.cpp:165 in Update] -> (0.945598, 0.325336)
[2026-09-28 02:03:12.024] [INF] [default] [TitleBar.cpp:165 in Update] -> (0.945184, 0.326539)
[2026-09-28 02:03:12.025] [INF] [default] [TitleBar.cpp:165 in Update] -> (0.945184, 0.326539)
[2026-09-28 02:03:12.032] [INF] [default] [TitleBar.cpp:165 in Update] -> (0.944945, 0.327229)
[2026-09-28 02:03:12.040] [INF] [default] [TitleBar.cpp:165 in Update] -> (0.944706, 0.327919)
[2026-09-28 02:03:12.041] [INF] [default] [TitleBar.cpp:165 in Update] -> (0.944528, 0.328432)
[2026-09-28 02:03:12.047] [INF] [default] [TitleBar.cpp:165 in Update] -> (0.944528, 0.328432)
[2026-09-28 02:03:12.054] [INF] [default] [TitleBar.cpp:165 in Update] -> (0.944225, 0.329301)
[2026-09-28 02:03:12.056] [INF] [default] [TitleBar.cpp:165 in Update] -> (0.943984, 0.329992)
[2026-09-28 02:03:12.067] [INF] [default] [TitleBar.cpp:165 in Update] -> (0.943984, 0.329992)
[2026-09-28 02:03:12.074] [INF] [default] [TitleBar.cpp:165 in Update] -> (0.943679, 0.330863)
[2026-09-28 02:03:12.075] [INF] [default] [TitleBar.cpp:165 in Update] -> (0.943679, 0.330863)
[2026-09-28 02:03:12.081] [INF] [default] [TitleBar.cpp:165 in Update] -> (0.943436, 0.331555)
[2026-09-28 02:03:12.088] [INF] [default] [TitleBar.cpp:165 in Update] -> (0.943192, 0.332248)
[2026-09-28 02:03:12.090] [INF] [default] [TitleBar.cpp:165 in Update] -> (0.942884, 0.333122)
[2026-09-28 02:03:12.095] [INF] [default] [TitleBar.cpp:165 in Update] -> (0.942884, 0.333122)
[2026-09-28 02:03:12.101] [INF] [default] [TitleBar.cpp:165 in Update] -> (0.942756, 0.333484)
[2026-09-28 02:03:12.106] [INF] [default] [TitleBar.cpp:165 in Update] -> (0.94251, 0.334178)
[2026-09-28 02:03:12.109] [INF] [default] [TitleBar.cpp:165 in Update] -> (0.94251, 0.334178)
[2026-09-28 02:03:12.933] [INF] [default] [TitleBar.cpp:165 in Update] -> (0.942445, 0.33436)
[2026-09-28 02:03:12.939] [INF] [default] [TitleBar.cpp:165 in Update] -> (0.960275, 0.279054)
[2026-09-28 02:03:12.946] [INF] [default] [TitleBar.cpp:165 in Update] -> (0.962684, 0.270627)
[2026-09-28 02:03:12.953] [INF] [default] [TitleBar.cpp:165 in Update] -> (0.964373, 0.264547)
[2026-09-28 02:03:12.959] [INF] [default] [TitleBar.cpp:165 in Update] -> (0.965896, 0.25893)
[2026-09-28 02:03:12.962] [INF] [default] [TitleBar.cpp:165 in Update] -> (0.966954, 0.254951)
[2026-09-28 02:03:12.967] [INF] [default] [TitleBar.cpp:165 in Update] -> (0.966954, 0.254951)
[2026-09-28 02:03:12.973] [INF] [default] [TitleBar.cpp:165 in Update] -> (0.967992, 0.250982)
[2026-09-28 02:03:12.979] [INF] [default] [TitleBar.cpp:165 in Update] -> (0.96866, 0.248389)
[2026-09-28 02:03:12.981] [INF] [default] [TitleBar.cpp:165 in Update] -> (0.96866, 0.248389)
[2026-09-28 02:03:12.987] [INF] [default] [TitleBar.cpp:165 in Update] -> (0.96963, 0.244576)
[2026-09-28 02:03:12.994] [INF] [default] [TitleBar.cpp:165 in Update] -> (0.970278, 0.241992)
[2026-09-28 02:03:12.996] [INF] [default] [TitleBar.cpp:165 in Update] -> (0.971218, 0.238191)
[2026-09-28 02:03:13.001] [INF] [default] [TitleBar.cpp:165 in Update] -> (0.971218, 0.238191)
[2026-09-28 02:03:13.008] [INF] [default] [TitleBar.cpp:165 in Update] -> (0.971978, 0.235072)
[2026-09-28 02:03:13.013] [INF] [default] [TitleBar.cpp:165 in Update] -> (0.973016, 0.230739)
[2026-09-28 02:03:13.015] [INF] [default] [TitleBar.cpp:165 in Update] -> (0.973016, 0.230739)
[2026-09-28 02:03:13.021] [INF] [default] [TitleBar.cpp:165 in Update] -> (0.973905, 0.226957)
[2026-09-28 02:03:13.030] [INF] [default] [TitleBar.cpp:165 in Update] -> (0.975054, 0.221968)
[2026-09-28 02:03:13.031] [INF] [default] [TitleBar.cpp:165 in Update] -> (0.975903, 0.218204)
[2026-09-28 02:03:13.035] [INF] [default] [TitleBar.cpp:165 in Update] -> (0.975958, 0.21796)
[2026-09-28 02:03:13.043] [INF] [default] [TitleBar.cpp:165 in Update] -> (0.976788, 0.214208)
[2026-09-28 02:03:13.046] [INF] [default] [TitleBar.cpp:165 in Update] -> (0.977459, 0.211127)
[2026-09-28 02:03:13.049] [INF] [default] [TitleBar.cpp:165 in Update] -> (0.977459, 0.211127)
[2026-09-28 02:03:13.057] [INF] [default] [TitleBar.cpp:165 in Update] -> (0.977886, 0.20914)
[2026-09-28 02:03:13.063] [INF] [default] [TitleBar.cpp:165 in Update] -> (0.978562, 0.205953)
[2026-09-28 02:03:13.065] [INF] [default] [TitleBar.cpp:165 in Update] -> (0.978562, 0.205953)
[2026-09-28 02:03:13.070] [INF] [default] [TitleBar.cpp:165 in Update] -> (0.979202, 0.202887)
[2026-09-28 02:03:13.077] [INF] [default] [TitleBar.cpp:165 in Update] -> (0.979831, 0.199827)
[2026-09-28 02:03:13.080] [INF] [default] [TitleBar.cpp:165 in Update] -> (0.98045, 0.19677)
[2026-09-28 02:03:13.084] [INF] [default] [TitleBar.cpp:165 in Update] -> (0.98045, 0.19677)
[2026-09-28 02:03:13.091] [INF] [default] [TitleBar.cpp:165 in Update] -> (0.981165, 0.193174)
[2026-09-28 02:03:13.095] [INF] [default] [TitleBar.cpp:165 in Update] -> (0.981759, 0.190127)
[2026-09-28 02:03:13.098] [INF] [default] [TitleBar.cpp:165 in Update] -> (0.981759, 0.190127)
[2026-09-28 02:03:13.105] [INF] [default] [TitleBar.cpp:165 in Update] -> (0.982343, 0.187086)
[2026-09-28 02:03:13.113] [INF] [default] [TitleBar.cpp:165 in Update] -> (0.982795, 0.184698)
[2026-09-28 02:03:13.119] [INF] [default] [TitleBar.cpp:165 in Update] -> (0.983342, 0.181766)
[2026-09-28 02:03:13.126] [INF] [default] [TitleBar.cpp:165 in Update] -> (0.983779, 0.179382)
[2026-09-28 02:03:13.129] [INF] [default] [TitleBar.cpp:165 in Update] -> (0.983996, 0.178191)
[2026-09-28 02:03:13.134] [INF] [default] [TitleBar.cpp:165 in Update] -> (0.983996, 0.178191)
[2026-09-28 02:03:13.140] [INF] [default] [TitleBar.cpp:165 in Update] -> (0.984309, 0.176454)
[2026-09-28 02:03:13.146] [INF] [default] [TitleBar.cpp:165 in Update] -> (0.984522, 0.175264)
[2026-09-28 02:03:13.148] [INF] [default] [TitleBar.cpp:165 in Update] -> (0.984522, 0.175264)
[2026-09-28 02:03:13.154] [INF] [default] [TitleBar.cpp:165 in Update] -> (0.984732, 0.174075)
[2026-09-28 02:03:13.162] [INF] [default] [TitleBar.cpp:165 in Update] -> (0.984846, 0.173432)
[2026-09-28 02:03:13.163] [INF] [default] [TitleBar.cpp:165 in Update] -> (0.985071, 0.172148)
[2026-09-28 02:03:13.168] [INF] [default] [TitleBar.cpp:165 in Update] -> (0.985071, 0.172148)
[2026-09-28 02:03:13.174] [INF] [default] [TitleBar.cpp:165 in Update] -> (0.985278, 0.170961)
[2026-09-28 02:03:13.179] [INF] [default] [TitleBar.cpp:165 in Update] -> (0.985483, 0.169775)
[2026-09-28 02:03:13.182] [INF] [default] [TitleBar.cpp:165 in Update] -> (0.985483, 0.169775)
[2026-09-28 02:03:13.189] [INF] [default] [TitleBar.cpp:165 in Update] -> (0.985593, 0.169135)
[2026-09-28 02:03:13.197] [INF] [default] [TitleBar.cpp:165 in Update] -> (0.985795, 0.16795)
[2026-09-28 02:03:13.198] [INF] [default] [TitleBar.cpp:165 in Update] -> (0.98578, 0.168043)
[2026-09-28 02:03:13.203] [INF] [default] [TitleBar.cpp:165 in Update] -> (0.985935, 0.167127)
[2026-09-28 02:03:13.210] [INF] [default] [TitleBar.cpp:165 in Update] -> (0.98612, 0.166036)
[2026-09-28 02:03:13.213] [INF] [default] [TitleBar.cpp:165 in Update] -> (0.986242, 0.165308)
[2026-09-28 02:03:13.217] [INF] [default] [TitleBar.cpp:165 in Update] -> (0.986242, 0.165308)
[2026-09-28 02:03:13.223] [INF] [default] [TitleBar.cpp:165 in Update] -> (0.986424, 0.164217)
[2026-09-28 02:03:13.230] [INF] [default] [TitleBar.cpp:165 in Update] -> (0.986725, 0.162401)
[2026-09-28 02:03:13.232] [INF] [default] [TitleBar.cpp:165 in Update] -> (0.986725, 0.162401)
[2026-09-28 02:03:13.238] [INF] [default] [TitleBar.cpp:165 in Update] -> (0.986918, 0.161221)
[2026-09-28 02:03:13.245] [INF] [default] [TitleBar.cpp:165 in Update] -> (0.987036, 0.160498)
[2026-09-28 02:03:13.247] [INF] [default] [TitleBar.cpp:165 in Update] -> (0.987241, 0.159232)
[2026-09-28 02:03:13.251] [INF] [default] [TitleBar.cpp:165 in Update] -> (0.987241, 0.159232)
[2026-09-28 02:03:13.258] [INF] [default] [TitleBar.cpp:165 in Update] -> (0.987531, 0.157424)
[2026-09-28 02:03:13.262] [INF] [default] [TitleBar.cpp:165 in Update] -> (0.987804, 0.155705)
[2026-09-28 02:03:13.266] [INF] [default] [TitleBar.cpp:165 in Update] -> (0.987804, 0.155705)
[2026-09-28 02:03:13.273] [INF] [default] [TitleBar.cpp:165 in Update] -> (0.987903, 0.155075)
[2026-09-28 02:03:13.280] [INF] [default] [TitleBar.cpp:165 in Update] -> (0.988171, 0.153356)
[2026-09-28 02:03:13.282] [INF] [default] [TitleBar.cpp:165 in Update] -> (0.988171, 0.153356)
[2026-09-28 02:03:13.287] [INF] [default] [TitleBar.cpp:165 in Update] -> (0.988352, 0.152183)
[2026-09-28 02:03:13.294] [INF] [default] [TitleBar.cpp:165 in Update] -> (0.988628, 0.150383)
[2026-09-28 02:03:13.295] [INF] [default] [TitleBar.cpp:165 in Update] -> (0.988723, 0.149756)
[2026-09-28 02:03:13.300] [INF] [default] [TitleBar.cpp:165 in Update] -> (0.988723, 0.149756)
[2026-09-28 02:03:13.307] [INF] [default] [TitleBar.cpp:165 in Update] -> (0.9889, 0.148585)
[2026-09-28 02:03:13.312] [INF] [default] [TitleBar.cpp:165 in Update] -> (0.989075, 0.147416)
[2026-09-28 02:03:13.315] [INF] [default] [TitleBar.cpp:165 in Update] -> (0.989075, 0.147416)
[2026-09-28 02:03:13.321] [INF] [default] [TitleBar.cpp:165 in Update] -> (0.989236, 0.146327)
[2026-09-28 02:03:13.329] [INF] [default] [TitleBar.cpp:165 in Update] -> (0.989329, 0.145702)
[2026-09-28 02:03:13.330] [INF] [default] [TitleBar.cpp:165 in Update] -> (0.98942, 0.145078)
[2026-09-28 02:03:13.335] [INF] [default] [TitleBar.cpp:165 in Update] -> (0.98942, 0.145078)
[2026-09-28 02:03:13.342] [INF] [default] [TitleBar.cpp:165 in Update] -> (0.9895, 0.144534)
[2026-09-28 02:03:13.346] [INF] [default] [TitleBar.cpp:165 in Update] -> (0.989591, 0.14391)
[2026-09-28 02:03:13.349] [INF] [default] [TitleBar.cpp:165 in Update] -> (0.989591, 0.14391)
[2026-09-28 02:03:13.356] [INF] [default] [TitleBar.cpp:165 in Update] -> (0.98967, 0.143366)
[2026-09-28 02:03:13.363] [INF] [default] [TitleBar.cpp:165 in Update] -> (0.989748, 0.142822)
[2026-09-28 02:03:13.379] [INF] [default] [TitleBar.cpp:165 in Update] -> (0.989748, 0.142822)
[2026-09-28 02:03:13.384] [INF] [default] [TitleBar.cpp:165 in Update] -> (0.989748, 0.142822)
[2026-09-28 02:03:13.396] [INF] [default] [TitleBar.cpp:165 in Update] -> (0.989827, 0.142277)
[2026-09-28 02:03:13.398] [INF] [default] [TitleBar.cpp:165 in Update] -> (0.989827, 0.142277)
[2026-09-28 02:03:13.413] [INF] [default] [TitleBar.cpp:165 in Update] -> (0.989905, 0.141733)
[2026-09-28 02:03:13.430] [INF] [default] [TitleBar.cpp:165 in Update] -> (0.989905, 0.141733)
[2026-09-28 02:03:13.433] [INF] [default] [TitleBar.cpp:165 in Update] -> (0.989905, 0.141733)
[2026-09-28 02:03:13.447] [INF] [default] [TitleBar.cpp:165 in Update] -> (0.989983, 0.141188)
[2026-09-28 02:03:13.448] [INF] [default] [TitleBar.cpp:165 in Update] -> (0.989983, 0.141188)
[2026-09-28 02:03:13.453] [INF] [default] [TitleBar.cpp:165 in Update] -> (0.99006, 0.140643)
[2026-09-28 02:03:13.460] [INF] [default] [TitleBar.cpp:165 in Update] -> (0.990127, 0.140175)
[2026-09-28 02:03:13.462] [INF] [default] [TitleBar.cpp:165 in Update] -> (0.990116, 0.140252)
[2026-09-28 02:03:13.467] [INF] [default] [TitleBar.cpp:165 in Update] -> (0.990116, 0.140252)
[2026-09-28 02:03:13.473] [INF] [default] [TitleBar.cpp:165 in Update] -> (0.99016, 0.139938)
[2026-09-28 02:03:13.479] [INF] [default] [TitleBar.cpp:165 in Update] -> (0.990205, 0.139623)
[2026-09-28 02:03:13.482] [INF] [default] [TitleBar.cpp:165 in Update] -> (0.990205, 0.139623)
[2026-09-28 02:03:13.488] [INF] [default] [TitleBar.cpp:165 in Update] -> (0.990249, 0.139306)
[2026-09-28 02:03:13.498] [INF] [default] [TitleBar.cpp:165 in Update] -> (0.990305, 0.138912)
[2026-09-28 02:03:13.499] [INF] [default] [TitleBar.cpp:165 in Update] -> (0.990294, 0.138989)
[2026-09-28 02:03:13.502] [INF] [default] [TitleBar.cpp:165 in Update] -> (0.99036, 0.138516)
[2026-09-28 02:03:13.510] [INF] [default] [TitleBar.cpp:165 in Update] -> (0.990394, 0.138273)
[2026-09-28 02:03:13.513] [INF] [default] [TitleBar.cpp:165 in Update] -> (0.990439, 0.137952)
[2026-09-28 02:03:13.516] [INF] [default] [TitleBar.cpp:165 in Update] -> (0.990439, 0.137952)
[2026-09-28 02:03:13.523] [INF] [default] [TitleBar.cpp:165 in Update] -> (0.990505, 0.137476)
[2026-09-28 02:03:13.529] [INF] [default] [TitleBar.cpp:165 in Update] -> (0.99055, 0.137153)
[2026-09-28 02:03:13.531] [INF] [default] [TitleBar.cpp:165 in Update] -> (0.99055, 0.137153)
[2026-09-28 02:03:13.537] [INF] [default] [TitleBar.cpp:165 in Update] -> (0.990518, 0.137383)
[2026-09-28 02:03:13.543] [INF] [default] [TitleBar.cpp:165 in Update] -> (0.990563, 0.137059)
[2026-09-28 02:03:13.547] [INF] [default] [TitleBar.cpp:165 in Update] -> (0.990629, 0.13658)
[2026-09-28 02:03:13.551] [INF] [default] [TitleBar.cpp:165 in Update] -> (0.990629, 0.13658)
[2026-09-28 02:03:14.248] [INF] [default] [TitleBar.cpp:165 in Update] -> (0.990608, 0.136733)
[2026-09-28 02:03:14.255] [INF] [default] [TitleBar.cpp:165 in Update] -> (0.949706, 0.313143)
[2026-09-28 02:03:14.262] [INF] [default] [TitleBar.cpp:165 in Update] -> (0.950654, 0.310253)
[2026-09-28 02:03:14.269] [INF] [default] [TitleBar.cpp:165 in Update] -> (0.951537, 0.307535)
[2026-09-28 02:03:14.276] [INF] [default] [TitleBar.cpp:165 in Update] -> (0.952045, 0.305957)
[2026-09-28 02:03:14.279] [INF] [default] [TitleBar.cpp:165 in Update] -> (0.952653, 0.304061)
[2026-09-28 02:03:14.283] [INF] [default] [TitleBar.cpp:165 in Update] -> (0.952653, 0.304061)
[2026-09-28 02:03:14.290] [INF] [default] [TitleBar.cpp:165 in Update] -> (0.953156, 0.302479)
[2026-09-28 02:03:14.296] [INF] [default] [TitleBar.cpp:165 in Update] -> (0.953502, 0.301385)
[2026-09-28 02:03:14.298] [INF] [default] [TitleBar.cpp:165 in Update] -> (0.953502, 0.301385)
[2026-09-28 02:03:14.304] [INF] [default] [TitleBar.cpp:165 in Update] -> (0.954301, 0.298848)
[2026-09-28 02:03:14.310] [INF] [default] [TitleBar.cpp:165 in Update] -> (0.95479, 0.297281)
[2026-09-28 02:03:14.312] [INF] [default] [TitleBar.cpp:165 in Update] -> (0.955321, 0.295569)
[2026-09-28 02:03:14.318] [INF] [default] [TitleBar.cpp:165 in Update] -> (0.955321, 0.295569)
[2026-09-28 02:03:14.325] [INF] [default] [TitleBar.cpp:165 in Update] -> (0.955802, 0.294012)
[2026-09-28 02:03:14.329] [INF] [default] [TitleBar.cpp:165 in Update] -> (0.956278, 0.292459)
[2026-09-28 02:03:14.331] [INF] [default] [TitleBar.cpp:165 in Update] -> (0.956278, 0.292459)
[2026-09-28 02:03:14.339] [INF] [default] [TitleBar.cpp:165 in Update] -> (0.956706, 0.291057)
[2026-09-28 02:03:14.346] [INF] [default] [TitleBar.cpp:165 in Update] -> (0.956941, 0.290284)
[2026-09-28 02:03:14.348] [INF] [default] [TitleBar.cpp:165 in Update] -> (0.956941, 0.290284)
[2026-09-28 02:03:14.352] [INF] [default] [TitleBar.cpp:165 in Update] -> (0.957218, 0.289367)
[2026-09-28 02:03:14.359] [INF] [default] [TitleBar.cpp:165 in Update] -> (0.957306, 0.289077)
[2026-09-28 02:03:14.363] [INF] [default] [TitleBar.cpp:165 in Update] -> (0.957725, 0.287684)
[2026-09-28 02:03:14.367] [INF] [default] [TitleBar.cpp:165 in Update] -> (0.957725, 0.287684)
[2026-09-28 02:03:14.374] [INF] [default] [TitleBar.cpp:165 in Update] -> (0.957913, 0.28706)
[2026-09-28 02:03:14.379] [INF] [default] [TitleBar.cpp:165 in Update] -> (0.958142, 0.286293)
[2026-09-28 02:03:14.381] [INF] [default] [TitleBar.cpp:165 in Update] -> (0.958142, 0.286293)
[2026-09-28 02:03:14.387] [INF] [default] [TitleBar.cpp:165 in Update] -> (0.958556, 0.284905)
[2026-09-28 02:03:14.393] [INF] [default] [TitleBar.cpp:165 in Update] -> (0.958598, 0.284763)
[2026-09-28 02:03:14.396] [INF] [default] [TitleBar.cpp:165 in Update] -> (0.958782, 0.284142)
[2026-09-28 02:03:14.402] [INF] [default] [TitleBar.cpp:165 in Update] -> (0.958782, 0.284142)
[2026-09-28 02:03:14.408] [INF] [default] [TitleBar.cpp:165 in Update] -> (0.958866, 0.283858)
[2026-09-28 02:03:14.412] [INF] [default] [TitleBar.cpp:165 in Update] -> (0.959191, 0.282758)
[2026-09-28 02:03:14.416] [INF] [default] [TitleBar.cpp:165 in Update] -> (0.959191, 0.282758)
[2026-09-28 02:03:14.422] [INF] [default] [TitleBar.cpp:165 in Update] -> (0.959332, 0.282279)
[2026-09-28 02:03:14.430] [INF] [default] [TitleBar.cpp:165 in Update] -> (0.959556, 0.281518)
[2026-09-28 02:03:14.437] [INF] [default] [TitleBar.cpp:165 in Update] -> (0.959597, 0.281378)
[2026-09-28 02:03:14.444] [INF] [default] [TitleBar.cpp:165 in Update] -> (0.959877, 0.280419)
[2026-09-28 02:03:14.446] [INF] [default] [TitleBar.cpp:165 in Update] -> (0.960099, 0.279661)
[2026-09-28 02:03:14.451] [INF] [default] [TitleBar.cpp:165 in Update] -> (0.960099, 0.279661)
[2026-09-28 02:03:14.457] [INF] [default] [TitleBar.cpp:165 in Update] -> (0.960279, 0.279042)
[2026-09-28 02:03:14.463] [INF] [default] [TitleBar.cpp:165 in Update] -> (0.960458, 0.278424)
[2026-09-28 02:03:14.465] [INF] [default] [TitleBar.cpp:165 in Update] -> (0.960458, 0.278424)
[2026-09-28 02:03:14.471] [INF] [default] [TitleBar.cpp:165 in Update] -> (0.960597, 0.277945)
[2026-09-28 02:03:14.478] [INF] [default] [TitleBar.cpp:165 in Update] -> (0.960637, 0.277806)
[2026-09-28 02:03:14.480] [INF] [default] [TitleBar.cpp:165 in Update] -> (0.960914, 0.276847)
[2026-09-28 02:03:14.485] [INF] [default] [TitleBar.cpp:165 in Update] -> (0.960914, 0.276847)
[2026-09-28 02:03:14.495] [INF] [default] [TitleBar.cpp:165 in Update] -> (0.961092, 0.27623)
[2026-09-28 02:03:14.499] [INF] [default] [TitleBar.cpp:165 in Update] -> (0.961092, 0.27623)
[2026-09-28 02:03:14.506] [INF] [default] [TitleBar.cpp:165 in Update] -> (0.961229, 0.27575)
[2026-09-28 02:03:14.513] [INF] [default] [TitleBar.cpp:165 in Update] -> (0.961269, 0.275612)
[2026-09-28 02:03:14.515] [INF] [default] [TitleBar.cpp:165 in Update] -> (0.961269, 0.275612)
[2026-09-28 02:03:14.519] [INF] [default] [TitleBar.cpp:165 in Update] -> (0.961406, 0.275132)
[2026-09-28 02:03:14.527] [INF] [default] [TitleBar.cpp:165 in Update] -> (0.961544, 0.274653)
[2026-09-28 02:03:14.529] [INF] [default] [TitleBar.cpp:165 in Update] -> (0.96172, 0.274036)
[2026-09-28 02:03:14.541] [INF] [default] [TitleBar.cpp:165 in Update] -> (0.96172, 0.274036)
[2026-09-28 02:03:14.546] [INF] [default] [TitleBar.cpp:165 in Update] -> (0.961895, 0.273419)
[2026-09-28 02:03:14.548] [INF] [default] [TitleBar.cpp:165 in Update] -> (0.961895, 0.273419)
[2026-09-28 02:03:14.554] [INF] [default] [TitleBar.cpp:165 in Update] -> (0.962031, 0.272939)
[2026-09-28 02:03:14.562] [INF] [default] [TitleBar.cpp:165 in Update] -> (0.962168, 0.272458)
[2026-09-28 02:03:14.563] [INF] [default] [TitleBar.cpp:165 in Update] -> (0.962303, 0.271978)
[2026-09-28 02:03:14.569] [INF] [default] [TitleBar.cpp:165 in Update] -> (0.962303, 0.271978)
[2026-09-28 02:03:14.579] [INF] [default] [TitleBar.cpp:165 in Update] -> (0.962477, 0.271362)
[2026-09-28 02:03:14.582] [INF] [default] [TitleBar.cpp:165 in Update] -> (0.962477, 0.271362)
[2026-09-28 02:03:14.590] [INF] [default] [TitleBar.cpp:165 in Update] -> (0.962613, 0.270881)
[2026-09-28 02:03:14.596] [INF] [default] [TitleBar.cpp:165 in Update] -> (0.962786, 0.270265)
[2026-09-28 02:03:14.603] [INF] [default] [TitleBar.cpp:165 in Update] -> (0.962786, 0.270265)
[2026-09-28 02:03:14.613] [INF] [default] [TitleBar.cpp:165 in Update] -> (0.962921, 0.269784)
[2026-09-28 02:03:14.617] [INF] [default] [TitleBar.cpp:165 in Update] -> (0.962921, 0.269784)
[2026-09-28 02:03:14.629] [INF] [default] [TitleBar.cpp:165 in Update] -> (0.963056, 0.269303)
[2026-09-28 02:03:14.639] [INF] [default] [TitleBar.cpp:165 in Update] -> (0.963056, 0.269303)
[2026-09-28 02:03:14.646] [INF] [default] [TitleBar.cpp:165 in Update] -> (0.96319, 0.268821)
[2026-09-28 02:03:14.662] [INF] [default] [TitleBar.cpp:165 in Update] -> (0.96319, 0.268821)
[2026-09-28 02:03:14.679] [INF] [default] [TitleBar.cpp:165 in Update] -> (0.96319, 0.268821)
[2026-09-28 02:03:14.680] [INF] [default] [TitleBar.cpp:165 in Update] -> (0.96319, 0.268821)
[2026-09-28 02:03:14.696] [INF] [default] [TitleBar.cpp:165 in Update] -> (0.963324, 0.26834)
[2026-09-28 02:03:14.701] [INF] [default] [TitleBar.cpp:165 in Update] -> (0.963324, 0.26834)
[2026-09-28 02:03:14.712] [INF] [default] [TitleBar.cpp:165 in Update] -> (0.963458, 0.267858)
[2026-09-28 02:03:14.729] [INF] [default] [TitleBar.cpp:165 in Update] -> (0.963458, 0.267858)
[2026-09-28 02:03:14.743] [INF] [default] [TitleBar.cpp:165 in Update] -> (0.963458, 0.267858)
[2026-09-28 02:03:14.746] [INF] [default] [TitleBar.cpp:165 in Update] -> (0.963421, 0.267992)
[2026-09-28 02:03:14.757] [INF] [default] [TitleBar.cpp:165 in Update] -> (0.963421, 0.267992)
[2026-09-28 02:03:14.762] [INF] [default] [TitleBar.cpp:165 in Update] -> (0.963384, 0.268126)
[2026-09-28 02:03:14.763] [INF] [default] [TitleBar.cpp:165 in Update] -> (0.963384, 0.268126)
[2026-09-28 02:03:14.771] [INF] [default] [TitleBar.cpp:165 in Update] -> (0.963174, 0.268878)
[2026-09-28 02:03:14.778] [INF] [default] [TitleBar.cpp:165 in Update] -> (0.963002, 0.269495)
[2026-09-28 02:03:14.780] [INF] [default] [TitleBar.cpp:165 in Update] -> (0.962791, 0.270248)
[2026-09-28 02:03:14.785] [INF] [default] [TitleBar.cpp:165 in Update] -> (0.962791, 0.270248)
[2026-09-28 02:03:14.792] [INF] [default] [TitleBar.cpp:165 in Update] -> (0.962676, 0.270655)
[2026-09-28 02:03:14.796] [INF] [default] [TitleBar.cpp:165 in Update] -> (0.962327, 0.271894)
[2026-09-28 02:03:14.799] [INF] [default] [TitleBar.cpp:165 in Update] -> (0.962327, 0.271894)
[2026-09-28 02:03:14.806] [INF] [default] [TitleBar.cpp:165 in Update] -> (0.962074, 0.272788)
